date,stock_id,open,max,min,close,Trading_Volume,ma5,ma10,ma20
2026-02-23,2330,1900.0,1935.0,1900.0,1900.0,80768993,,,
2026-02-24,2330,1915.0,1975.0,1915.0,1965.0,44316733,,,
2026-02-25,2330,1995.0,2025.0,1995.0,2015.0,47398835,,,
2026-02-26,2330,2000.0,2010.0,1995.0,1995.0,74411249,,,
2026-03-02,2330,1940.0,1995.0,1940.0,1975.0,57404594,1970.0,,
2026-03-03,2330,1970.0,1980.0,1935.0,1935.0,54577298,1977.0,,
2026-03-04,2330,1895.0,1910.0,1865.0,1865.0,84647010,1957.0,,
2026-03-05,2330,1940.0,1960.0,1895.0,1900.0,56489914,1934.0,,
2026-03-06,2330,1880.0,1900.0,1880.0,1890.0,34307388,1913.0,,
2026-03-09,2330,1775.0,1810.0,1770.0,1810.0,94441296,1880.0,1925.0,
2026-03-10,2330,1870.0,1890.0,1830.0,1850.0,46926862,1863.0,1920.0,
2026-03-11,2330,1885.0,1950.0,1875.0,1940.0,39238328,1878.0,1917.5,
2026-03-12,2330,1900.0,1915.0,1885.0,1885.0,40662382,1875.0,1904.5,
2026-03-13,2330,1840.0,1885.0,1840.0,1865.0,36317450,1870.0,1891.5,
2026-03-16,2330,1875.0,1880.0,1845.0,1845.0,35401289,1877.0,1878.5,
2026-03-17,2330,1875.0,1880.0,1860.0,1870.0,26754183,1881.0,1872.0,
2026-03-18,2330,1900.0,1910.0,1890.0,1905.0,25694925,1874.0,1876.0,
2026-03-19,2330,1875.0,1880.0,1850.0,1850.0,38750629,1867.0,1871.0,
2026-03-20,2330,1860.0,1870.0,1840.0,1840.0,53705722,1862.0,1866.0,
2026-03-23,2330,1790.0,1815.0,1785.0,1810.0,41950478,1855.0,1866.0,1895.5
2026-03-24,2330,1850.0,1850.0,1800.0,1810.0,30569936,1843.0,1862.0,1891.0
2026-03-25,2330,1865.0,1875.0,1845.0,1845.0,46664345,1831.0,1852.5,1885.0
2026-03-26,2330,1850.0,1865.0,1840.0,1840.0,24634887,1829.0,1848.0,1876.25
2026-03-27,2330,1805.0,1825.0,1800.0,1820.0,33883223,1825.0,1843.5,1867.5
2026-03-30,2330,1780.0,1800.0,1780.0,1780.0,46272405,1819.0,1837.0,1857.75
2026-03-31,2330,1775.0,1790.0,1760.0,1760.0,75832456,1809.0,1826.0,1849.0
2026-04-01,2330,1840.0,1855.0,1830.0,1855.0,46457423,1811.0,1821.0,1848.5
2026-04-02,2330,1865.0,1865.0,1805.0,1810.0,29332490,1805.0,1817.0,1844.0
2026-04-07,2330,1850.0,1860.0,1835.0,1860.0,19895445,1813.0,1819.0,1842.5
2026-04-08,2330,1935.0,1950.0,1925.0,1950.0,53813263,1847.0,1833.0,1849.5
2026-04-09,2330,1945.0,1955.0,1930.0,1955.0,36054784,1886.0,1847.5,1854.75
2026-04-10,2330,1975.0,2000.0,1970.0,2000.0,39096242,1915.0,1863.0,1857.75
2026-04-13,2330,1985.0,1995.0,1975.0,1990.0,31882568,1951.0,1878.0,1863.0
2026-04-14,2330,2015.0,2055.0,2010.0,2055.0,46188401,1990.0,1901.5,1872.5
2026-04-15,2330,2065.0,2100.0,2060.0,2080.0,46824833,2016.0,1931.5,1884.25
2026-04-16,2330,2080.0,2090.0,2055.0,2085.0,35974352,2042.0,1964.0,1895.0
2026-04-17,2330,2055.0,2060.0,2030.0,2030.0,44433257,2048.0,1981.5,1901.25
2026-04-20,2330,2030.0,2055.0,2025.0,2025.0,30566172,2055.0,2003.0,1910.0
2026-04-21,2330,2050.0,2075.0,2045.0,2050.0,28055761,2054.0,2022.0,1920.5
2026-04-22,2330,2045.0,2070.0,2040.0,2050.0,27457065,2048.0,2032.0,1932.5
2026-04-23,2330,2090.0,2135.0,2055.0,2080.0,54918117,2047.0,2044.5,1946.0
2026-04-24,2330,2110.0,2190.0,2105.0,2185.0,52391785,2078.0,2063.0,1963.0
2026-04-27,2330,2280.0,2330.0,2265.0,2265.0,79778277,2126.0,2090.5,1984.25
2026-04-28,2330,2245.0,2280.0,2215.0,2215.0,57336004,2159.0,2106.5,2004.0
2026-04-29,2330,2175.0,2210.0,2165.0,2180.0,49147402,2185.0,2116.5,2024.0
2026-04-30,2330,2205.0,2215.0,2135.0,2135.0,59584011,2196.0,2121.5,2042.75
2026-05-04,2330,2200.0,2285.0,2195.0,2275.0,44458732,2214.0,2146.0,2063.75
2026-05-05,2330,2250.0,2270.0,2240.0,2250.0,26644983,2211.0,2168.5,2085.75
2026-05-06,2330,2250.0,2285.0,2240.0,2250.0,38026963,2218.0,2188.5,2105.25
2026-05-07,2330,2335.0,2345.0,2310.0,2310.0,41966283,2244.0,2214.5,2123.25
2026-05-08,2330,2300.0,2310.0,2265.0,2290.0,31730352,2275.0,2235.5,2140.0
2026-05-11,2330,2265.0,2275.0,2235.0,2235.0,46172626,2267.0,2240.5,2151.75
2026-05-12,2330,2235.0,2280.0,2210.0,2255.0,54239538,2268.0,2239.5,2165.0
2026-05-13,2330,2205.0,2240.0,2205.0,2220.0,43727683,2262.0,2240.0,2173.25
2026-05-14,2330,2250.0,2270.0,2230.0,2270.0,39564699,2254.0,2249.0,2182.75
2026-05-15,2330,2310.0,2325.0,2250.0,2265.0,34360513,2249.0,2262.0,2191.75
2026-05-18,2330,2225.0,2260.0,2215.0,2240.0,32966937,2250.0,2258.5,2202.25
2026-05-19,2330,2220.0,2230.0,2205.0,2205.0,45585931,2240.0,2254.0,2211.25
2026-05-20,2330,2205.0,2210.0,2185.0,2185.0,38332945,2233.0,2247.5,2218.0
2026-05-21,2330,2240.0,2255.0,2230.0,2230.0,24929331,2225.0,2239.5,2227.0
2026-05-22,2330,2245.0,2260.0,2225.0,2255.0,26823133,2223.0,2236.0,2235.75
2026-05-25,2330,2275.0,2310.0,2275.0,2310.0,28250944,2237.0,2243.5,2242.0
2026-05-26,2330,2320.0,2325.0,2270.0,2270.0,32781470,2250.0,2245.0,2242.25
2026-05-27,2330,2310.0,2330.0,2290.0,2300.0,40272350,2273.0,2253.0,2246.5
2026-05-28,2330,2350.0,2360.0,2270.0,2295.0,42313277,2286.0,2255.5,2252.25
2026-05-29,2330,2340.0,2375.0,2330.0,2355.0,104783831,2306.0,2264.5,2263.25
2026-06-01,2330,2355.0,2415.0,2350.0,2355.0,60942792,2315.0,2276.0,2267.25
2026-06-02,2330,2390.0,2400.0,2360.0,2380.0,41532527,2337.0,2293.5,2273.75
2026-06-03,2330,2425.0,2440.0,2410.0,2425.0,29219904,2362.0,2317.5,2282.5
2026-06-04,2330,2385.0,2415.0,2385.0,2385.0,32542948,2380.0,2333.0,2286.25
2026-06-05,2330,2395.0,2405.0,2350.0,2365.0,43403895,2382.0,2344.0,2290.0
2026-06-08,2330,2230.0,2320.0,2230.0,2295.0,52273858,2370.0,2342.5,2293.0
2026-06-09,2330,2305.0,2320.0,2295.0,2305.0,38847544,2355.0,2346.0,2295.5
2026-06-10,2330,2285.0,2300.0,2255.0,2255.0,54194021,2321.0,2341.5,2297.25
2026-06-11,2330,2240.0,2260.0,2210.0,2250.0,46417523,2294.0,2337.0,2296.25
2026-06-12,2330,2325.0,2325.0,2290.0,2310.0,26306885,2283.0,2332.5,2298.5
2026-06-15,2330,2360.0,2375.0,2345.0,2375.0,30228535,2299.0,2334.5,2305.25
2026-06-16,2330,2375.0,2400.0,2350.0,2400.0,37145708,2318.0,2336.5,2315.0
2026-06-17,2330,2355.0,2385.0,2350.0,2385.0,30059393,2344.0,2332.5,2325.0
2026-06-18,2330,2395.0,2415.0,2385.0,2410.0,49982610,2376.0,2335.0,2334.0
2026-06-22,2330,2455.0,2510.0,2455.0,2510.0,45207883,2416.0,2349.5,2346.75
2026-06-23,2330,2510.0,2535.0,2490.0,2490.0,39537895,2439.0,2369.0,2355.75
2026-06-24,2330,2435.0,2445.0,2390.0,2390.0,67304477,2437.0,2377.5,2361.75
2026-06-25,2330,2410.0,2420.0,2390.0,2390.0,41099957,2438.0,2391.0,2366.25
2026-06-26,2330,2360.0,2370.0,2325.0,2340.0,53800344,2424.0,2400.0,2368.5
2026-06-29,2330,2330.0,2395.0,2330.0,2370.0,38133782,2396.0,2406.0,2369.25
2026-06-30,2330,2440.0,2475.0,2410.0,2410.0,49540227,2380.0,2409.5,2372.0
2026-07-01,2330,2495.0,2505.0,2475.0,2505.0,37544470,2403.0,2420.0,2378.25
2026-07-02,2330,2450.0,2480.0,2445.0,2465.0,35919290,2418.0,2428.0,2380.25
2026-07-03,2330,2415.0,2465.0,2415.0,2445.0,32905868,2439.0,2431.5,2383.25
2026-07-06,2330,2465.0,2500.0,2455.0,2460.0,21041918,2457.0,2426.5,2388.0
2026-07-07,2330,2480.0,2500.0,2440.0,2440.0,31400854,2463.0,2421.5,2395.25
2026-07-08,2330,2445.0,2465.0,2420.0,2465.0,25519599,2455.0,2429.0,2403.25
2026-07-09,2330,2450.0,2460.0,2415.0,2415.0,34681018,2445.0,2431.5,2411.25
2026-07-13,2330,2460.0,2480.0,2440.0,2440.0,35310380,2444.0,2441.5,2420.75
2026-07-14,2330,2410.0,2430.0,2390.0,2420.0,42857055,2436.0,2446.5,2426.25
2026-07-15,2330,2425.0,2460.0,2415.0,2440.0,33665566,2436.0,2449.5,2429.5
2026-07-16,2330,2430.0,2470.0,2420.0,2470.0,30538604,2437.0,2446.0,2433.0
2026-07-17,2330,2375.0,2395.0,2290.0,2290.0,97362670,2412.0,2428.5,2428.25
2026-07-20,2330,2300.0,2345.0,2300.0,2320.0,55790346,2388.0,2416.0,2423.75
2026-07-21,2330,2350.0,2410.0,2345.0,2410.0,31605663,2386.0,2411.0,2418.75
2026-07-22,2330,2440.0,2445.0,2385.0,2400.0,31653123,2378.0,2407.0,2414.25
2026-07-23,2330,2385.0,2405.0,2370.0,2405.0,28001492,2365.0,2401.0,2415.0
2026-07-24,2330,2355.0,2365.0,2345.0,2350.0,24810509,2377.0,2394.5,2413.0
2026-07-27,2330,2330.0,2365.0,2330.0,2350.0,28939466,2383.0,2385.5,2413.5
2026-07-28,2330,2270.0,2305.0,2270.0,2280.0,45333029,2357.0,2371.5,2409.0
2026-07-29,2330,2260.0,2280.0,2180.0,2200.0,68139691,2317.0,2347.5,2398.5
2026-07-30,2330,2205.0,2260.0,2190.0,2205.0,51372177,2277.0,2321.0,2383.5
2026-07-31,2330,2350.0,2425.0,2345.0,2425.0,69478145,2292.0,2334.5,2381.5
2026-08-03,2330,2390.0,2395.0,2365.0,2370.0,35209944,2296.0,2339.5,2377.75
2026-08-04,2330,2335.0,2360.0,2310.0,2320.0,41021199,2304.0,2330.5,2370.75
2026-08-05,2330,2385.0,2415.0,2370.0,2405.0,36782301,2345.0,2331.0,2369.0
2026-08-06,2330,2395.0,2395.0,2360.0,2365.0,25536816,2377.0,2327.0,2364.0
2026-08-07,2330,2390.0,2395.0,2355.0,2370.0,24414025,2366.0,2329.0,2361.75
2026-08-10,2330,2390.0,2410.0,2380.0,2380.0,21498241,2368.0,2332.0,2358.75
2026-08-11,2330,2390.0,2405.0,2375.0,2395.0,18247582,2383.0,2343.5,2357.5
2026-08-12,2330,2405.0,2415.0,2390.0,2415.0,19448153,2385.0,2365.0,2356.25
2026-08-13,2330,2440.0,2445.0,2425.0,2435.0,26233385,2399.0,2388.0,2354.5
2026-08-14,2330,2435.0,2440.0,2395.0,2395.0,21162682,2404.0,2385.0,2359.75
2026-08-17,2330,2410.0,2420.0,2390.0,2400.0,13482456,2408.0,2388.0,2363.75
2026-08-18,2330,2415.0,2415.0,2375.0,2380.0,19997213,2405.0,2394.0,2362.25
2026-08-19,2330,2340.0,2355.0,2335.0,2350.0,23618612,2392.0,2388.5,2359.75
2026-08-20,2330,2365.0,2375.0,2350.0,2375.0,16967737,2380.0,2389.5,2358.25
2026-08-21,2330,2375.0,2410.0,2365.0,2410.0,18922480,2383.0,2393.5,2361.25
2026-08-24,2330,2410.0,2410.0,2375.0,2375.0,13073210,2378.0,2393.0,2362.5
2026-08-25,2330,2355.0,2400.0,2350.0,2400.0,13538447,2382.0,2393.5,2368.5
2026-08-26,2330,2375.0,2425.0,2375.0,2415.0,19467241,2395.0,2393.5,2379.25
2026-08-27,2330,2430.0,2435.0,2410.0,2410.0,19214481,2402.0,2391.0,2389.5
2026-08-28,2330,2440.0,2445.0,2410.0,2420.0,15025832,2404.0,2393.5,2389.25
2026-08-31,2330,2395.0,2405.0,2375.0,2405.0,32792740,2410.0,2394.0,2391.0
2026-09-01,2330,2395.0,2440.0,2390.0,2440.0,31855287,2418.0,2400.0,2397.0
2026-09-02,2330,2415.0,2420.0,2385.0,2385.0,25151394,2412.0,2403.5,2396.0
2026-09-03,2330,2385.0,2400.0,2380.0,2390.0,14252351,2408.0,2405.0,2397.25
2026-09-04,2330,2415.0,2415.0,2390.0,2410.0,14102018,2406.0,2405.0,2399.25
2026-09-07,2330,2435.0,2460.0,2430.0,2460.0,26898329,2417.0,2413.5,2403.25
2026-09-08,2330,2465.0,2505.0,2460.0,2470.0,28931697,2423.0,2420.5,2407.0
2026-09-09,2330,2480.0,2490.0,2460.0,2465.0,17798845,2439.0,2425.5,2409.5
2026-09-10,2330,2445.0,2455.0,2435.0,2450.0,19835796,2451.0,2429.5,2410.25
2026-09-11,2330,2430.0,2430.0,2405.0,2410.0,21131357,2451.0,2428.5,2411.0
2026-09-14,2330,2385.0,2395.0,2380.0,2380.0,21520958,2435.0,2426.0,2410.0
2026-09-15,2330,2405.0,2405.0,2380.0,2385.0,15215752,2418.0,2420.5,2410.25
2026-09-16,2330,2375.0,2395.0,2375.0,2380.0,20919285,2401.0,2420.0,2411.75
2026-09-17,2330,2405.0,2445.0,2400.0,2425.0,18116974,2396.0,2423.5,2414.25
2026-09-18,2330,2460.0,2460.0,2435.0,2460.0,40892688,2406.0,2428.5,2416.75
2026-09-21,2330,2445.0,2485.0,2445.0,2480.0,16086510,2426.0,2430.5,2422.0
2026-09-22,2330,2505.0,2510.0,2460.0,2460.0,22009927,2441.0,2429.5,2425.0
2026-09-23,2330,2475.0,2505.0,2475.0,2500.0,22817873,2465.0,2433.0,2429.25
2026-09-24,2330,2480.0,2490.0,2470.0,2475.0,14557662,2475.0,2435.5,2432.5
2026-02-23,2454,1880.0,1880.0,1790.0,1795.0,17358721,,,
2026-02-24,2454,1810.0,1825.0,1795.0,1825.0,7063638,,,
2026-02-25,2454,1840.0,1870.0,1830.0,1870.0,8467982,,,
2026-02-26,2454,1895.0,1975.0,1850.0,1945.0,14552360,,,
2026-03-02,2454,1945.0,1945.0,1880.0,1900.0,9622026,1867.0,,
2026-03-03,2454,1900.0,1910.0,1815.0,1815.0,11048054,1871.0,,
2026-03-04,2454,1760.0,1780.0,1715.0,1720.0,12334830,1850.0,,
2026-03-05,2454,1760.0,1800.0,1750.0,1775.0,8337045,1831.0,,
2026-03-06,2454,1745.0,1790.0,1735.0,1765.0,4669229,1795.0,,
2026-03-09,2454,1620.0,1665.0,1610.0,1665.0,12529102,1748.0,1807.5,
2026-03-10,2454,1730.0,1730.0,1685.0,1705.0,5620606,1726.0,1798.5,
2026-03-11,2454,1760.0,1780.0,1720.0,1765.0,6109945,1735.0,1792.5,
2026-03-12,2454,1745.0,1815.0,1735.0,1785.0,6611202,1737.0,1784.0,
2026-03-13,2454,1730.0,1745.0,1720.0,1720.0,7254798,1728.0,1761.5,
2026-03-16,2454,1720.0,1740.0,1710.0,1710.0,4716006,1737.0,1742.5,
2026-03-17,2454,1730.0,1740.0,1715.0,1730.0,4685106,1742.0,1734.0,
2026-03-18,2454,1730.0,1745.0,1725.0,1730.0,6292375,1735.0,1735.0,
2026-03-19,2454,1700.0,1705.0,1665.0,1680.0,8011625,1714.0,1725.5,
2026-03-20,2454,1685.0,1715.0,1655.0,1700.0,8267553,1710.0,1719.0,
2026-03-23,2454,1630.0,1645.0,1600.0,1625.0,7225878,1693.0,1715.0,1761.25
2026-03-24,2454,1655.0,1665.0,1600.0,1620.0,5766587,1671.0,1706.5,1752.5
2026-03-25,2454,1665.0,1665.0,1620.0,1620.0,6144537,1649.0,1692.0,1742.25
2026-03-26,2454,1610.0,1640.0,1590.0,1590.0,7833984,1631.0,1672.5,1728.25
2026-03-27,2454,1560.0,1585.0,1545.0,1585.0,7673536,1608.0,1659.0,1710.25
2026-03-30,2454,1540.0,1555.0,1505.0,1510.0,8234525,1585.0,1639.0,1690.75
2026-03-31,2454,1525.0,1540.0,1490.0,1490.0,11429002,1559.0,1615.0,1674.5
2026-04-01,2454,1550.0,1550.0,1460.0,1465.0,11745526,1528.0,1588.5,1661.75
2026-04-02,2454,1500.0,1510.0,1445.0,1465.0,9301597,1503.0,1567.0,1646.25
2026-04-07,2454,1480.0,1480.0,1430.0,1470.0,7645561,1480.0,1544.0,1631.5
2026-04-08,2454,1520.0,1585.0,1505.0,1580.0,14575742,1494.0,1539.5,1627.25
2026-04-09,2454,1600.0,1600.0,1550.0,1575.0,8422977,1511.0,1535.0,1620.75
2026-04-10,2454,1600.0,1605.0,1570.0,1575.0,5738781,1533.0,1530.5,1611.25
2026-04-13,2454,1645.0,1665.0,1620.0,1620.0,9234745,1564.0,1533.5,1603.0
2026-04-14,2454,1645.0,1745.0,1640.0,1720.0,12902742,1614.0,1547.0,1603.0
2026-04-15,2454,1805.0,1845.0,1770.0,1790.0,22780413,1656.0,1575.0,1607.0
2026-04-16,2454,1850.0,1930.0,1810.0,1895.0,17931934,1720.0,1615.5,1615.25
2026-04-17,2454,1930.0,1955.0,1885.0,1925.0,16759982,1790.0,1661.5,1625.0
2026-04-20,2454,1960.0,1965.0,1895.0,1900.0,11656022,1846.0,1705.0,1636.0
2026-04-21,2454,1930.0,2090.0,1925.0,2090.0,19459855,1920.0,1767.0,1655.5
2026-04-22,2454,2120.0,2295.0,2110.0,2295.0,24343038,2021.0,1838.5,1689.0
2026-04-23,2454,2325.0,2335.0,2170.0,2215.0,29760982,2085.0,1902.5,1718.75
2026-04-24,2454,2340.0,2435.0,2330.0,2435.0,22985015,2187.0,1988.5,1759.5
2026-04-27,2454,2470.0,2575.0,2410.0,2435.0,25538897,2294.0,2070.0,1801.75
2026-04-28,2454,2490.0,2675.0,2485.0,2615.0,24314216,2399.0,2159.5,1853.25
2026-04-29,2454,2550.0,2595.0,2500.0,2575.0,13156720,2455.0,2238.0,1906.5
2026-04-30,2454,2665.0,2685.0,2565.0,2610.0,17532158,2534.0,2309.5,1962.5
2026-05-04,2454,2870.0,2870.0,2870.0,2870.0,4019865,2621.0,2404.0,2032.75
2026-05-05,2454,3155.0,3155.0,3155.0,3155.0,10091886,2765.0,2529.5,2117.25
2026-05-06,2454,3470.0,3470.0,3155.0,3430.0,39638460,2928.0,2663.5,2215.25
2026-05-07,2454,3430.0,3430.0,3295.0,3420.0,8465341,3097.0,2776.0,2307.25
2026-05-08,2454,3320.0,3670.0,3320.0,3630.0,9525653,3301.0,2917.5,2410.0
2026-05-11,2454,3575.0,3985.0,3565.0,3880.0,8690923,3503.0,3062.0,2525.25
2026-05-12,2454,3835.0,3910.0,3700.0,3700.0,11090404,3612.0,3188.5,2629.25
2026-05-13,2454,3625.0,3680.0,3400.0,3495.0,9694046,3625.0,3276.5,2718.0
2026-05-14,2454,3585.0,3590.0,3385.0,3405.0,7103890,3622.0,3359.5,2798.75
2026-05-15,2454,3425.0,3555.0,3200.0,3260.0,7341025,3548.0,3424.5,2867.0
2026-05-18,2454,3240.0,3550.0,3150.0,3400.0,7040537,3452.0,3477.5,2940.75
2026-05-19,2454,3475.0,3495.0,3100.0,3155.0,10055471,3343.0,3477.5,3003.5
2026-05-20,2454,3195.0,3350.0,3155.0,3230.0,9296108,3290.0,3457.5,3060.5
2026-05-21,2454,3415.0,3550.0,3405.0,3550.0,5983092,3319.0,3470.5,3123.25
2026-05-22,2454,3765.0,3880.0,3675.0,3860.0,20839466,3439.0,3493.5,3205.5
2026-05-25,2454,4245.0,4245.0,4245.0,4245.0,4616291,3608.0,3530.0,3296.0
2026-05-26,2454,4375.0,4440.0,4180.0,4265.0,19540872,3830.0,3586.5,3387.5
2026-05-27,2454,4475.0,4690.0,4450.0,4640.0,18260840,4112.0,3701.0,3488.75
2026-05-28,2454,4620.0,4685.0,4270.0,4410.0,16433052,4284.0,3801.5,3580.5
2026-05-29,2454,4460.0,4485.0,4235.0,4310.0,23109791,4374.0,3906.5,3665.5
2026-06-01,2454,4440.0,4710.0,4440.0,4555.0,20083897,4436.0,4022.0,3749.75
2026-06-02,2454,4970.0,4970.0,4380.0,4525.0,15626708,4488.0,4159.0,3818.25
2026-06-03,2454,4540.0,4650.0,4420.0,4545.0,10480184,4469.0,4290.5,3874.0
2026-06-04,2454,4600.0,4685.0,4430.0,4430.0,11204169,4473.0,4378.5,3924.5
2026-06-05,2454,4360.0,4430.0,4130.0,4300.0,11919031,4471.0,4422.5,3958.0
2026-06-08,2454,3935.0,4090.0,3935.0,4070.0,16219464,4374.0,4405.0,3967.5
2026-06-09,2454,4180.0,4475.0,4130.0,4475.0,16487210,4364.0,4426.0,4006.25
2026-06-10,2454,4315.0,4520.0,4120.0,4155.0,17412956,4286.0,4377.5,4039.25
2026-06-11,2454,4085.0,4150.0,3880.0,4085.0,17556610,4217.0,4345.0,4073.25
2026-06-12,2454,4410.0,4415.0,4165.0,4180.0,8765007,4193.0,4332.0,4119.25
2026-06-15,2454,4355.0,4545.0,4350.0,4470.0,12014769,4273.0,4323.5,4172.75
2026-06-16,2454,4550.0,4565.0,4415.0,4560.0,11309893,4290.0,4327.0,4243.0
2026-06-17,2454,4495.0,4535.0,4380.0,4460.0,9197868,4351.0,4318.5,4304.5
2026-06-18,2454,4535.0,4590.0,4375.0,4390.0,12997743,4412.0,4314.5,4346.5
2026-06-22,2454,4385.0,4565.0,4380.0,4465.0,11596124,4469.0,4331.0,4376.75
2026-06-23,2454,4720.0,4785.0,4515.0,4535.0,18449972,4482.0,4377.5,4391.25
2026-06-24,2454,4480.0,4515.0,4225.0,4285.0,16421271,4427.0,4358.5,4392.25
2026-06-25,2454,4400.0,4445.0,4215.0,4310.0,10274439,4397.0,4374.0,4375.75
2026-06-26,2454,4150.0,4185.0,3880.0,3880.0,24916481,4295.0,4353.5,4349.25
2026-06-29,2454,3870.0,4000.0,3825.0,3910.0,11358316,4184.0,4326.5,4329.25
2026-06-30,2454,4145.0,4300.0,4060.0,4245.0,16095233,4126.0,4304.0,4313.75
2026-07-01,2454,4315.0,4380.0,4225.0,4335.0,10163517,4136.0,4281.5,4304.25
2026-07-02,2454,4200.0,4380.0,4150.0,4345.0,8544133,4143.0,4270.0,4294.25
2026-07-03,2454,4160.0,4230.0,4120.0,4195.0,12778372,4206.0,4250.5,4282.5
2026-07-06,2454,4250.0,4325.0,4110.0,4125.0,6897420,4249.0,4216.5,4273.75
2026-07-07,2454,4200.0,4250.0,3955.0,4030.0,9083409,4206.0,4166.0,4271.75
2026-07-08,2454,4000.0,4040.0,3955.0,3995.0,6728233,4138.0,4137.0,4247.75
2026-07-09,2454,3970.0,4050.0,3925.0,3925.0,7370647,4054.0,4098.5,4236.25
2026-07-13,2454,4095.0,4095.0,3825.0,3825.0,7033208,3980.0,4093.0,4223.25
2026-07-14,2454,3830.0,3860.0,3515.0,3660.0,12479607,3887.0,4068.0,4197.25
2026-07-15,2454,3790.0,3790.0,3665.0,3740.0,7313796,3829.0,4017.5,4160.75
2026-07-16,2454,3735.0,3755.0,3620.0,3700.0,6009689,3770.0,3954.0,4117.75
2026-07-17,2454,3470.0,3570.0,3370.0,3370.0,10967157,3659.0,3856.5,4063.25
2026-07-20,2454,3355.0,3435.0,3240.0,3340.0,9227986,3562.0,3771.0,4010.75
2026-07-21,2454,3435.0,3670.0,3410.0,3670.0,7741511,3564.0,3725.5,3971.0
2026-07-22,2454,4000.0,4000.0,3830.0,3850.0,13766807,3586.0,3707.5,3936.75
2026-07-23,2454,3950.0,4050.0,3850.0,3875.0,8514494,3621.0,3695.5,3916.25
2026-07-24,2454,3805.0,4010.0,3750.0,3750.0,8980102,3697.0,3678.0,3888.25
2026-07-27,2454,3655.0,3710.0,3525.0,3680.0,9134283,3765.0,3663.5,3878.25
2026-07-28,2454,3425.0,3460.0,3315.0,3315.0,11958794,3694.0,3629.0,3848.5
2026-07-29,2454,3315.0,3335.0,2990.0,3150.0,16174122,3554.0,3570.0,3793.75
2026-07-30,2454,3145.0,3410.0,3060.0,3235.0,14125689,3426.0,3523.5,3738.75
2026-07-31,2454,3555.0,3555.0,3555.0,3555.0,4033014,3387.0,3542.0,3699.25
2026-08-03,2454,3910.0,3910.0,3780.0,3910.0,7516212,3433.0,3599.0,3685.0
2026-08-04,2454,4095.0,4095.0,3800.0,3865.0,17318591,3543.0,3618.5,3672.0
2026-08-05,2454,4095.0,4125.0,3980.0,4000.0,12935125,3713.0,3633.5,3670.5
2026-08-06,2454,4100.0,4100.0,3905.0,3920.0,7213332,3850.0,3638.0,3666.75
2026-08-07,2454,3990.0,4010.0,3825.0,3900.0,6607003,3919.0,3653.0,3665.5
2026-08-10,2454,3920.0,3995.0,3915.0,3960.0,5872851,3929.0,3681.0,3672.25
2026-08-11,2454,3900.0,4050.0,3810.0,4020.0,7709240,3960.0,3751.5,3690.25
2026-08-12,2454,3950.0,4030.0,3950.0,4015.0,6018155,3963.0,3838.0,3704.0
2026-08-13,2454,4130.0,4295.0,4115.0,4225.0,12263926,4024.0,3937.0,3730.25
2026-08-14,2454,4400.0,4400.0,4205.0,4210.0,10696134,4086.0,4002.5,3772.25
2026-08-17,2454,4205.0,4225.0,4025.0,4050.0,10559715,4104.0,4016.5,3807.75
2026-08-18,2454,4020.0,4050.0,3885.0,3885.0,9323808,4077.0,4018.5,3818.5
2026-08-19,2454,3750.0,3910.0,3750.0,3845.0,7036521,4043.0,4003.0,3818.25
2026-08-20,2454,3820.0,3870.0,3675.0,3700.0,13213952,3938.0,3981.0,3809.5
2026-08-21,2454,3725.0,3810.0,3695.0,3790.0,6657464,3854.0,3970.0,3811.5
2026-08-24,2454,3820.0,3825.0,3745.0,3765.0,3321459,3797.0,3950.5,3815.75
2026-08-25,2454,3725.0,3735.0,3655.0,3735.0,5403340,3767.0,3922.0,3836.75
2026-08-26,2454,3730.0,3965.0,3710.0,3945.0,8370053,3787.0,3915.0,3876.5
2026-08-27,2454,4005.0,4005.0,3865.0,3865.0,5702912,3820.0,3879.0,3908.0
2026-08-28,2454,3935.0,4000.0,3925.0,3985.0,5064877,3859.0,3856.5,3929.5
2026-08-31,2454,3885.0,3945.0,3820.0,3925.0,7222243,3891.0,3844.0,3930.25
2026-09-01,2454,4315.0,4315.0,4315.0,4315.0,4931652,4007.0,3887.0,3952.75
2026-09-02,2454,4450.0,4565.0,4230.0,4275.0,23567252,4073.0,3930.0,3966.5
2026-09-03,2454,4400.0,4420.0,4290.0,4340.0,9510164,4168.0,3994.0,3987.5
2026-09-04,2454,4435.0,4490.0,4340.0,4415.0,9051589,4254.0,4056.5,4013.25
2026-09-07,2454,4500.0,4855.0,4485.0,4760.0,17178200,4421.0,4156.0,4053.25
2026-09-08,2454,4800.0,4830.0,4685.0,4710.0,6511906,4500.0,4253.5,4087.75
2026-09-09,2454,4780.0,4780.0,4625.0,4625.0,5400794,4570.0,4321.5,4118.25
2026-09-10,2454,4560.0,4730.0,4520.0,4720.0,6662243,4646.0,4407.0,4143.0
2026-09-11,2454,4635.0,4655.0,4535.0,4585.0,7591878,4680.0,4467.0,4161.75
2026-09-14,2454,4475.0,4650.0,4435.0,4560.0,6122500,4640.0,4530.5,4187.25
2026-09-15,2454,4505.0,4575.0,4430.0,4430.0,6209254,4584.0,4542.0,4214.5
2026-09-16,2454,4435.0,4625.0,4435.0,4530.0,6640865,4565.0,4567.5,4248.75
2026-09-17,2454,4565.0,4700.0,4500.0,4500.0,6495763,4521.0,4583.5,4288.75
2026-09-18,2454,4600.0,4735.0,4545.0,4710.0,10365174,4546.0,4613.0,4334.75
2026-09-21,2454,4800.0,5035.0,4780.0,5010.0,11237165,4636.0,4638.0,4397.0
2026-09-22,2454,5280.0,5480.0,5150.0,5180.0,12131543,4786.0,4685.0,4469.25
2026-09-23,2454,5220.0,5265.0,5140.0,5185.0,6430491,4917.0,4741.0,4531.25
2026-09-24,2454,5105.0,5360.0,5105.0,5285.0,7817443,5074.0,4797.5,4602.25
2026-02-23,2409,16.2,16.9,15.85,15.95,502786904,,,
2026-02-24,2409,15.95,16.4,15.8,16.35,253048735,,,
2026-02-25,2409,16.75,17.6,16.05,16.1,514513168,,,
2026-02-26,2409,16.25,16.8,15.95,16.6,260143767,,,
2026-03-02,2409,15.9,17.2,15.9,16.85,348697992,16.37,,
2026-03-03,2409,17.0,17.0,15.5,15.75,337400739,16.330000000000002,,
2026-03-04,2409,15.2,15.5,14.75,14.95,170774526,16.05,,
2026-03-05,2409,15.55,15.75,15.05,15.3,132447520,15.89,,
2026-03-06,2409,15.2,16.0,14.95,15.85,153938723,15.74,,
2026-03-09,2409,15.0,15.6,14.7,15.6,146884600,15.489999999999998,15.930000000000001,
2026-03-10,2409,15.95,16.2,15.35,15.7,192794084,15.479999999999999,15.905000000000001,
2026-03-11,2409,15.9,16.85,15.85,16.65,365665113,15.819999999999999,15.934999999999999,
2026-03-12,2409,16.75,18.0,16.65,17.25,596969740,16.21,16.05,
2026-03-13,2409,16.75,17.15,16.15,16.55,324520122,16.35,16.044999999999998,
2026-03-16,2409,16.55,16.6,15.4,15.7,251276745,16.369999999999997,15.930000000000001,
2026-03-17,2409,15.8,16.4,15.7,15.9,151158923,16.41,15.945000000000002,
2026-03-18,2409,16.2,16.4,15.65,16.2,144840416,16.32,16.07,
2026-03-19,2409,15.95,16.05,15.7,15.75,92579289,16.02,16.115000000000002,
2026-03-20,2409,15.9,15.95,15.4,15.6,90992642,15.829999999999998,16.089999999999996,
2026-03-23,2409,15.15,15.3,14.85,14.85,88089012,15.66,16.014999999999997,15.9725
2026-03-24,2409,15.2,15.25,14.55,14.65,75680952,15.41,15.91,15.907500000000002
2026-03-25,2409,15.05,15.2,14.8,15.0,55204862,15.169999999999998,15.745,15.84
2026-03-26,2409,15.1,15.3,14.75,14.8,58205039,14.98,15.5,15.775
2026-03-27,2409,14.6,14.75,14.3,14.4,76126658,14.74,15.285,15.665000000000001
2026-03-30,2409,14.0,14.3,14.0,14.3,45208931,14.63,15.145,15.5375
2026-03-31,2409,14.3,14.85,14.05,14.5,91827245,14.6,15.004999999999999,15.475
2026-04-01,2409,15.15,15.95,14.95,15.95,206249608,14.790000000000001,14.98,15.525
2026-04-02,2409,16.5,17.4,16.4,16.85,700945979,15.2,15.09,15.602499999999997
2026-04-07,2409,17.5,17.65,16.05,16.25,343798881,15.569999999999999,15.155000000000001,15.622499999999999
2026-04-08,2409,16.7,17.35,16.65,17.05,341826176,16.119999999999997,15.375,15.694999999999999
2026-04-09,2409,17.2,18.75,16.8,18.75,671934540,16.97,15.785000000000002,15.8475
2026-04-10,2409,19.4,19.5,17.15,18.15,839678020,17.41,16.1,15.922500000000003
2026-04-13,2409,18.05,18.3,17.6,18.0,247422592,17.64,16.419999999999998,15.960000000000003
2026-04-14,2409,18.4,19.8,18.4,19.8,556950317,18.35,16.96,16.1225
2026-04-15,2409,19.95,20.6,19.3,20.05,697359696,18.95,17.535000000000004,16.34
2026-04-16,2409,20.35,21.85,19.9,20.7,651170065,19.339999999999996,18.155,16.58
2026-04-17,2409,20.4,20.65,19.8,19.85,365101354,19.68,18.544999999999998,16.7625
2026-04-20,2409,20.0,20.0,19.1,19.25,309422157,19.93,18.785,16.9375
2026-04-21,2409,19.35,19.7,18.7,18.9,252160910,19.75,19.05,17.1025
2026-04-22,2409,18.85,18.95,18.4,18.55,191097726,19.45,19.2,17.2875
2026-04-23,2409,18.7,18.85,17.3,17.75,315846972,18.860000000000003,19.1,17.4425
2026-04-24,2409,17.8,17.85,16.9,17.2,203074622,18.33,19.005000000000003,17.5525
2026-04-27,2409,17.25,17.5,16.7,17.35,190151171,17.95,18.94,17.68
2026-04-28,2409,17.35,17.6,17.15,17.2,103227781,17.610000000000003,18.68,17.82
2026-04-29,2409,17.2,17.75,17.1,17.3,124810952,17.36,18.404999999999998,17.97
2026-04-30,2409,17.5,17.6,16.95,17.2,107364483,17.25,18.055,18.104999999999997
2026-05-04,2409,16.9,17.25,16.6,16.95,185186551,17.2,17.765,18.154999999999998
2026-05-05,2409,17.25,18.0,17.2,17.85,283447210,17.3,17.625,18.205000000000002
2026-05-06,2409,18.15,18.4,17.5,18.05,247854591,17.470000000000002,17.54,18.295
2026-05-07,2409,18.3,18.8,18.05,18.35,263748821,17.68,17.520000000000003,18.360000000000003
2026-05-08,2409,18.45,18.9,17.75,17.85,206094211,17.810000000000002,17.529999999999998,18.315
2026-05-11,2409,18.5,19.1,18.25,18.85,317856734,18.190000000000005,17.695,18.35
2026-05-12,2409,19.2,20.7,18.85,20.7,730161791,18.759999999999998,18.03,18.485
2026-05-13,2409,20.2,20.5,19.25,20.2,518461486,19.19,18.330000000000002,18.505000000000003
2026-05-14,2409,20.7,20.7,19.3,19.55,323755549,19.43,18.555,18.48
2026-05-15,2409,19.6,20.3,18.9,19.05,317634644,19.669999999999998,18.740000000000002,18.3975
2026-05-18,2409,18.8,19.5,18.2,19.25,207880657,19.75,18.97,18.3675
2026-05-19,2409,19.25,20.15,19.0,19.15,189970827,19.44,19.1,18.3625
2026-05-20,2409,19.25,19.3,18.6,18.75,118262550,19.15,19.169999999999998,18.355
2026-05-21,2409,19.1,20.45,19.05,20.2,367725205,19.28,19.355,18.4375
2026-05-22,2409,20.85,22.2,20.55,22.2,394425774,19.909999999999997,19.79,18.660000000000004
2026-05-25,2409,24.35,24.4,24.15,24.4,82302936,20.939999999999998,20.345000000000002,19.020000000000003
2026-05-26,2409,25.5,25.8,22.0,22.0,818361725,21.509999999999998,20.475,19.2525
2026-05-27,2409,22.15,22.2,20.5,21.8,566175271,22.119999999999997,20.634999999999998,19.4825
2026-05-28,2409,21.9,23.4,21.2,21.2,538705306,22.32,20.8,19.677500000000002
2026-05-29,2409,22.35,23.2,21.9,23.0,481574851,22.48,21.195,19.9675
2026-06-01,2409,23.8,24.8,23.1,23.8,564845158,22.36,21.65,20.310000000000002
2026-06-02,2409,24.05,26.15,23.3,26.15,720567401,23.19,22.35,20.725
2026-06-03,2409,27.5,28.75,26.7,28.75,706729442,24.580000000000002,23.35,21.259999999999998
2026-06-04,2409,28.4,29.6,27.5,29.25,878685417,26.189999999999998,24.255,21.805
2026-06-05,2409,28.0,28.4,26.35,27.1,607774938,27.01,24.744999999999997,22.267500000000002
2026-06-08,2409,24.4,24.4,24.4,24.4,69133057,27.130000000000003,24.744999999999997,22.544999999999998
2026-06-09,2409,25.0,25.2,24.0,24.0,505972455,26.7,24.945,22.71
2026-06-10,2409,23.4,24.7,22.85,22.95,368098295,25.54,25.060000000000002,22.8475
2026-06-11,2409,22.75,23.75,22.2,23.15,320575053,24.32,25.255,23.0275
2026-06-12,2409,24.6,25.0,23.45,23.5,300437623,23.6,25.305,23.25
2026-06-15,2409,24.45,25.0,24.1,24.1,234168728,23.54,25.335,23.4925
2026-06-16,2409,24.5,24.75,23.9,23.9,203629435,23.52,25.11,23.73
2026-06-17,2409,23.6,26.25,23.35,26.25,559042864,24.18,24.86,24.105
2026-06-18,2409,27.45,28.6,26.05,28.15,828311957,25.18,24.75,24.5025
2026-06-22,2409,29.45,30.95,29.1,30.95,297702512,26.669999999999998,25.134999999999998,24.94
2026-06-23,2409,31.1,33.0,29.0,29.05,957929040,27.660000000000004,25.6,25.1725
2026-06-24,2409,28.4,31.95,28.25,30.5,894026718,28.98,26.25,25.5975
2026-06-25,2409,30.9,31.1,29.3,30.4,416200717,29.810000000000002,26.994999999999997,26.027499999999996
2026-06-26,2409,30.0,30.15,27.95,27.95,367297098,29.77,27.475,26.365
2026-06-29,2409,28.1,30.7,27.6,30.6,748906413,29.7,28.185000000000002,26.744999999999997
2026-06-30,2409,31.0,33.25,30.4,32.7,898082876,30.429999999999996,29.044999999999998,27.189999999999998
2026-07-01,2409,33.6,34.45,30.5,30.65,728574837,30.459999999999997,29.72,27.415
2026-07-02,2409,29.95,31.5,29.9,30.5,371274327,30.48,30.145,27.502499999999998
2026-07-03,2409,30.05,30.5,29.6,30.0,231040275,30.889999999999997,30.329999999999995,27.54
2026-07-06,2409,30.4,32.0,30.15,31.7,410630157,31.110000000000003,30.405,27.77
2026-07-07,2409,31.9,33.0,29.05,29.35,505399029,30.439999999999998,30.434999999999995,28.017500000000002
2026-07-08,2409,30.1,30.3,28.5,29.55,263664460,30.22,30.340000000000003,28.294999999999998
2026-07-09,2409,30.0,32.35,29.4,31.45,585706614,30.409999999999997,30.445,28.72
2026-07-13,2409,31.7,32.5,29.2,29.25,492027398,30.259999999999998,30.575,29.025
2026-07-14,2409,29.05,29.4,26.5,27.55,356616406,29.43,30.27,29.2275
2026-07-15,2409,28.2,28.75,27.7,28.3,203146154,29.22,29.830000000000002,29.4375
2026-07-16,2409,27.75,28.2,27.0,27.65,160446929,28.839999999999996,29.53,29.625
2026-07-17,2409,26.5,26.75,25.55,25.8,210939319,27.71,29.060000000000002,29.6025
2026-07-20,2409,26.25,26.45,24.55,25.4,235634776,26.939999999999998,28.6,29.464999999999996
2026-07-21,2409,26.0,26.35,25.55,25.6,154949357,26.55,27.99,29.197499999999998
2026-07-22,2409,26.15,26.8,25.8,25.8,172390588,26.05,27.635,29.035000000000004
2026-07-23,2409,26.3,26.7,25.55,26.25,152317415,25.77,27.305,28.8225
2026-07-24,2409,25.6,26.0,25.15,25.5,121250125,25.71,26.71,28.577500000000004
2026-07-27,2409,25.55,25.6,23.35,23.9,152133264,25.41,26.175,28.375
2026-07-28,2409,22.75,24.85,22.0,23.9,198213564,25.07,25.810000000000002,28.04
2026-07-29,2409,24.8,25.15,23.05,23.65,251725370,24.64,25.345,27.5875
2026-07-30,2409,22.95,25.1,22.1,22.2,223971560,23.830000000000002,24.8,27.165000000000003
2026-07-31,2409,24.4,24.4,23.55,24.2,197017544,23.57,24.64,26.85
2026-08-03,2409,23.7,24.4,23.4,23.9,131022880,23.57,24.49,26.544999999999998
2026-08-04,2409,23.9,24.85,23.7,24.45,130656613,23.68,24.375,26.182499999999997
2026-08-05,2409,25.25,25.55,24.35,24.45,205885267,23.839999999999996,24.24,25.9375
2026-08-06,2409,24.3,24.65,23.65,24.55,144973836,24.310000000000002,24.07,25.6875
2026-08-07,2409,24.55,25.0,24.1,24.55,145598796,24.380000000000003,23.974999999999998,25.342499999999998
2026-08-10,2409,25.6,27.0,25.35,27.0,216206480,25.0,24.285,25.229999999999997
2026-08-11,2409,27.85,27.9,25.9,26.1,459870993,25.330000000000002,24.505000000000003,25.1575
2026-08-12,2409,26.4,26.9,26.15,26.25,170126323,25.690000000000005,24.765,25.055
2026-08-13,2409,26.55,26.9,25.75,25.75,128429176,25.93,25.12,24.96
2026-08-14,2409,26.05,26.4,25.75,25.8,132473858,26.18,25.279999999999998,24.96
2026-08-17,2409,26.0,27.4,25.8,27.25,294735529,26.23,25.615000000000002,25.052500000000002
2026-08-18,2409,27.2,27.25,26.25,26.35,152715952,26.28,25.805,25.09
2026-08-19,2409,25.7,26.75,25.25,26.15,134445281,26.26,25.975,25.1075
2026-08-20,2409,26.35,26.55,25.55,25.8,100750049,26.27,26.1,25.085
2026-08-21,2409,25.8,25.8,25.35,25.6,53047576,26.23,26.205000000000002,25.09
2026-08-24,2409,25.7,26.1,25.25,25.25,72335126,25.830000000000002,26.03,25.1575
2026-08-25,2409,25.05,25.65,24.6,25.65,103833695,25.689999999999998,25.984999999999996,25.244999999999997
2026-08-26,2409,25.8,25.95,25.5,25.5,62561686,25.56,25.909999999999997,25.3375
2026-08-27,2409,25.8,25.9,25.25,25.25,58110008,25.45,25.859999999999996,25.49
2026-08-28,2409,25.25,26.2,25.2,25.85,126685578,25.5,25.865000000000002,25.572499999999998
2026-08-31,2409,25.75,26.65,25.4,26.65,162039205,25.78,25.805,25.71
2026-09-01,2409,26.8,27.1,26.35,26.4,107148029,25.93,25.809999999999995,25.807499999999997
2026-09-02,2409,26.2,27.15,26.05,26.4,117900028,26.109999999999996,25.835,25.905
2026-09-03,2409,26.9,28.85,26.55,26.55,440835576,26.369999999999997,25.910000000000004,26.005000000000003
2026-09-04,2409,27.35,27.65,26.35,26.8,158253125,26.560000000000002,26.03,26.1175
2026-09-07,2409,26.95,29.45,26.7,28.7,523099639,26.97,26.375,26.202499999999997
2026-09-08,2409,28.8,30.7,28.2,29.6,623892482,27.610000000000003,26.77,26.377499999999998
2026-09-09,2409,30.55,32.2,30.15,30.5,590064949,28.43,27.27,26.589999999999996
2026-09-10,2409,30.2,31.5,29.2,31.2,497017089,29.360000000000003,27.865,26.8625
2026-09-11,2409,30.5,30.9,29.0,30.2,519203137,30.04,28.3,27.0825
2026-09-14,2409,29.25,29.75,28.65,28.7,311779520,30.04,28.505000000000003,27.155
2026-09-15,2409,28.35,28.75,27.75,27.9,238024652,29.7,28.655,27.232499999999998
2026-09-16,2409,28.2,29.6,28.15,29.4,262801666,29.48,28.955000000000002,27.395
2026-09-17,2409,29.75,31.05,29.5,30.0,368721904,29.24,29.3,27.605
2026-09-18,2409,30.75,30.8,29.5,30.35,348900833,29.27,29.655,27.8425
2026-09-21,2409,31.85,33.35,31.8,33.35,822971740,30.2,30.119999999999997,28.247500000000002
2026-09-22,2409,34.9,36.65,34.0,36.65,1162430621,31.95,30.825,28.797500000000003
2026-09-23,2409,36.65,36.65,33.4,34.7,948644349,33.010000000000005,31.244999999999997,29.2575
2026-09-24,2409,34.75,35.95,33.75,34.2,542503236,33.85,31.544999999999998,29.705000000000002
2026-02-23,2408,295.0,298.5,286.5,289.0,92665480,,,
2026-02-24,2408,292.0,303.0,286.0,298.0,94108231,,,
2026-02-25,2408,298.0,298.0,283.0,288.0,68339903,,,
2026-02-26,2408,290.0,291.5,277.0,285.5,65835407,,,
2026-03-02,2408,268.0,291.0,267.5,285.0,53402138,289.1,,
2026-03-03,2408,287.0,288.0,256.5,256.5,90115002,282.6,,
2026-03-04,2408,238.0,246.5,231.0,234.5,106985500,269.9,,
2026-03-05,2408,257.5,257.5,257.5,257.5,21495563,263.8,,
2026-03-06,2408,259.0,262.0,232.5,233.0,161663082,253.3,,
2026-03-09,2408,210.0,210.0,210.0,210.0,22142051,238.3,263.7,
2026-03-10,2408,220.0,231.0,215.0,231.0,115081371,233.2,257.9,
2026-03-11,2408,245.0,254.0,240.0,254.0,90316151,237.1,253.5,
2026-03-12,2408,257.0,261.5,239.0,239.5,152212129,233.5,248.65,
2026-03-13,2408,237.5,245.5,235.0,238.0,95267222,234.5,243.9,
2026-03-16,2408,247.0,261.5,245.5,261.5,93491414,244.8,241.55,
2026-03-17,2408,267.0,284.5,266.5,271.5,132621447,252.9,243.05,
2026-03-18,2408,284.5,288.5,271.5,276.0,102342490,257.3,247.2,
2026-03-19,2408,268.5,272.5,260.0,260.0,84244597,261.4,247.45,
2026-03-20,2408,264.5,264.5,234.0,234.0,159686881,260.6,247.55,
2026-03-23,2408,217.5,230.0,217.5,223.0,78708847,252.9,248.85,256.275
2026-03-24,2408,226.5,227.0,204.0,216.5,149698558,241.9,247.4,252.65
2026-03-25,2408,226.5,229.5,218.5,226.5,97313083,232.0,244.65,249.075
2026-03-26,2408,249.0,249.0,225.0,225.5,185144097,225.1,243.25,245.95
2026-03-27,2408,217.0,220.0,207.0,219.5,133271176,222.2,241.4,242.65
2026-03-30,2408,215.0,227.0,213.5,220.5,125717079,221.7,237.3,239.425
2026-03-31,2408,207.5,210.0,198.5,198.5,147689561,218.1,230.0,236.525
2026-04-01,2408,211.5,213.0,205.0,211.0,121908452,215.0,223.5,235.35
2026-04-02,2408,217.0,219.0,200.0,200.5,119851725,210.0,217.55,232.5
2026-04-07,2408,210.5,212.0,202.5,206.0,73353667,207.3,214.75,231.15
2026-04-08,2408,217.0,223.5,214.5,223.0,95259021,207.8,214.75,231.8
2026-04-09,2408,222.0,222.0,204.0,205.0,90700533,209.1,213.6,230.5
2026-04-10,2408,211.0,220.0,209.0,215.0,93633890,209.9,212.45,228.55
2026-04-13,2408,218.5,227.5,214.5,225.5,97513828,214.9,212.45,227.85
2026-04-14,2408,238.5,240.0,220.0,220.0,161560749,217.7,212.5,226.95
2026-04-15,2408,227.5,229.5,211.5,211.5,106926490,215.4,211.6,224.45
2026-04-16,2408,212.5,216.5,208.5,213.5,52962831,217.1,213.1,221.55
2026-04-17,2408,215.0,217.0,205.0,210.0,68274911,216.1,213.0,218.25
2026-04-20,2408,206.0,209.0,202.0,207.0,68203536,212.4,213.65,215.6
2026-04-21,2408,211.0,223.5,210.0,220.0,109825599,212.4,215.05,214.9
2026-04-22,2408,218.5,220.5,214.0,219.0,71110869,213.9,214.65,214.7
2026-04-23,2408,228.5,230.0,204.0,208.0,141103957,212.8,214.95,214.275
2026-04-24,2408,209.5,210.5,199.0,206.0,99650668,212.0,214.05,213.25
2026-04-27,2408,216.5,226.5,216.0,226.5,133442494,215.9,214.15,213.3
2026-04-28,2408,234.5,242.5,231.5,237.5,204983861,219.4,215.9,214.2
2026-04-29,2408,236.0,242.0,232.0,235.0,98792725,222.6,218.25,214.925
2026-04-30,2408,239.5,240.0,214.5,215.5,125666192,224.1,218.45,215.775
2026-05-04,2408,223.0,237.0,217.0,237.0,144354307,230.3,221.15,217.075
2026-05-05,2408,243.0,259.0,242.5,256.5,207567196,236.3,226.1,219.875
2026-05-06,2408,282.0,282.0,270.5,282.0,149468917,245.2,232.3,223.675
2026-05-07,2408,293.0,296.0,278.0,287.0,197355586,255.6,239.1,226.875
2026-05-08,2408,282.0,289.0,260.0,274.0,130863185,267.3,245.7,230.325
2026-05-11,2408,300.5,301.0,296.0,301.0,108987498,280.1,255.2,234.625
2026-05-12,2408,312.5,325.0,301.0,321.0,217595653,293.0,264.65,239.4
2026-05-13,2408,311.5,322.5,303.0,321.0,106103420,300.8,273.0,244.45
2026-05-14,2408,342.5,353.0,335.5,341.0,181771498,311.6,283.6,250.925
2026-05-15,2408,330.5,334.5,308.5,311.5,160442326,319.1,293.2,255.825
2026-05-18,2408,300.0,309.0,287.0,305.0,117077708,319.9,300.0,260.575
2026-05-19,2408,291.5,295.0,274.5,274.5,118906988,310.6,301.8,263.95
2026-05-20,2408,279.5,285.0,265.5,275.0,123868197,301.4,301.1,266.7
2026-05-21,2408,291.5,295.0,280.0,293.0,149826596,291.8,301.7,270.4
2026-05-22,2408,299.5,321.0,296.0,310.5,157819181,291.6,305.35,275.525
2026-05-25,2408,295.0,303.5,288.0,296.0,155862832,289.8,304.85,280.025
2026-05-26,2408,300.5,314.0,295.5,303.5,152949355,295.6,303.1,283.875
2026-05-27,2408,333.0,333.5,306.0,312.0,206216639,303.0,302.2,287.6
2026-05-28,2408,310.0,339.0,306.0,324.0,226715301,309.2,300.5,292.05
2026-05-29,2408,347.5,351.5,338.5,347.0,140975644,316.5,304.05,298.625
2026-06-01,2408,362.0,381.5,359.5,381.5,129059908,333.6,311.7,305.85
2026-06-02,2408,401.0,419.5,395.0,419.5,171631936,356.8,326.2,314.0
2026-06-03,2408,430.0,430.5,400.0,401.5,151116427,374.7,338.85,319.975
2026-06-04,2408,395.5,409.5,392.0,395.0,115749814,388.9,349.05,325.375
2026-06-05,2408,370.0,374.0,355.5,360.0,121599979,391.5,354.0,329.675
2026-06-08,2408,324.0,348.0,324.0,339.5,104497957,383.1,358.35,331.6
2026-06-09,2408,350.5,366.0,342.0,363.0,99865292,371.8,364.3,333.7
2026-06-10,2408,351.5,366.5,330.0,333.0,99760905,358.1,366.4,334.3
2026-06-11,2408,336.0,353.5,325.0,340.0,101519192,347.1,368.0,334.25
2026-06-12,2408,368.5,374.0,365.0,374.0,94572799,349.9,370.7,337.375
2026-06-15,2408,391.0,399.5,382.0,395.5,132122225,361.1,372.1,341.9
2026-06-16,2408,402.5,432.5,396.0,425.0,170526873,373.5,372.65,349.425
2026-06-17,2408,415.0,437.0,412.0,437.0,101278057,394.3,376.2,357.525
2026-06-18,2408,443.5,459.5,427.5,459.5,180896115,418.2,382.65,365.85
2026-06-22,2408,484.0,505.0,480.0,505.0,96419516,444.4,397.15,375.575
2026-06-23,2408,488.0,500.0,454.5,454.5,164235709,456.2,408.65,383.5
2026-06-24,2408,440.0,457.0,435.0,443.5,125390124,459.9,416.7,390.5
2026-06-25,2408,479.0,483.0,461.5,477.0,110549365,467.9,431.1,398.75
2026-06-26,2408,480.0,498.0,443.0,449.0,143165163,465.8,442.0,405.0
2026-06-29,2408,456.0,465.0,440.5,453.0,77020287,455.4,449.9,410.3
2026-06-30,2408,465.5,465.5,436.0,452.5,109257612,455.0,455.6,413.85
2026-07-01,2408,455.0,455.0,412.0,421.0,101276439,450.5,455.2,413.925
2026-07-02,2408,386.5,412.0,386.5,407.0,64561076,436.5,452.2,414.2
2026-07-03,2408,399.0,419.5,393.5,409.5,61733558,428.6,447.2,414.925
2026-07-06,2408,428.0,443.0,420.5,420.5,62093163,422.1,438.75,417.95
2026-07-07,2408,423.0,437.0,402.0,403.0,81670310,412.2,433.6,421.125
2026-07-08,2408,414.0,422.0,391.0,396.0,62959726,407.2,428.85,422.775
2026-07-09,2408,414.0,435.5,412.5,435.5,85459123,412.9,424.7,427.9
2026-07-13,2408,466.5,466.5,420.5,423.0,130554777,415.6,422.1,432.05
2026-07-14,2408,432.0,449.0,415.5,448.0,123272779,421.1,421.6,435.75
2026-07-15,2408,460.0,489.5,453.5,481.0,158461435,436.7,424.45,440.025
2026-07-16,2408,463.0,463.0,435.5,439.0,85483804,445.3,426.25,440.725
2026-07-17,2408,400.5,413.5,395.5,395.5,82626113,437.3,425.1,438.65
2026-07-20,2408,396.0,406.0,380.5,381.0,73602466,428.9,422.25,434.725
2026-07-21,2408,392.5,415.0,389.0,405.0,70570915,420.3,420.7,429.725
2026-07-22,2408,435.0,445.5,431.5,445.5,63907084,413.2,424.95,429.275
2026-07-23,2408,452.0,452.0,415.0,426.0,89386639,410.6,427.95,428.4
2026-07-24,2408,418.0,433.5,401.0,401.0,80045856,411.7,424.5,424.6
2026-07-27,2408,401.5,440.0,387.0,436.0,81191012,422.7,425.8,423.95
2026-07-28,2408,392.5,399.5,392.5,392.5,60940938,420.2,420.25,420.925
2026-07-29,2408,378.0,378.0,353.5,353.5,56513023,401.8,407.5,415.975
2026-07-30,2408,325.5,375.0,322.0,328.0,120154208,382.2,396.4,411.325
2026-07-31,2408,360.5,360.5,360.5,360.5,8135174,374.1,392.9,409.0
2026-08-03,2408,374.5,396.5,374.5,396.5,58799561,366.2,394.45,408.35
2026-08-04,2408,400.0,436.0,400.0,436.0,119676759,374.9,397.55,409.125
2026-08-05,2408,469.0,470.5,441.5,445.0,144425745,393.2,397.5,411.225
2026-08-06,2408,441.0,462.5,436.0,459.0,106681466,419.4,400.8,414.375
2026-08-07,2408,456.5,463.0,445.0,457.0,70547660,438.7,406.4,415.45
2026-08-10,2408,473.0,502.0,473.0,502.0,102644584,459.8,413.0,419.4
2026-08-11,2408,491.5,500.0,474.0,489.0,114281944,470.4,422.65,421.45
2026-08-12,2408,497.0,511.0,480.5,482.5,93648951,477.9,435.55,421.525
2026-08-13,2408,497.0,530.0,490.0,514.0,128574672,488.9,454.15,425.275
2026-08-14,2408,532.0,542.0,501.0,512.0,104565253,499.9,469.3,431.1
2026-08-17,2408,520.0,535.0,513.0,524.0,62243632,504.3,482.05,438.25
2026-08-18,2408,540.0,553.0,511.0,515.0,85565761,509.5,489.95,443.75
2026-08-19,2408,489.0,494.5,480.0,481.0,69157927,509.2,493.55,445.525
2026-08-20,2408,498.0,523.0,498.0,517.0,88103385,509.8,499.35,450.075
2026-08-21,2408,519.0,534.0,512.0,528.0,65354270,513.0,506.45,456.425
2026-08-24,2408,521.0,538.0,500.0,501.0,71724193,508.4,506.35,459.675
2026-08-25,2408,491.0,510.0,480.0,510.0,66841300,507.4,508.45,465.55
2026-08-26,2408,510.0,522.0,504.0,517.0,61614233,514.6,511.9,473.725
2026-08-27,2408,529.0,555.0,528.0,541.0,87535752,519.4,514.6,484.375
2026-08-28,2408,550.0,569.0,531.0,540.0,77043671,521.8,517.4,493.35
2026-08-31,2408,546.0,558.0,531.0,543.0,191074130,530.2,519.3,500.675
2026-09-01,2408,551.0,551.0,516.0,518.0,82818290,531.8,519.6,504.775
2026-09-02,2408,509.0,524.0,502.0,518.0,52916302,532.0,523.3,508.425
2026-09-03,2408,533.0,539.0,477.5,477.5,123832867,519.3,519.35,509.35
2026-09-04,2408,490.5,496.0,470.0,496.0,75118695,510.5,516.15,511.3
2026-09-07,2408,519.0,525.0,508.0,517.0,57088818,505.3,517.75,512.05
2026-09-08,2408,527.0,540.0,524.0,531.0,76221279,507.9,519.85,514.15
2026-09-09,2408,535.0,535.0,521.0,523.0,37518171,508.9,520.45,516.175
2026-09-10,2408,517.0,523.0,507.0,515.0,38162049,516.4,517.85,516.225
2026-09-11,2408,498.0,498.0,490.0,493.0,38482147,515.8,513.15,515.275
2026-09-14,2408,477.5,486.0,470.0,473.0,49215000,507.0,506.15,512.725
2026-09-15,2408,473.5,476.5,465.5,465.5,34239430,493.9,500.9,510.25
2026-09-16,2408,476.0,495.0,475.0,492.5,36437142,487.8,498.35,510.825
2026-09-17,2408,499.0,504.0,488.0,488.0,44996045,482.4,499.4,509.375
2026-09-18,2408,508.0,525.0,508.0,525.0,79512606,488.8,502.3,509.225
2026-09-21,2408,525.0,528.0,513.0,516.0,34499395,497.4,502.2,509.975
2026-09-22,2408,530.0,533.0,496.0,497.0,63282202,503.7,498.8,509.325
2026-09-23,2408,514.0,526.0,513.0,515.0,62507257,508.2,498.0,509.225
2026-09-24,2408,509.0,509.0,495.0,503.0,40244712,511.2,496.8,507.325
2026-02-23,3189,280.0,292.0,280.0,292.0,23267123,,,
2026-02-24,3189,302.0,321.0,301.0,321.0,34019528,,,
2026-02-25,3189,327.0,332.5,312.5,325.5,61480296,,,
2026-02-26,3189,325.0,329.5,304.5,314.5,51206644,,,
2026-03-02,3189,300.0,323.0,299.5,304.5,41298007,311.5,,
2026-03-03,3189,311.0,330.0,305.0,309.0,46756665,314.9,,
2026-03-04,3189,304.0,312.0,282.0,284.5,45624084,307.6,,
2026-03-05,3189,308.0,309.5,289.0,297.5,36204641,302.0,,
2026-03-06,3189,295.0,304.0,291.5,291.5,20355106,297.4,,
2026-03-09,3189,262.5,271.0,262.5,264.5,16857608,289.4,300.45,
2026-03-10,3189,280.0,286.5,267.5,274.0,24723052,282.4,298.65,
2026-03-11,3189,285.0,296.5,284.0,290.5,26988757,283.6,295.6,
2026-03-12,3189,288.0,300.0,282.5,289.0,29349770,281.9,291.95,
2026-03-13,3189,283.0,317.5,280.0,317.5,48278519,287.1,292.25,
2026-03-16,3189,322.5,348.5,312.0,337.0,91831377,301.6,295.5,
2026-03-17,3189,342.5,368.0,331.5,341.5,61696256,315.1,298.75,
2026-03-18,3189,349.0,373.0,339.0,365.5,59260279,330.1,306.85,
2026-03-19,3189,356.0,398.0,352.0,383.5,66787097,349.0,315.45,
2026-03-20,3189,388.5,388.5,356.0,380.0,9781675,361.5,324.3,
2026-03-23,3189,345.0,360.0,345.0,346.0,7125514,363.3,332.45,316.45
2026-03-24,3189,357.0,357.0,311.5,320.5,8948825,359.1,337.1,317.875
2026-03-25,3189,333.5,351.5,333.5,351.5,4847721,356.3,343.2,319.4
2026-03-26,3189,352.0,370.0,351.5,351.5,6883559,349.9,349.45,320.7
2026-03-27,3189,333.5,352.0,333.5,352.0,4269127,344.3,352.9,322.575
2026-03-30,3189,334.5,348.5,324.5,346.5,6536532,344.4,353.85,324.675
2026-03-31,3189,335.0,339.0,312.0,313.0,7785444,342.9,351.0,324.875
2026-04-01,3189,335.0,335.0,321.0,332.0,7162420,339.0,347.65,327.25
2026-04-02,3189,342.0,352.0,323.5,336.0,8260441,335.9,342.9,329.175
2026-04-07,3189,350.0,366.0,350.0,358.5,9917650,337.2,340.75,332.525
2026-04-08,3189,391.5,394.0,381.5,394.0,15644754,346.7,345.55,339.0
2026-04-09,3189,393.0,408.0,380.5,387.0,51903063,361.5,352.2,344.65
2026-04-10,3189,399.5,400.0,373.0,381.0,25688029,371.3,355.15,349.175
2026-04-13,3189,379.0,381.0,360.5,366.5,24114477,377.4,356.65,353.05
2026-04-14,3189,375.0,386.0,366.0,371.0,26463388,379.9,358.55,355.725
2026-04-15,3189,376.5,399.0,363.5,383.5,42021402,377.8,362.25,358.05
2026-04-16,3189,389.0,402.5,377.5,393.5,43262498,379.1,370.3,360.65
2026-04-17,3189,395.0,405.0,391.0,391.5,27129642,381.2,376.25,361.95
2026-04-20,3189,397.0,430.5,396.0,430.5,33909184,394.0,385.7,364.3
2026-04-21,3189,453.0,473.5,446.0,473.5,38001566,414.5,397.2,368.975
2026-04-22,3189,496.0,509.0,484.5,491.5,53118820,436.1,406.95,376.25
2026-04-23,3189,496.0,509.0,453.0,479.0,58632149,453.2,416.15,384.175
2026-04-24,3189,499.0,526.0,498.5,526.0,57209204,480.1,430.65,392.9
2026-04-27,3189,546.0,555.0,502.0,515.0,54177803,497.0,445.5,401.075
2026-04-28,3189,521.0,538.0,496.0,508.0,44138536,503.9,459.2,408.875
2026-04-29,3189,508.0,516.0,490.0,508.0,24948151,507.2,471.65,416.95
2026-04-30,3189,516.0,556.0,510.0,528.0,49392113,517.0,485.1,427.7
2026-05-04,3189,544.0,544.0,512.0,531.0,24877312,518.0,499.05,437.65
2026-05-05,3189,530.0,541.0,521.0,527.0,15100395,520.4,508.7,447.2
2026-05-06,3189,532.0,537.0,475.0,482.5,32577765,515.3,509.6,453.4
2026-05-07,3189,486.5,506.0,478.0,492.5,21099853,512.2,509.7,458.325
2026-05-08,3189,487.0,487.5,445.5,458.0,28689133,498.2,507.6,461.875
2026-05-11,3189,475.0,503.0,468.0,503.0,26643811,492.6,505.3,467.975
2026-05-12,3189,525.0,532.0,494.0,494.0,29425571,486.0,503.2,474.35
2026-05-13,3189,482.0,516.0,481.5,497.5,24218373,489.0,502.15,480.675
2026-05-14,3189,506.0,540.0,488.0,522.0,45244266,494.9,503.55,487.6
2026-05-15,3189,536.0,537.0,480.0,486.0,33389422,500.5,499.35,492.225
2026-05-18,3189,472.0,510.0,460.0,505.0,20228783,500.9,496.75,497.9
2026-05-19,3189,515.0,530.0,497.0,513.0,37470963,504.7,495.35,502.025
2026-05-20,3189,513.0,520.0,481.0,504.0,39836206,506.0,497.5,503.55
2026-05-21,3189,540.0,554.0,531.0,554.0,35212876,512.4,503.65,506.675
2026-05-22,3189,588.0,609.0,588.0,609.0,11454728,537.0,518.75,513.175
2026-05-25,3189,664.0,669.0,660.0,669.0,8536899,569.8,535.35,520.325
2026-05-26,3189,670.0,719.0,654.0,696.0,50429815,606.4,555.55,529.375
2026-05-27,3189,726.0,764.0,693.0,702.0,30662886,646.0,576.0,539.075
2026-05-28,3189,702.0,702.0,654.0,681.0,8187338,671.4,591.9,547.725
2026-05-29,3189,707.0,746.0,704.0,729.0,7357595,695.4,616.2,557.775
2026-06-01,3189,740.0,775.0,740.0,774.0,6218324,716.4,643.1,569.925
2026-06-02,3189,778.0,778.0,710.0,743.0,6753281,725.8,666.1,580.725
2026-06-03,3189,740.0,749.0,730.0,739.0,4661433,733.2,689.6,593.55
2026-06-04,3189,706.0,720.0,681.0,692.0,6144218,735.4,703.4,603.525
2026-06-05,3189,662.0,725.0,623.0,712.0,7602120,732.0,713.7,616.225
2026-06-08,3189,641.0,698.0,641.0,698.0,8137218,716.8,716.6,625.975
2026-06-09,3189,705.0,732.0,683.0,714.0,5537626,711.0,718.4,636.975
2026-06-10,3189,705.0,723.0,650.0,660.0,6573701,695.2,714.2,645.1
2026-06-11,3189,674.0,693.0,594.0,619.0,31037944,680.6,708.0,649.95
2026-06-12,3189,661.0,664.0,599.0,610.0,27158125,660.2,696.1,656.15
2026-06-15,3189,631.0,660.0,621.0,660.0,21349711,652.6,684.7,663.9
2026-06-16,3189,660.0,688.0,637.0,642.0,26698363,638.2,674.6,670.35
2026-06-17,3189,642.0,706.0,640.0,706.0,29986280,647.4,671.3,680.45
2026-06-18,3189,738.0,738.0,702.0,724.0,27743868,668.4,674.5,688.95
2026-06-22,3189,740.0,796.0,733.0,796.0,20663905,705.6,682.9,698.3
2026-06-23,3189,780.0,788.0,727.0,727.0,36604253,719.0,685.8,701.2
2026-06-24,3189,749.0,766.0,710.0,739.0,29958162,738.4,688.3,703.35
2026-06-25,3189,760.0,812.0,750.0,812.0,44514741,759.6,703.5,708.85
2026-06-26,3189,828.0,893.0,790.0,797.0,62632239,774.2,721.3,714.65
2026-06-29,3189,825.0,833.0,782.0,810.0,31131139,777.0,741.3,718.7
2026-06-30,3189,851.0,891.0,840.0,891.0,31315583,809.8,764.4,724.55
2026-07-01,3189,900.0,939.0,872.0,888.0,38728579,839.6,789.0,731.8
2026-07-02,3189,845.0,857.0,816.0,830.0,27680448,843.2,801.4,736.35
2026-07-03,3189,770.0,843.0,770.0,833.0,3349718,850.4,812.3,743.4
2026-07-06,3189,807.0,807.0,763.0,763.0,3956863,841.0,809.0,745.95
2026-07-07,3189,761.0,770.0,687.0,687.0,6854269,800.2,805.0,745.4
2026-07-08,3189,714.0,755.0,714.0,755.0,4336069,773.6,806.6,747.45
2026-07-09,3189,770.0,829.0,770.0,795.0,2569666,766.6,804.9,754.2
2026-07-13,3189,838.0,838.0,815.0,819.0,3480697,763.8,807.1,764.2
2026-07-14,3189,793.0,805.0,738.0,805.0,3717468,772.2,806.6,773.95
2026-07-15,3189,831.0,859.0,823.0,845.0,4103308,803.8,802.0,783.2
2026-07-16,3189,820.0,820.0,764.0,770.0,2674083,806.8,790.2,789.6
2026-07-17,3189,705.0,711.0,693.0,693.0,3693770,786.4,776.5,788.95
2026-07-20,3189,693.0,724.0,653.0,679.0,23743793,758.4,761.1,786.7
2026-07-21,3189,715.0,746.0,704.0,746.0,6598311,746.6,759.4,784.2
2026-07-22,3189,804.0,819.0,770.0,796.0,25561416,736.8,770.3,787.65
2026-07-23,3189,802.0,814.0,760.0,785.0,16084194,739.8,773.3,789.95
2026-07-24,3189,766.0,770.0,707.0,711.0,14224914,743.4,764.9,784.9
2026-07-27,3189,702.0,718.0,673.0,710.0,11397368,749.6,754.0,780.55
2026-07-28,3189,650.0,700.0,639.0,639.0,19391146,728.2,737.4,772.0
2026-07-29,3189,650.0,650.0,576.0,576.0,15851867,684.2,710.5,756.25
2026-07-30,3189,550.0,633.0,541.0,578.0,30600261,642.8,691.3,740.75
2026-07-31,3189,635.0,635.0,635.0,635.0,1399371,627.6,685.5,731.0
2026-08-03,3189,695.0,698.0,694.0,698.0,4279917,625.2,687.4,724.25
2026-08-04,3189,755.0,767.0,754.0,767.0,6043831,650.8,689.5,724.45
2026-08-05,3189,843.0,843.0,812.0,828.0,33103524,701.2,692.7,731.5
2026-08-06,3189,816.0,853.0,801.0,853.0,23356386,756.2,699.5,736.4
2026-08-07,3189,848.0,854.0,808.0,823.0,16107601,793.8,710.7,737.8
2026-08-10,3189,823.0,849.0,811.0,836.0,3650916,821.4,723.3,738.65
2026-08-11,3189,820.0,844.0,807.0,842.0,2961490,836.4,743.6,740.5
2026-08-12,3189,847.0,864.0,827.0,858.0,3488257,842.4,771.8,741.15
2026-08-13,3189,866.0,872.0,813.0,851.0,4544970,842.0,799.1,745.2
2026-08-14,3189,841.0,862.0,840.0,862.0,4293886,849.8,821.8,753.65
2026-08-17,3189,896.0,932.0,881.0,905.0,38323719,863.6,842.5,764.95
2026-08-18,3189,917.0,937.0,861.0,865.0,26966801,868.2,852.3,770.9
2026-08-19,3189,834.0,902.0,832.0,849.0,21079068,866.4,854.4,773.55
2026-08-20,3189,871.0,880.0,818.0,851.0,16928119,866.4,854.2,776.85
2026-08-21,3189,842.0,842.0,792.0,811.0,17272838,856.2,853.0,781.85
2026-08-24,3189,814.0,842.0,791.0,794.0,11764951,834.0,848.8,786.05
2026-08-25,3189,783.0,837.0,766.0,835.0,11433672,828.0,848.1,795.85
2026-08-26,3189,820.0,881.0,812.0,881.0,23277987,834.4,850.4,811.1
2026-08-27,3189,920.0,960.0,905.0,914.0,32580788,847.0,856.7,827.9
2026-08-28,3189,929.0,933.0,867.0,899.0,21576121,864.6,860.4,841.1
2026-08-31,3189,844.0,899.0,810.0,819.0,31932413,869.6,851.8,847.15
2026-09-01,3189,838.0,900.0,835.0,874.0,36368169,877.4,852.7,852.5
2026-09-02,3189,850.0,864.0,837.0,847.0,14894440,870.6,852.5,853.45
2026-09-03,3189,867.0,882.0,775.0,775.0,27084870,842.8,844.9,849.55
2026-09-04,3189,797.0,828.0,766.0,819.0,19778741,826.8,845.7,849.35
2026-09-07,3189,819.0,831.0,805.0,813.0,17014894,825.6,847.6,848.2
2026-09-08,3189,822.0,832.0,792.0,800.0,11072227,810.8,844.1,846.1
2026-09-09,3189,812.0,835.0,805.0,812.0,15225627,803.8,837.2,843.8
2026-09-10,3189,800.0,835.0,792.0,827.0,13682688,814.2,828.5,842.6
2026-09-11,3189,811.0,833.0,806.0,822.0,8394038,814.8,820.8,840.6
2026-09-14,3189,795.0,810.0,784.0,798.0,11217499,811.8,818.7,835.25
2026-09-15,3189,795.0,822.0,791.0,795.0,7509520,810.8,810.8,831.75
2026-09-16,3189,810.0,832.0,792.0,820.0,10957053,812.4,808.1,830.3
2026-09-17,3189,825.0,835.0,785.0,805.0,15730754,808.0,811.1,828.0
2026-09-18,3189,828.0,850.0,815.0,832.0,18317821,810.0,812.4,829.05
2026-09-21,3189,849.0,878.0,824.0,827.0,23391137,815.8,813.8,830.7
2026-09-22,3189,875.0,909.0,875.0,909.0,29109027,838.6,824.7,834.4
2026-09-23,3189,905.0,922.0,881.0,906.0,29744187,855.8,834.1,835.65
2026-09-24,3189,938.0,996.0,929.0,962.0,44137311,887.2,847.6,838.05
2026-02-23,3037,387.0,405.5,387.0,405.5,51972076,,,
2026-02-24,3037,410.5,446.0,408.0,446.0,85969566,,,
2026-02-25,3037,454.5,463.0,438.0,458.5,77302412,,,
2026-02-26,3037,458.0,484.5,436.0,481.5,85576984,,,
2026-03-02,3037,463.5,504.0,463.5,481.0,77111368,454.5,,
2026-03-03,3037,477.0,493.5,457.0,463.0,18315957,466.0,,
2026-03-04,3037,440.0,440.0,417.0,417.0,27313108,460.2,,
2026-03-05,3037,450.5,450.5,417.0,450.0,18583555,458.5,,
2026-03-06,3037,442.5,450.5,430.5,432.0,13951006,448.6,,
2026-03-09,3037,389.0,391.5,389.0,389.0,16081708,430.2,442.35,
2026-03-10,3037,410.0,427.5,410.0,424.0,15566596,422.4,444.2,
2026-03-11,3037,446.5,466.0,445.0,466.0,15139938,432.2,446.2,
2026-03-12,3037,466.5,486.0,461.0,480.0,15311434,438.2,448.35,
2026-03-13,3037,468.0,509.0,468.0,508.0,21131674,453.4,451.0,
2026-03-16,3037,519.0,550.0,505.0,549.0,17800019,485.4,457.8,
2026-03-17,3037,571.0,594.0,524.0,543.0,62525249,509.2,465.8,
2026-03-18,3037,550.0,591.0,539.0,580.0,50602935,532.0,482.1,
2026-03-19,3037,564.0,590.0,564.0,581.0,9690719,552.2,495.2,
2026-03-20,3037,577.0,577.0,533.0,554.0,9060263,561.4,507.4,
2026-03-23,3037,501.0,512.0,499.0,499.0,8936699,551.4,518.4,480.375
2026-03-24,3037,510.0,510.0,449.5,460.0,10317920,534.8,522.0,483.1
2026-03-25,3037,487.5,506.0,487.5,506.0,5286906,520.0,526.0,486.1
2026-03-26,3037,510.0,538.0,500.0,502.0,8065176,504.2,528.2,488.275
2026-03-27,3037,473.0,505.0,473.0,505.0,5779396,494.4,527.9,489.45
2026-03-30,3037,485.0,496.0,473.5,493.5,5105202,493.3,522.35,490.075
2026-03-31,3037,479.0,479.0,444.5,444.5,10008247,490.2,512.5,489.15
2026-04-01,3037,484.0,488.5,477.0,488.5,8025819,486.7,503.35,492.725
2026-04-02,3037,535.0,537.0,515.0,519.0,49200504,490.1,497.15,496.175
2026-04-07,3037,546.0,570.0,545.0,564.0,36593469,501.9,498.15,502.775
2026-04-08,3037,606.0,620.0,597.0,620.0,40382195,527.2,510.25,514.325
2026-04-09,3037,624.0,655.0,614.0,625.0,43182032,563.3,526.75,524.375
2026-04-10,3037,641.0,660.0,620.0,638.0,31035746,593.2,539.95,532.975
2026-04-13,3037,635.0,648.0,624.0,626.0,58280942,614.6,552.35,540.275
2026-04-14,3037,630.0,630.0,592.0,597.0,10850371,621.2,561.55,544.725
2026-04-15,3037,600.0,629.0,600.0,618.0,8044362,620.8,574.0,548.175
2026-04-16,3037,620.0,646.0,606.0,645.0,7013959,624.8,594.05,553.275
2026-04-17,3037,640.0,645.0,633.0,643.0,4620642,625.8,609.5,556.425
2026-04-20,3037,644.0,707.0,644.0,678.0,9523328,636.2,625.4,561.275
2026-04-21,3037,710.0,715.0,700.0,710.0,8275747,658.8,640.0,569.075
2026-04-22,3037,718.0,730.0,711.0,716.0,4691666,678.4,649.6,579.925
2026-04-23,3037,726.0,749.0,660.0,728.0,8318815,695.0,659.9,593.325
2026-04-24,3037,775.0,790.0,760.0,790.0,9904455,724.4,675.1,607.525
2026-04-27,3037,835.0,839.0,790.0,839.0,8268907,756.6,696.4,624.375
2026-04-28,3037,864.0,886.0,822.0,825.0,40694123,779.6,719.2,640.375
2026-04-29,3037,805.0,832.0,782.0,803.0,33105424,797.0,737.7,655.85
2026-04-30,3037,828.0,883.0,815.0,883.0,34452546,828.0,761.5,677.775
2026-05-04,3037,912.0,920.0,862.0,911.0,43775340,852.2,788.3,698.9
2026-05-05,3037,899.0,948.0,893.0,903.0,28445776,865.0,810.8,718.1
2026-05-06,3037,908.0,928.0,846.0,858.0,44744339,871.6,825.6,732.8
2026-05-07,3037,875.0,905.0,862.0,896.0,26519253,890.2,843.6,746.6
2026-05-08,3037,871.0,872.0,808.0,818.0,36009716,877.2,852.6,756.25
2026-05-11,3037,830.0,889.0,822.0,861.0,28324275,867.2,859.7,767.4
2026-05-12,3037,904.0,926.0,872.0,875.0,30082205,861.6,863.3,779.85
2026-05-13,3037,853.0,903.0,853.0,892.0,26722633,868.4,870.0,794.6
2026-05-14,3037,910.0,918.0,879.0,881.0,29924774,865.4,877.8,807.75
2026-05-15,3037,901.0,902.0,814.0,821.0,31599903,866.0,871.6,816.55
2026-05-18,3037,791.0,818.0,776.0,816.0,21413916,857.0,862.1,825.2
2026-05-19,3037,821.0,860.0,808.0,818.0,23542123,845.6,853.6,832.2
2026-05-20,3037,819.0,830.0,793.0,823.0,21306136,831.8,850.1,837.85
2026-05-21,3037,870.0,905.0,868.0,905.0,32618917,836.6,851.0,847.3
2026-05-22,3037,932.0,986.0,931.0,970.0,42132962,866.4,866.2,859.4
2026-05-25,3037,1020.0,1030.0,978.0,990.0,24465071,901.2,879.1,869.4
2026-05-26,3037,992.0,1085.0,989.0,1085.0,34270461,954.6,900.1,881.7
2026-05-27,3037,1105.0,1110.0,1045.0,1080.0,27365393,1006.0,918.9,894.45
2026-05-28,3037,1125.0,1130.0,1000.0,1025.0,25166670,1030.0,933.3,905.55
2026-05-29,3037,1090.0,1095.0,1035.0,1055.0,21107426,1047.0,956.7,914.15
2026-06-01,3037,1070.0,1100.0,1025.0,1050.0,19127603,1059.0,980.1,921.1
2026-06-02,3037,1050.0,1050.0,950.0,975.0,29360754,1037.0,995.8,924.7
2026-06-03,3037,976.0,1010.0,964.0,1000.0,19513439,1021.0,1013.5,931.8
2026-06-04,3037,977.0,1005.0,970.0,971.0,13760914,1010.2,1020.1,935.55
2026-06-05,3037,950.0,969.0,890.0,933.0,26076886,985.8,1016.4,941.3
2026-06-08,3037,840.0,925.0,840.0,911.0,25312312,958.0,1008.5,943.8
2026-06-09,3037,950.0,972.0,920.0,969.0,23269699,956.8,996.9,948.5
2026-06-10,3037,938.0,960.0,875.0,884.0,26494510,933.6,977.3,948.1
2026-06-11,3037,884.0,906.0,811.0,854.0,27061060,910.2,960.2,946.75
2026-06-12,3037,922.0,930.0,890.0,902.0,15944333,904.0,944.9,950.8
2026-06-15,3037,948.0,961.0,920.0,960.0,16599358,913.8,935.9,958.0
2026-06-16,3037,986.0,1005.0,965.0,981.0,20022281,916.2,936.5,966.15
2026-06-17,3037,970.0,1010.0,965.0,988.0,18169059,937.0,935.3,974.4
2026-06-18,3037,1000.0,1005.0,965.0,968.0,21005907,959.8,935.0,977.55
2026-06-22,3037,999.0,1055.0,992.0,1005.0,27784024,980.4,942.2,979.3
2026-06-23,3037,1000.0,1075.0,974.0,974.0,26622491,983.2,948.5,978.5
2026-06-24,3037,938.0,952.0,916.0,931.0,27122991,973.2,944.7,970.8
2026-06-25,3037,949.0,1020.0,944.0,1020.0,34425108,979.6,958.3,967.8
2026-06-26,3037,1000.0,1090.0,964.0,975.0,77949761,981.0,970.4,965.3
2026-06-29,3037,999.0,1010.0,950.0,976.0,28369251,975.2,977.8,961.35
2026-06-30,3037,1015.0,1070.0,1010.0,1070.0,33861853,994.4,988.8,962.35
2026-07-01,3037,1085.0,1115.0,1035.0,1040.0,33357506,1016.2,994.7,965.6
2026-07-02,3037,998.0,1015.0,978.0,979.0,28769154,1008.0,993.8,964.55
2026-07-03,3037,945.0,982.0,926.0,969.0,19183211,1006.8,993.9,964.45
2026-07-06,3037,972.0,972.0,897.0,917.0,24878605,995.0,985.1,963.65
2026-07-07,3037,880.0,901.0,836.0,840.0,44703256,949.0,971.7,960.1
2026-07-08,3037,856.0,882.0,843.0,863.0,33631297,913.6,964.9,954.8
2026-07-09,3037,890.0,925.0,867.0,875.0,33401581,892.8,950.4,954.35
2026-07-13,3037,921.0,948.0,892.0,903.0,33722307,879.6,943.2,956.8
2026-07-14,3037,896.0,914.0,826.0,874.0,28345812,871.0,933.0,955.4
2026-07-15,3037,882.0,960.0,870.0,936.0,37778377,890.2,919.6,954.2
2026-07-16,3037,911.0,915.0,872.0,882.0,27974533,894.0,903.8,949.25
2026-07-17,3037,809.0,842.0,794.0,794.0,30076422,877.8,885.3,939.55
2026-07-20,3037,778.0,812.0,747.0,750.0,30661875,847.2,863.4,928.65
2026-07-21,3037,785.0,825.0,775.0,825.0,18816207,837.4,854.2,919.65
2026-07-22,3037,876.0,907.0,876.0,907.0,25034100,831.6,860.9,916.3
2026-07-23,3037,915.0,918.0,872.0,896.0,27135078,834.4,864.2,914.55
2026-07-24,3037,880.0,892.0,825.0,839.0,19813146,843.4,860.6,905.5
2026-07-27,3037,850.0,854.0,804.0,848.0,15654238,863.0,855.1,899.15
2026-07-28,3037,791.0,792.0,764.0,764.0,18182748,850.8,844.1,888.55
2026-07-29,3037,785.0,786.0,688.0,688.0,30987156,807.0,819.3,869.45
2026-07-30,3037,670.0,756.0,653.0,716.0,51045032,771.0,802.7,853.25
2026-07-31,3037,787.0,787.0,787.0,787.0,3163252,760.6,802.0,843.65
2026-08-03,3037,842.0,865.0,842.0,865.0,22551444,764.0,813.5,838.45
2026-08-04,3037,878.0,948.0,873.0,924.0,54032638,796.0,823.4,838.8
2026-08-05,3037,1005.0,1010.0,962.0,969.0,44514982,852.2,829.6,845.25
2026-08-06,3037,958.0,995.0,928.0,973.0,25817573,903.6,837.3,850.75
2026-08-07,3037,986.0,999.0,942.0,955.0,21596279,937.2,848.9,854.75
2026-08-10,3037,979.0,995.0,976.0,992.0,7464140,962.6,863.3,859.2
2026-08-11,3037,988.0,995.0,972.0,992.0,5181158,976.2,886.1,865.1
2026-08-12,3037,999.0,1010.0,990.0,1000.0,8196771,982.4,917.3,868.3
2026-08-13,3037,1045.0,1045.0,976.0,1000.0,8899504,987.8,945.7,874.2
2026-08-14,3037,1020.0,1025.0,995.0,1020.0,9634898,1000.8,969.0,885.5
2026-08-17,3037,1045.0,1120.0,1035.0,1120.0,53834958,1026.4,994.5,904.0
2026-08-18,3037,1130.0,1200.0,1115.0,1145.0,38561591,1057.0,1016.6,920.0
2026-08-19,3037,1110.0,1165.0,1085.0,1130.0,24496587,1083.0,1032.7,931.15
2026-08-20,3037,1165.0,1165.0,1085.0,1140.0,16346229,1111.0,1049.4,943.35
2026-08-21,3037,1120.0,1120.0,1030.0,1085.0,23202820,1124.0,1062.4,955.65
2026-08-24,3037,1100.0,1120.0,1065.0,1075.0,10751981,1115.0,1070.7,967.0
2026-08-25,3037,1070.0,1095.0,1030.0,1095.0,15157518,1105.0,1081.0,983.55
2026-08-26,3037,1090.0,1180.0,1080.0,1160.0,22926945,1111.0,1097.0,1007.15
2026-08-27,3037,1170.0,1205.0,1150.0,1180.0,24046490,1119.0,1115.0,1030.35
2026-08-28,3037,1200.0,1230.0,1070.0,1110.0,28940854,1124.0,1124.0,1046.5
2026-08-31,3037,999.0,999.0,999.0,999.0,5892091,1108.8,1111.9,1053.2
2026-09-01,3037,921.0,994.0,911.0,971.0,94479548,1084.0,1094.5,1055.55
2026-09-02,3037,955.0,988.0,948.0,973.0,26059464,1046.6,1078.8,1055.75
2026-09-03,3037,997.0,1005.0,923.0,923.0,33450176,995.2,1057.1,1053.25
2026-09-04,3037,930.0,940.0,873.0,902.0,40890597,953.6,1038.8,1050.6
2026-09-07,3037,939.0,965.0,911.0,949.0,22187760,943.6,1026.2,1048.45
2026-09-08,3037,964.0,975.0,939.0,954.0,17812108,940.2,1012.1,1046.55
2026-09-09,3037,980.0,1005.0,980.0,993.0,21332775,944.2,995.4,1046.2
2026-09-10,3037,993.0,1005.0,966.0,994.0,19157314,958.4,976.8,1045.9
2026-09-11,3037,969.0,990.0,958.0,977.0,11445626,973.4,963.5,1043.75
2026-09-14,3037,947.0,979.0,932.0,970.0,13143338,977.6,960.6,1036.25
2026-09-15,3037,969.0,986.0,951.0,951.0,9646657,977.0,958.6,1026.55
2026-09-16,3037,961.0,971.0,940.0,961.0,11860204,970.6,957.4,1018.1
2026-09-17,3037,979.0,993.0,940.0,940.0,16743181,959.8,959.1,1008.1
2026-09-18,3037,973.0,990.0,971.0,981.0,14576719,960.6,967.0,1002.9
2026-09-21,3037,999.0,1055.0,999.0,1020.0,17461527,970.6,974.1,1000.15
2026-09-22,3037,1120.0,1120.0,1105.0,1120.0,10824677,1004.4,990.7,1001.4
2026-09-23,3037,1120.0,1200.0,1115.0,1160.0,23050412,1044.2,1007.4,1001.4
2026-09-24,3037,1155.0,1190.0,1145.0,1185.0,16628391,1093.2,1026.5,1001.65
2026-02-23,2327,281.5,281.5,277.5,281.5,36452101,,,
2026-02-24,2327,287.0,304.0,285.5,301.0,82390067,,,
2026-02-25,2327,306.0,306.5,292.0,300.0,37097879,,,
2026-02-26,2327,298.5,300.0,289.0,298.0,46680499,,,
2026-03-02,2327,282.0,297.5,282.0,292.0,30119542,294.5,,
2026-03-03,2327,298.5,299.0,280.0,280.5,42404161,294.3,,
2026-03-04,2327,270.0,275.0,256.0,259.0,42760848,285.9,,
2026-03-05,2327,271.0,274.5,264.0,267.5,25410832,279.4,,
2026-03-06,2327,266.0,269.5,262.0,265.0,15480634,272.8,,
2026-03-09,2327,242.5,248.5,240.0,248.5,30090677,264.1,279.3,
2026-03-10,2327,260.0,264.0,253.0,258.5,21595555,259.7,277.0,
2026-03-11,2327,264.0,267.5,263.0,264.5,18952090,260.8,273.35,
2026-03-12,2327,260.0,260.5,250.0,251.5,26640744,257.6,268.5,
2026-03-13,2327,246.0,259.5,246.0,258.0,14665886,256.2,264.5,
2026-03-16,2327,260.0,261.5,255.0,260.0,14647104,258.5,261.3,
2026-03-17,2327,264.0,286.0,263.0,286.0,54160595,264.0,261.85,
2026-03-18,2327,292.0,296.0,276.5,280.5,59864948,267.2,264.0,
2026-03-19,2327,273.5,283.5,272.0,275.0,32070888,271.9,264.75,
2026-03-20,2327,280.0,287.0,266.5,271.0,31157729,274.5,265.35,
2026-03-23,2327,255.0,258.0,250.5,253.0,28523889,273.1,265.8,272.55
2026-03-24,2327,258.0,258.0,246.0,250.5,18546090,266.0,265.0,271.0
2026-03-25,2327,257.5,263.0,257.0,260.0,13974693,261.9,264.55,268.95
2026-03-26,2327,259.0,268.0,259.0,262.0,13615883,259.3,265.6,267.05
2026-03-27,2327,258.0,261.0,253.5,260.0,11792119,257.1,265.8,265.15
2026-03-30,2327,253.5,258.0,250.0,258.0,12430623,258.1,265.6,263.45
2026-03-31,2327,256.5,258.5,243.0,243.5,21189271,256.7,261.35,261.6
2026-04-01,2327,252.5,256.0,251.0,251.5,12122969,255.0,258.45,261.225
2026-04-02,2327,256.0,257.0,245.0,246.0,13724318,251.8,255.55,260.15
2026-04-07,2327,250.0,257.0,249.5,256.0,12824931,251.0,254.05,259.7
2026-04-08,2327,267.5,273.5,264.0,271.5,23604593,253.7,255.9,260.85
2026-04-09,2327,276.0,282.0,273.0,281.5,35053346,261.3,259.0,262.0
2026-04-10,2327,290.0,292.0,283.0,285.0,32500766,268.0,261.5,263.025
2026-04-13,2327,300.5,311.0,292.0,303.5,98816325,279.5,265.65,265.625
2026-04-14,2327,311.5,314.0,299.0,312.0,71255856,290.7,270.85,268.325
2026-04-15,2327,321.5,332.0,316.5,322.0,76263816,300.8,277.25,271.425
2026-04-16,2327,320.0,331.5,304.5,325.0,68355051,309.5,285.4,273.375
2026-04-17,2327,330.0,336.5,316.0,316.5,50323777,315.8,291.9,275.175
2026-04-20,2327,320.0,329.5,315.5,319.5,31507671,319.0,299.25,277.4
2026-04-21,2327,326.0,329.0,317.0,323.0,33539837,321.2,305.95,280.0
2026-04-22,2327,329.0,329.0,315.5,315.5,30222804,319.9,310.35,283.125
2026-04-23,2327,316.0,320.0,289.5,295.0,58857941,313.9,311.7,285.35
2026-04-24,2327,295.5,301.0,290.0,297.0,32633203,310.0,312.9,287.2
2026-04-27,2327,300.0,310.0,292.5,305.0,33181607,307.1,313.05,289.35
2026-04-28,2327,310.0,329.0,307.0,326.5,51369522,307.8,314.5,292.675
2026-04-29,2327,325.0,328.5,317.5,322.0,28052238,309.1,314.5,295.875
2026-04-30,2327,323.0,333.0,317.0,317.0,35517666,313.5,313.7,299.55
2026-05-04,2327,327.0,345.0,314.0,342.5,54798027,322.6,316.3,304.1
2026-05-05,2327,344.5,357.5,341.0,348.5,39818124,331.3,319.2,309.225
2026-05-06,2327,360.0,361.5,331.0,338.0,44347027,333.6,320.7,313.325
2026-05-07,2327,345.5,371.5,337.5,371.5,52950937,343.5,326.3,318.325
2026-05-08,2327,390.0,400.0,369.5,389.0,96857168,357.9,335.7,323.7
2026-05-11,2327,394.5,398.5,370.0,391.5,51692723,367.7,345.15,329.025
2026-05-12,2327,399.0,430.0,390.5,419.5,63365273,381.9,356.6,334.825
2026-05-13,2327,410.0,427.5,404.0,420.0,53261565,398.3,365.95,340.225
2026-05-14,2327,462.0,462.0,462.0,462.0,17046742,416.4,379.95,347.225
2026-05-15,2327,462.0,492.5,447.5,455.5,116741355,429.7,393.8,353.75
2026-05-18,2327,475.0,501.0,467.5,501.0,92207451,451.6,409.65,362.975
2026-05-19,2327,501.0,516.0,485.5,497.0,89070238,467.1,424.5,371.85
2026-05-20,2327,514.0,545.0,503.0,520.0,84883235,487.1,442.7,381.7
2026-05-21,2327,561.0,572.0,560.0,572.0,24699193,509.1,462.75,394.525
2026-05-22,2327,605.0,629.0,600.0,629.0,73991747,543.8,486.75,411.225
2026-05-25,2327,679.0,691.0,662.0,691.0,67663245,581.8,516.7,430.925
2026-05-26,2327,674.0,678.0,631.0,661.0,29457930,614.6,540.85,448.725
2026-05-27,2327,683.0,727.0,683.0,701.0,24969369,650.8,568.95,467.45
2026-05-28,2327,709.0,769.0,709.0,742.0,25023375,684.8,596.95,488.45
2026-05-29,2327,775.0,784.0,735.0,738.0,28926802,706.6,625.2,509.5
2026-06-01,2327,765.0,811.0,765.0,790.0,32143661,726.4,654.1,531.875
2026-06-02,2327,771.0,847.0,757.0,846.0,23216094,763.4,689.0,556.75
2026-06-03,2327,810.0,844.0,810.0,820.0,16771572,787.2,719.0,580.85
2026-06-04,2327,775.0,788.0,743.0,743.0,24383227,787.4,736.1,599.425
2026-06-05,2327,708.0,778.0,670.0,769.0,29037062,793.6,750.1,618.425
2026-06-08,2327,693.0,751.0,693.0,751.0,26219850,785.8,756.1,636.4
2026-06-09,2327,790.0,826.0,772.0,826.0,52270522,781.8,772.6,656.725
2026-06-10,2327,864.0,908.0,803.0,819.0,100512220,781.6,784.4,676.675
2026-06-11,2327,850.0,861.0,761.0,842.0,121334804,801.4,794.4,695.675
2026-06-12,2327,919.0,919.0,852.0,855.0,90466919,818.6,806.1,715.65
2026-06-15,2327,921.0,940.0,921.0,940.0,42102101,856.4,821.1,737.6
2026-06-16,2327,970.0,1000.0,950.0,950.0,79608290,881.2,831.5,760.25
2026-06-17,2327,936.0,998.0,930.0,984.0,56180641,914.2,847.9,783.45
2026-06-18,2327,1015.0,1080.0,974.0,1080.0,93655965,961.8,881.6,808.85
2026-06-22,2327,1115.0,1120.0,1040.0,1065.0,62351693,1003.8,911.2,830.65
2026-06-23,2327,1060.0,1085.0,1020.0,1020.0,46353029,1019.8,938.1,847.1
2026-06-24,2327,1005.0,1075.0,985.0,1050.0,49108726,1039.8,960.5,866.55
2026-06-25,2327,1070.0,1155.0,1040.0,1125.0,61345553,1068.0,991.1,887.75
2026-06-26,2327,1100.0,1100.0,1015.0,1015.0,58156126,1055.0,1008.4,901.4
2026-06-29,2327,985.0,1065.0,979.0,1040.0,40955663,1050.0,1026.9,916.5
2026-06-30,2327,1065.0,1140.0,1045.0,1140.0,57942123,1074.0,1046.9,934.0
2026-07-01,2327,1200.0,1220.0,1130.0,1140.0,71542282,1092.0,1065.9,948.7
2026-07-02,2327,1095.0,1125.0,1040.0,1055.0,46303421,1078.0,1073.0,960.45
2026-07-03,2327,1010.0,1075.0,999.0,1045.0,44635306,1084.0,1069.5,975.55
2026-07-06,2327,1045.0,1055.0,985.0,1005.0,42912780,1077.0,1063.5,987.35
2026-07-07,2327,1000.0,1025.0,905.0,905.0,65596739,1030.0,1052.0,995.05
2026-07-08,2327,906.0,930.0,856.0,891.0,70899485,980.2,1036.1,998.3
2026-07-09,2327,915.0,948.0,900.0,900.0,51406489,949.2,1013.6,1002.35
2026-07-13,2327,921.0,921.0,810.0,816.0,72043684,903.4,993.7,1001.05
2026-07-14,2327,798.0,823.0,737.0,778.0,82779815,858.0,967.5,997.2
2026-07-15,2327,799.0,813.0,773.0,798.0,52243302,836.6,933.3,990.1
2026-07-16,2327,775.0,807.0,775.0,776.0,43167093,813.6,896.9,981.4
2026-07-17,2327,710.0,724.0,699.0,699.0,47311948,773.4,861.3,967.15
2026-07-20,2327,663.0,666.0,630.0,630.0,39385060,736.2,819.8,944.65
2026-07-21,2327,621.0,680.0,608.0,670.0,96163970,714.6,786.3,924.9
2026-07-22,2327,713.0,730.0,676.0,703.0,75283059,695.6,766.1,909.05
2026-07-23,2327,708.0,732.0,681.0,696.0,59707395,679.6,746.6,891.35
2026-07-24,2327,679.0,685.0,639.0,642.0,41798307,668.2,720.8,867.2
2026-07-27,2327,650.0,655.0,590.0,625.0,56857378,667.2,701.7,847.7
2026-07-28,2327,575.0,582.0,563.0,563.0,35712662,645.8,680.2,823.85
2026-07-29,2327,539.0,545.0,507.0,507.0,51708941,606.6,651.1,792.2
2026-07-30,2327,479.5,527.0,456.5,456.5,106828585,558.7,619.15,758.025
2026-07-31,2327,502.0,502.0,502.0,502.0,6398641,530.7,599.45,730.375
2026-08-03,2327,534.0,552.0,526.0,552.0,22438342,516.1,591.65,705.725
2026-08-04,2327,581.0,583.0,545.0,566.0,97625584,516.7,581.25,683.775
2026-08-05,2327,608.0,618.0,568.0,578.0,63678413,530.9,568.75,667.425
2026-08-06,2327,563.0,578.0,536.0,570.0,53296450,553.6,556.15,651.375
2026-08-07,2327,560.0,578.0,531.0,540.0,44277453,561.2,545.95,633.375
2026-08-10,2327,558.0,578.0,557.0,573.0,36354305,565.4,540.75,621.225
2026-08-11,2327,568.0,623.0,567.0,617.0,81650622,575.6,546.15,613.175
2026-08-12,2327,607.0,625.0,600.0,602.0,56066841,580.4,555.65,603.375
2026-08-13,2327,631.0,662.0,626.0,662.0,46850905,598.8,576.2,597.675
2026-08-14,2327,668.0,668.0,617.0,622.0,73827926,615.2,588.2,593.825
2026-08-17,2327,620.0,622.0,596.0,608.0,36648051,622.2,593.8,592.725
2026-08-18,2327,614.0,615.0,574.0,576.0,37659843,614.0,594.8,588.025
2026-08-19,2327,547.0,590.0,547.0,576.0,56295383,608.8,594.6,581.675
2026-08-20,2327,583.0,583.0,550.0,562.0,43070768,588.8,593.8,574.975
2026-08-21,2327,561.0,567.0,553.0,554.0,20632149,575.2,595.2,570.575
2026-08-24,2327,557.0,580.0,551.0,551.0,23354983,563.8,593.0,566.875
2026-08-25,2327,547.0,548.0,515.0,544.0,34567419,557.4,585.7,565.925
2026-08-26,2327,535.0,540.0,526.0,537.0,27582304,549.6,579.2,567.425
2026-08-27,2327,545.0,560.0,529.0,555.0,50182079,548.2,568.5,572.35
2026-08-28,2327,581.0,610.0,576.0,597.0,81106200,556.8,566.0,577.1
2026-08-31,2327,580.0,590.0,538.0,545.0,71750955,555.6,559.7,576.75
2026-09-01,2327,551.0,576.0,550.0,568.0,57762664,560.4,558.9,576.85
2026-09-02,2327,552.0,552.0,537.0,540.0,35836154,561.0,555.3,574.95
2026-09-03,2327,545.0,545.0,511.0,511.0,34250413,552.2,550.2,572.0
2026-09-04,2327,535.0,562.0,532.0,562.0,57702985,545.2,551.0,573.1
2026-09-07,2327,575.0,605.0,570.0,589.0,71286963,554.0,554.8,573.9
2026-09-08,2327,580.0,584.0,565.0,567.0,39419068,553.8,557.1,571.4
2026-09-09,2327,574.0,585.0,563.0,565.0,28243237,558.8,559.9,569.55
2026-09-10,2327,558.0,582.0,543.0,572.0,38051425,571.0,561.6,565.05
2026-09-11,2327,552.0,570.0,544.0,544.0,35558765,567.4,556.3,561.15
2026-09-14,2327,525.0,550.0,520.0,545.0,22504178,558.6,556.3,558.0
2026-09-15,2327,550.0,558.0,535.0,537.0,22575963,552.6,553.2,556.05
2026-09-16,2327,539.0,543.0,526.0,536.0,27854767,546.8,552.8,554.05
2026-09-17,2327,543.0,553.0,529.0,529.0,22992927,538.2,554.6,552.4
2026-09-18,2327,543.0,550.0,533.0,550.0,26963850,539.4,553.4,552.2
2026-09-21,2327,556.0,579.0,556.0,557.0,27387944,541.8,550.2,552.5
2026-09-22,2327,578.0,588.0,566.0,571.0,42736611,548.6,550.6,553.85
2026-09-23,2327,581.0,601.0,570.0,573.0,42588422,556.0,551.4,555.65
2026-09-24,2327,568.0,589.0,560.0,580.0,35926454,566.2,552.2,556.9
2026-02-23,8046,448.5,457.5,448.5,457.5,6258659,,,
2026-02-24,8046,478.0,503.0,477.0,503.0,14641225,,,
2026-02-25,8046,530.0,553.0,510.0,553.0,27562388,,,
2026-02-26,8046,548.0,572.0,532.0,555.0,29702927,,,
2026-03-02,8046,540.0,566.0,531.0,541.0,3568553,521.9,,
2026-03-03,8046,545.0,560.0,500.0,500.0,3183204,530.4,,
2026-03-04,8046,466.0,466.0,450.0,450.0,4542256,519.8,,
2026-03-05,8046,488.0,488.0,441.5,461.0,4226190,501.4,,
2026-03-06,8046,461.0,471.5,450.0,469.5,2398486,484.3,,
2026-03-09,8046,423.0,423.0,423.0,423.0,710153,460.7,491.3,
2026-03-10,8046,434.5,445.0,409.0,428.0,3807587,446.3,488.35,
2026-03-11,8046,444.5,470.5,444.5,470.5,1732191,450.4,485.1,
2026-03-12,8046,459.0,480.0,458.0,468.5,1928076,451.9,476.65,
2026-03-13,8046,456.0,515.0,456.0,515.0,3385129,461.0,472.65,
2026-03-16,8046,542.0,566.0,508.0,566.0,30633522,489.6,475.15,
2026-03-17,8046,580.0,603.0,540.0,544.0,29422251,512.8,479.55,
2026-03-18,8046,549.0,580.0,535.0,567.0,18629808,532.1,491.25,
2026-03-19,8046,554.0,582.0,543.0,561.0,19507915,550.6,501.25,
2026-03-20,8046,563.0,571.0,525.0,541.0,20161280,555.8,508.4,
2026-03-23,8046,511.0,539.0,507.0,534.0,15708760,549.4,519.5,505.4
2026-03-24,8046,551.0,562.0,486.0,491.0,30733149,538.8,525.8,507.075
2026-03-25,8046,510.0,540.0,510.0,540.0,11030540,533.4,532.75,508.925
2026-03-26,8046,550.0,593.0,544.0,569.0,31163172,535.0,542.8,509.725
2026-03-27,8046,553.0,587.0,543.0,561.0,25431954,539.0,547.4,510.025
2026-03-30,8046,543.0,580.0,541.0,580.0,19641148,548.2,548.8,511.975
2026-03-31,8046,567.0,581.0,522.0,522.0,22840420,554.4,546.6,513.075
2026-04-01,8046,561.0,574.0,551.0,574.0,17700355,561.2,547.3,519.275
2026-04-02,8046,588.0,627.0,564.0,568.0,46908295,561.0,548.0,524.625
2026-04-07,8046,596.0,624.0,593.0,624.0,23582646,573.6,556.3,532.35
2026-04-08,8046,658.0,664.0,636.0,637.0,32033845,585.0,566.6,543.05
2026-04-09,8046,643.0,693.0,643.0,669.0,24577523,614.4,584.4,555.1
2026-04-10,8046,679.0,685.0,646.0,667.0,20854078,633.0,597.1,564.925
2026-04-13,8046,667.0,675.0,650.0,655.0,9081131,650.4,605.7,574.25
2026-04-14,8046,675.0,685.0,635.0,646.0,14865758,654.8,614.2,580.8
2026-04-15,8046,652.0,682.0,640.0,656.0,17929539,658.6,621.8,585.3
2026-04-16,8046,665.0,721.0,651.0,721.0,21809400,669.0,641.7,594.15
2026-04-17,8046,728.0,749.0,708.0,724.0,25620533,680.4,656.7,602.0
2026-04-20,8046,740.0,796.0,738.0,796.0,17335859,708.6,679.5,613.75
2026-04-21,8046,812.0,820.0,780.0,789.0,30182020,737.2,696.0,626.15
2026-04-22,8046,810.0,825.0,793.0,803.0,19033934,766.6,712.6,639.6
2026-04-23,8046,825.0,865.0,768.0,795.0,30328224,781.4,725.2,654.8
2026-04-24,8046,837.0,874.0,835.0,874.0,22699037,811.4,745.9,671.5
2026-04-27,8046,930.0,959.0,860.0,913.0,28297288,834.8,771.7,688.7
2026-04-28,8046,937.0,977.0,904.0,932.0,23729993,863.4,800.3,707.25
2026-04-29,8046,925.0,963.0,910.0,916.0,17717098,886.0,826.3,724.05
2026-04-30,8046,935.0,1005.0,926.0,1005.0,20919397,928.0,854.7,748.2
2026-05-04,8046,1020.0,1025.0,960.0,986.0,22522372,950.4,880.9,768.8
2026-05-05,8046,986.0,1035.0,975.0,997.0,11932373,967.2,901.0,790.25
2026-05-06,8046,1005.0,1025.0,901.0,940.0,22794178,968.8,916.1,806.05
2026-05-07,8046,970.0,980.0,932.0,947.0,11915247,975.0,930.5,821.55
2026-05-08,8046,942.0,942.0,853.0,854.0,20326159,944.8,936.4,830.8
2026-05-11,8046,857.0,918.0,857.0,908.0,13746504,929.2,939.8,842.85
2026-05-12,8046,928.0,965.0,899.0,900.0,15710508,909.8,938.5,855.1
2026-05-13,8046,861.0,896.0,861.0,880.0,11705998,897.8,933.3,866.8
2026-05-14,8046,899.0,900.0,846.0,847.0,20591500,877.8,926.4,876.35
2026-05-15,8046,851.0,855.0,780.0,786.0,19102823,864.2,904.5,879.6
2026-05-18,8046,775.0,798.0,765.0,791.0,10859623,840.8,885.0,882.95
2026-05-19,8046,800.0,830.0,786.0,798.0,9881030,820.4,865.1,883.05
2026-05-20,8046,807.0,843.0,783.0,829.0,12893086,810.2,854.0,885.05
2026-05-21,8046,885.0,903.0,862.0,872.0,18744950,815.2,846.5,888.5
2026-05-22,8046,904.0,952.0,904.0,934.0,17476938,844.8,854.5,895.45
2026-05-25,8046,940.0,947.0,879.0,884.0,30914905,863.4,852.1,895.95
2026-05-26,8046,888.0,947.0,871.0,922.0,24438087,888.2,854.3,896.4
2026-05-27,8046,939.0,966.0,897.0,905.0,22754033,903.4,856.8,895.05
2026-05-28,8046,905.0,909.0,837.0,850.0,20528191,899.0,857.1,891.75
2026-05-29,8046,860.0,867.0,825.0,848.0,17926232,881.8,863.3,883.9
2026-06-01,8046,842.0,923.0,838.0,905.0,21446815,886.0,874.7,879.85
2026-06-02,8046,905.0,907.0,834.0,862.0,14435807,874.0,881.1,873.1
2026-06-03,8046,860.0,920.0,856.0,904.0,17486574,873.8,888.6,871.3
2026-06-04,8046,870.0,900.0,866.0,878.0,8813911,879.4,889.2,867.85
2026-06-05,8046,865.0,875.0,813.0,845.0,14136931,878.8,880.3,867.4
2026-06-08,8046,761.0,853.0,761.0,831.0,15131933,864.0,875.0,863.55
2026-06-09,8046,852.0,914.0,842.0,914.0,18885820,874.4,874.2,864.25
2026-06-10,8046,894.0,912.0,843.0,847.0,17501947,863.0,868.4,862.6
2026-06-11,8046,845.0,863.0,777.0,807.0,19365377,848.8,864.1,860.6
2026-06-12,8046,850.0,868.0,812.0,819.0,13021503,843.6,861.2,862.25
2026-06-15,8046,842.0,865.0,830.0,860.0,10103522,849.4,856.7,865.7
2026-06-16,8046,860.0,929.0,858.0,902.0,16662698,847.0,860.7,870.9
2026-06-17,8046,895.0,920.0,871.0,885.0,17286897,854.6,858.8,873.7
2026-06-18,8046,900.0,912.0,874.0,874.0,17763806,868.0,858.4,873.8
2026-06-22,8046,891.0,910.0,862.0,864.0,21056848,877.0,860.3,870.3
2026-06-23,8046,875.0,945.0,867.0,909.0,34962190,886.8,868.1,871.55
2026-06-24,8046,906.0,956.0,887.0,955.0,24693365,897.4,872.2,873.2
2026-06-25,8046,990.0,1045.0,981.0,1045.0,26849041,929.4,892.0,880.2
2026-06-26,8046,1100.0,1145.0,1100.0,1125.0,35045851,979.6,923.8,893.95
2026-06-29,8046,1105.0,1140.0,1035.0,1080.0,22848830,1022.8,949.9,905.55
2026-06-30,8046,1145.0,1185.0,1145.0,1185.0,6270925,1078.0,982.4,919.55
2026-07-01,8046,1200.0,1285.0,1150.0,1175.0,21195715,1122.0,1009.7,935.2
2026-07-02,8046,1155.0,1180.0,1110.0,1145.0,11111399,1142.0,1035.7,947.25
2026-07-03,8046,1100.0,1210.0,1050.0,1185.0,13118601,1154.0,1066.8,962.6
2026-07-06,8046,1160.0,1170.0,1070.0,1075.0,14049159,1153.0,1087.9,974.1
2026-07-07,8046,1040.0,1135.0,1015.0,1030.0,18823215,1122.0,1100.0,984.05
2026-07-08,8046,1065.0,1130.0,1020.0,1105.0,21268557,1108.0,1115.0,993.6
2026-07-09,8046,1110.0,1215.0,1090.0,1215.0,24652125,1122.0,1132.0,1012.0
2026-07-13,8046,1280.0,1335.0,1265.0,1270.0,25734524,1139.0,1146.5,1035.15
2026-07-14,8046,1290.0,1305.0,1170.0,1290.0,23037416,1182.0,1167.5,1058.7
2026-07-15,8046,1350.0,1415.0,1305.0,1415.0,19358308,1259.0,1190.5,1086.45
2026-07-16,8046,1405.0,1415.0,1275.0,1275.0,19445905,1293.0,1200.5,1105.1
2026-07-17,8046,1155.0,1220.0,1150.0,1150.0,16446877,1280.0,1201.0,1118.35
2026-07-20,8046,1130.0,1165.0,1090.0,1105.0,18077328,1247.0,1193.0,1129.9
2026-07-21,8046,1165.0,1210.0,1145.0,1190.0,16995210,1227.0,1204.5,1146.2
2026-07-22,8046,1255.0,1305.0,1215.0,1305.0,17115866,1205.0,1232.0,1166.0
2026-07-23,8046,1280.0,1310.0,1175.0,1230.0,19046443,1196.0,1244.5,1179.75
2026-07-24,8046,1215.0,1230.0,1110.0,1110.0,11188398,1188.0,1234.0,1183.0
2026-07-27,8046,1090.0,1110.0,1045.0,1075.0,12128251,1182.0,1214.5,1180.5
2026-07-28,8046,996.0,1045.0,973.0,976.0,15703363,1139.2,1183.1,1175.3
2026-07-29,8046,994.0,995.0,879.0,879.0,13363060,1054.0,1129.5,1160.0
2026-07-30,8046,817.0,954.0,792.0,837.0,40319290,975.4,1085.7,1143.1
2026-07-31,8046,920.0,920.0,920.0,920.0,1729841,937.4,1062.7,1131.85
2026-08-03,8046,945.0,998.0,940.0,953.0,6123162,913.0,1047.5,1120.25
2026-08-04,8046,1020.0,1045.0,978.0,1045.0,5508466,926.8,1033.0,1118.75
2026-08-05,8046,1140.0,1145.0,1055.0,1060.0,5440142,963.0,1008.5,1120.25
2026-08-06,8046,1060.0,1130.0,1015.0,1105.0,3733233,1016.6,996.0,1120.25
2026-08-07,8046,1125.0,1125.0,1050.0,1080.0,4069277,1048.6,993.0,1113.5
2026-08-10,8046,1100.0,1180.0,1080.0,1130.0,3375300,1084.0,998.5,1106.5
2026-08-11,8046,1115.0,1160.0,1100.0,1150.0,2577232,1105.0,1015.9,1099.5
2026-08-12,8046,1170.0,1265.0,1130.0,1265.0,12966970,1146.0,1054.5,1092.0
2026-08-13,8046,1295.0,1300.0,1215.0,1215.0,19000379,1168.0,1092.3,1089.0
2026-08-14,8046,1235.0,1335.0,1205.0,1305.0,23319261,1213.0,1130.8,1096.75
2026-08-17,8046,1310.0,1380.0,1295.0,1295.0,19223157,1246.0,1165.0,1106.25
2026-08-18,8046,1320.0,1355.0,1245.0,1245.0,10339787,1265.0,1185.0,1109.0
2026-08-19,8046,1175.0,1280.0,1150.0,1180.0,15143786,1248.0,1197.0,1102.75
2026-08-20,8046,1225.0,1235.0,1155.0,1195.0,9650795,1244.0,1206.0,1101.0
2026-08-21,8046,1180.0,1200.0,1105.0,1135.0,11628964,1210.0,1211.5,1102.25
2026-08-24,8046,1135.0,1170.0,1105.0,1135.0,7449592,1178.0,1212.0,1105.25
2026-08-25,8046,1110.0,1170.0,1070.0,1160.0,8466384,1161.0,1213.0,1114.45
2026-08-26,8046,1140.0,1200.0,1125.0,1180.0,14184956,1161.0,1204.5,1129.5
2026-08-27,8046,1190.0,1295.0,1175.0,1295.0,7870703,1181.0,1212.5,1152.4
2026-08-28,8046,1300.0,1310.0,1215.0,1240.0,16449294,1202.0,1206.0,1168.4
2026-08-31,8046,1220.0,1325.0,1155.0,1230.0,20651309,1221.0,1199.5,1182.25
2026-09-01,8046,1260.0,1335.0,1220.0,1225.0,18224604,1234.0,1197.5,1191.25
2026-09-02,8046,1210.0,1225.0,1170.0,1200.0,7721646,1238.0,1199.5,1198.25
2026-09-03,8046,1225.0,1225.0,1080.0,1080.0,23330491,1195.0,1188.0,1197.0
2026-09-04,8046,1075.0,1095.0,1010.0,1055.0,18619387,1158.0,1180.0,1195.75
2026-09-07,8046,1080.0,1085.0,1045.0,1050.0,7294802,1122.0,1171.5,1191.75
2026-09-08,8046,1065.0,1075.0,1015.0,1025.0,6472507,1082.0,1158.0,1185.5
2026-09-09,8046,1075.0,1125.0,1065.0,1110.0,12270561,1064.0,1151.0,1177.75
2026-09-10,8046,1085.0,1105.0,1055.0,1070.0,6755869,1062.0,1128.5,1170.5
2026-09-11,8046,1045.0,1100.0,1035.0,1080.0,6348878,1067.0,1112.5,1159.25
2026-09-14,8046,1040.0,1070.0,1025.0,1055.0,6139066,1068.0,1095.0,1147.25
2026-09-15,8046,1070.0,1110.0,1055.0,1085.0,7742890,1080.0,1081.0,1139.25
2026-09-16,8046,1095.0,1115.0,1060.0,1105.0,7955496,1079.0,1071.5,1135.5
2026-09-17,8046,1120.0,1130.0,1060.0,1065.0,8133171,1078.0,1070.0,1129.0
2026-09-18,8046,1105.0,1120.0,1065.0,1100.0,10172303,1082.0,1074.5,1127.25
2026-09-21,8046,1110.0,1150.0,1050.0,1060.0,13819215,1083.0,1075.5,1123.5
2026-09-22,8046,1125.0,1165.0,1120.0,1165.0,17065812,1099.0,1089.5,1123.75
2026-09-23,8046,1185.0,1225.0,1150.0,1210.0,17566625,1120.0,1099.5,1125.25
2026-09-24,8046,1210.0,1270.0,1190.0,1240.0,13910571,1155.0,1116.5,1122.5
2026-02-23,2303,65.2,65.2,63.1,63.9,141934727,,,
2026-02-24,2303,64.3,69.5,64.0,67.5,183387861,,,
2026-02-25,2303,69.3,69.3,65.3,65.5,150052359,,,
2026-02-26,2303,66.0,67.4,65.0,65.4,175876832,,,
2026-03-02,2303,64.1,65.6,63.5,64.5,97505815,65.36,,
2026-03-03,2303,64.5,65.1,62.1,62.6,117084964,65.10000000000001,,
2026-03-04,2303,61.0,62.0,60.0,60.0,115005738,63.6,,
2026-03-05,2303,62.5,64.0,61.3,62.1,75908985,62.92,,
2026-03-06,2303,62.1,62.3,61.0,62.0,56242422,62.239999999999995,,
2026-03-09,2303,58.3,59.7,57.2,59.7,112494632,61.279999999999994,63.32000000000001,
2026-03-10,2303,60.8,61.2,59.0,60.4,75923713,60.839999999999996,62.970000000000006,
2026-03-11,2303,62.2,62.8,61.3,62.2,56074638,61.28000000000001,62.44000000000001,
2026-03-12,2303,62.2,62.2,60.2,60.6,65142651,60.98,61.95,
2026-03-13,2303,59.8,60.2,59.0,59.5,64731992,60.48,61.35999999999999,
2026-03-16,2303,60.5,61.0,60.1,60.5,58962603,60.64,60.959999999999994,
2026-03-17,2303,60.9,61.5,60.2,60.7,46839635,60.7,60.77,
2026-03-18,2303,61.3,61.5,60.4,61.1,65947546,60.480000000000004,60.88000000000001,
2026-03-19,2303,60.4,60.4,58.6,58.7,86044917,60.1,60.54,
2026-03-20,2303,58.5,59.0,57.7,57.8,81415502,59.760000000000005,60.120000000000005,
2026-03-23,2303,56.0,57.0,55.7,56.7,67645150,59.0,59.81999999999999,61.57000000000001
2026-03-24,2303,57.5,57.5,55.7,56.5,53128953,58.160000000000004,59.42999999999999,61.2
2026-03-25,2303,58.0,59.4,57.6,59.1,54253998,57.760000000000005,59.11999999999999,60.779999999999994
2026-03-26,2303,59.4,59.5,58.1,58.2,35177996,57.660000000000004,58.88000000000001,60.415
2026-03-27,2303,57.1,58.5,57.1,57.8,41614005,57.660000000000004,58.71,60.035000000000004
2026-03-30,2303,56.3,57.5,55.8,57.0,60726591,57.720000000000006,58.36,59.660000000000004
2026-03-31,2303,55.9,56.9,55.8,56.5,76985986,57.720000000000006,57.94,59.355
2026-04-01,2303,57.5,58.5,56.8,57.4,62311817,57.379999999999995,57.56999999999999,59.225
2026-04-02,2303,57.5,57.8,52.8,53.6,113154703,56.46,57.06,58.8
2026-04-07,2303,54.7,58.9,54.7,58.3,164604452,56.56,57.11,58.614999999999995
2026-04-08,2303,59.8,61.7,59.5,60.3,161796136,57.220000000000006,57.470000000000006,58.645
2026-04-09,2303,60.6,60.6,58.8,60.0,76674808,57.92,57.82000000000001,58.625
2026-04-10,2303,59.7,63.5,59.3,62.0,151934929,58.839999999999996,58.11,58.61500000000001
2026-04-13,2303,61.5,61.5,58.6,60.1,123930917,60.14,58.3,58.589999999999996
2026-04-14,2303,60.1,60.4,59.1,59.7,73308726,60.419999999999995,58.489999999999995,58.6
2026-04-15,2303,60.1,63.4,60.1,62.1,144674939,60.779999999999994,59.0,58.67999999999999
2026-04-16,2303,66.5,68.3,65.6,68.3,282525368,62.44,60.18000000000001,59.06
2026-04-17,2303,68.3,74.8,67.6,73.0,497159388,64.64,61.74000000000001,59.654999999999994
2026-04-20,2303,78.0,80.2,76.3,76.9,350982291,68.0,64.07000000000001,60.565
2026-04-21,2303,78.0,78.5,74.0,76.2,317295735,71.3,65.85999999999999,61.485
2026-04-22,2303,76.5,79.8,75.8,78.6,232933889,74.6,67.69,62.58
2026-04-23,2303,79.5,79.5,71.6,73.6,231697954,75.66,69.05,63.43499999999999
2026-04-24,2303,77.0,78.3,73.3,74.5,180527350,75.96000000000001,70.3,64.205
2026-04-27,2303,76.0,76.4,70.7,72.7,186952751,75.11999999999999,71.56,64.92999999999999
2026-04-28,2303,72.3,77.7,71.3,75.1,163741430,74.9,73.1,65.795
2026-04-29,2303,75.3,75.3,72.4,74.5,120372117,74.08,74.34,66.67
2026-04-30,2303,80.5,80.9,76.3,77.3,333288108,74.82000000000001,75.24,67.71000000000001
2026-05-04,2303,80.0,82.4,79.4,81.2,242174345,76.16,76.05999999999999,68.9
2026-05-05,2303,80.8,85.2,80.1,83.1,173093862,78.24,76.67999999999999,70.375
2026-05-06,2303,88.5,91.4,87.8,91.4,256466477,81.5,78.19999999999999,72.03
2026-05-07,2303,97.4,98.8,93.0,96.5,325904228,85.9,79.99,73.84
2026-05-08,2303,96.5,98.8,89.9,91.3,219273944,88.7,81.76,75.405
2026-05-11,2303,94.7,96.3,92.0,95.0,178723421,91.46,83.81,77.05499999999999
2026-05-12,2303,96.7,104.5,94.3,104.5,383024476,95.74000000000001,86.99,79.275
2026-05-13,2303,102.0,102.0,94.5,98.4,352973233,97.14,89.32000000000001,81.21
2026-05-14,2303,102.0,108.0,98.8,108.0,333998329,99.44,92.67,83.505
2026-05-15,2303,112.0,118.0,108.0,110.0,413940731,103.17999999999999,95.94,85.59
2026-05-18,2303,108.5,114.0,103.5,111.0,264201488,106.38,98.92,87.49000000000001
2026-05-19,2303,112.5,120.5,111.5,113.0,273826419,108.08,101.91,89.295
2026-05-20,2303,114.0,115.5,107.0,108.0,227934594,110.0,103.57000000000001,90.88499999999999
2026-05-21,2303,112.5,118.0,111.5,116.0,198946094,111.6,105.52000000000001,92.755
2026-05-22,2303,119.5,119.5,113.0,114.0,203495119,112.4,107.79,94.775
2026-05-25,2303,115.0,125.0,113.0,125.0,340935766,115.2,110.79,97.3
2026-05-26,2303,129.0,133.5,128.0,130.5,291896012,118.7,113.39000000000001,100.19000000000001
2026-05-27,2303,139.5,143.5,138.5,143.5,280261963,125.8,117.9,103.60999999999999
2026-05-28,2303,145.0,151.0,137.0,142.0,418286433,131.0,121.3,106.98499999999999
2026-05-29,2303,149.0,149.0,138.0,144.5,366515715,137.1,124.75,110.345
2026-06-01,2303,143.0,155.5,140.0,146.0,289268747,141.3,128.25,113.585
2026-06-02,2303,147.0,150.0,133.5,141.5,380584577,143.5,131.1,116.505
2026-06-03,2303,141.5,141.5,130.5,130.5,379788969,140.9,133.35,118.46
2026-06-04,2303,126.5,131.5,122.5,125.0,380918568,137.5,134.25,119.88499999999999
2026-06-05,2303,127.0,133.0,125.0,131.5,377903061,134.9,136.0,121.89500000000001
2026-06-08,2303,121.0,125.0,119.0,121.0,318679993,129.9,135.6,123.19500000000001
2026-06-09,2303,124.5,131.5,118.5,127.5,374359529,127.1,135.3,124.345
2026-06-10,2303,126.5,130.5,117.5,118.5,346766316,124.7,132.8,125.35
2026-06-11,2303,119.0,126.0,116.5,125.0,362586174,124.7,131.1,126.2
2026-06-12,2303,134.0,137.5,132.5,133.5,393604121,125.1,130.0,127.375
2026-06-15,2303,139.5,143.5,137.0,141.5,328881762,129.2,129.55,128.9
2026-06-16,2303,144.0,144.5,138.5,141.0,256468191,131.9,129.5,130.3
2026-06-17,2303,138.5,142.0,136.0,140.0,171758079,136.2,130.45,131.9
2026-06-18,2303,141.0,146.0,138.5,145.5,307999583,140.3,132.5,133.375
2026-06-22,2303,160.0,160.0,160.0,160.0,66171376,145.6,135.35,135.675
2026-06-23,2303,173.0,176.0,167.5,170.0,550642760,151.3,140.25,137.925
2026-06-24,2303,172.0,185.5,165.5,178.0,566145556,158.7,145.3,140.3
2026-06-25,2303,183.5,185.5,173.0,178.5,397685486,166.4,151.3,142.05
2026-06-26,2303,175.0,176.0,162.0,164.0,382690528,170.1,155.2,143.15
2026-06-29,2303,164.5,167.0,160.0,164.0,222684902,170.9,158.25,144.125
2026-06-30,2303,169.0,173.5,164.5,164.5,300680863,169.8,160.55,145.05
2026-07-01,2303,170.0,173.0,166.5,169.0,244699836,168.0,163.35,146.425
2026-07-02,2303,164.0,168.0,158.0,165.5,83488559,165.4,165.9,148.175
2026-07-03,2303,159.0,170.5,158.5,170.5,75996283,166.7,168.4,150.45
2026-07-06,2303,171.5,171.5,164.0,166.0,55004854,167.1,169.0,152.175
2026-07-07,2303,167.0,167.5,152.0,155.0,91482176,165.2,167.5,153.875
2026-07-08,2303,156.0,163.0,149.0,163.0,88907493,164.0,166.0,155.65
2026-07-09,2303,161.0,161.0,154.0,156.0,59926265,162.1,163.75,157.525
2026-07-13,2303,156.0,158.0,151.5,153.5,68418819,158.7,162.7,158.95
2026-07-14,2303,150.5,151.0,140.0,151.0,87772753,155.7,161.4,159.825
2026-07-15,2303,158.5,166.0,156.0,166.0,111015473,157.9,161.55,161.05
2026-07-16,2303,161.5,168.0,159.0,160.0,88319859,157.3,160.65,162.0
2026-07-17,2303,145.5,148.0,144.0,144.0,252067369,154.9,158.5,162.2
2026-07-20,2303,141.0,141.0,130.0,130.0,297589744,150.2,154.45,161.425
2026-07-21,2303,130.0,138.0,125.5,134.5,259729470,146.9,151.3,160.15
2026-07-22,2303,140.5,145.0,137.5,139.0,176785970,141.5,149.7,158.6
2026-07-23,2303,141.0,142.5,135.5,138.5,115296489,137.2,147.25,156.625
2026-07-24,2303,135.0,138.0,128.0,128.0,152268547,134.0,144.45,154.1
2026-07-27,2303,123.0,127.0,118.0,126.0,219388398,133.2,141.7,152.2
2026-07-28,2303,115.0,117.0,113.5,113.5,152348721,129.0,137.95,149.675
2026-07-29,2303,109.5,112.0,102.5,102.5,271683852,121.7,131.6,146.575
2026-07-30,2303,107.5,112.5,105.0,110.0,376328814,116.0,126.6,143.625
2026-07-31,2303,121.0,121.0,121.0,121.0,45464057,114.6,124.3,141.4
2026-08-03,2303,125.5,126.0,116.0,118.0,372708183,113.0,123.1,138.775
2026-08-04,2303,118.5,120.0,115.5,118.5,181714211,114.0,121.5,136.4
2026-08-05,2303,129.0,129.0,121.5,122.0,279502812,117.9,119.8,134.75
2026-08-06,2303,121.5,123.5,118.0,121.5,149054040,120.2,118.1,132.675
2026-08-07,2303,121.5,121.5,114.0,116.0,169352784,119.2,116.9,130.675
2026-08-10,2303,117.0,123.5,117.0,123.0,175668376,120.2,116.6,129.15
2026-08-11,2303,121.5,124.5,120.0,123.0,79882055,121.1,117.55,127.75
2026-08-12,2303,123.0,125.5,121.0,123.0,93125712,121.3,119.6,125.6
2026-08-13,2303,125.5,130.5,123.0,124.5,201443326,121.9,121.05,123.825
2026-08-14,2303,125.0,125.5,120.0,121.0,114922515,122.9,121.05,122.675
2026-08-17,2303,121.5,124.0,121.5,121.5,67357978,122.6,121.4,122.25
2026-08-18,2303,122.5,124.0,117.5,119.0,91483851,121.8,121.45,121.475
2026-08-19,2303,115.0,117.0,113.5,115.5,110337394,120.3,120.8,120.3
2026-08-20,2303,117.0,118.0,112.0,115.5,101840408,118.5,120.2,119.15
2026-08-21,2303,115.5,117.0,114.0,116.5,58537906,117.6,120.25,118.575
2026-08-24,2303,118.0,128.0,117.5,123.5,196622654,118.0,120.3,118.45
2026-08-25,2303,123.5,125.5,119.0,125.0,124999306,119.2,120.5,119.025
2026-08-26,2303,124.0,124.5,122.0,123.5,85108376,120.8,120.55,120.075
2026-08-27,2303,123.5,123.5,117.0,118.5,184012062,121.4,119.95,120.5
2026-08-28,2303,120.5,130.0,120.0,130.0,325935822,124.1,120.85,120.95
2026-08-31,2303,126.5,129.0,124.0,129.0,217807917,125.2,121.6,121.5
2026-09-01,2303,127.5,136.5,127.0,132.5,223238022,126.7,122.95,122.2
2026-09-02,2303,131.5,133.0,126.0,126.0,136331797,127.2,124.0,122.4
2026-09-03,2303,127.5,129.0,123.0,125.0,139492332,128.5,124.95,122.575
2026-09-04,2303,128.5,131.0,126.5,130.0,142867105,128.5,126.3,123.275
2026-09-07,2303,134.5,143.0,134.0,143.0,337408282,131.3,128.25,124.275
2026-09-08,2303,142.0,142.5,135.0,137.0,219176053,132.2,129.45,124.975
2026-09-09,2303,141.0,144.5,137.0,141.5,270644784,135.3,131.25,125.9
2026-09-10,2303,142.5,145.5,141.0,142.5,204307696,138.8,133.65,126.8
2026-09-11,2303,139.0,141.5,137.5,140.5,120877009,140.9,134.7,127.775
2026-09-14,2303,136.5,143.5,135.0,142.5,132513207,140.8,136.05,128.825
2026-09-15,2303,140.5,141.0,138.0,138.5,102009653,141.1,136.65,129.8
2026-09-16,2303,139.5,142.5,138.0,142.0,117165966,141.2,138.25,131.125
2026-09-17,2303,144.5,149.5,142.5,147.5,256821287,142.2,140.5,132.725
2026-09-18,2303,155.0,160.5,153.5,156.0,306815637,145.3,143.1,134.7
2026-09-21,2303,156.5,159.0,153.0,157.0,158568199,148.2,144.5,136.375
2026-09-22,2303,161.0,168.5,160.0,160.0,286598057,152.5,146.8,138.125
2026-09-23,2303,163.0,163.0,158.0,160.0,124757294,156.1,148.65,139.95
2026-09-24,2303,157.0,157.0,152.0,154.0,157009029,157.4,149.8,141.725
2026-02-23,4958,185.0,195.5,183.5,195.5,31638225,,,
2026-02-24,4958,200.5,214.0,200.0,211.5,42932499,,,
2026-02-25,4958,212.0,212.0,201.0,205.5,37070283,,,
2026-02-26,4958,207.5,213.5,204.0,209.0,35951750,,,
2026-03-02,4958,198.5,206.5,196.0,197.5,26583916,203.8,,
2026-03-03,4958,198.0,205.0,191.5,193.0,22233801,203.3,,
2026-03-04,4958,187.0,189.0,177.0,179.0,19019294,196.8,,
2026-03-05,4958,188.5,189.0,174.0,177.5,27638032,191.2,,
2026-03-06,4958,175.5,179.0,172.5,175.0,10414277,184.4,,
2026-03-09,4958,157.5,163.0,157.5,162.5,20587818,177.4,190.6,
2026-03-10,4958,168.5,170.5,164.0,168.0,14431837,172.4,187.85,
2026-03-11,4958,170.0,175.5,170.0,174.5,11193008,171.5,184.15,
2026-03-12,4958,172.5,178.0,170.5,171.5,7439938,170.3,180.75,
2026-03-13,4958,169.5,188.5,168.5,188.5,24900754,173.0,178.7,
2026-03-16,4958,195.0,202.0,184.5,196.5,46555920,179.8,178.6,
2026-03-17,4958,200.0,205.0,195.0,198.0,31973322,185.8,179.1,
2026-03-18,4958,202.5,209.0,198.0,207.0,33481165,192.3,181.9,
2026-03-19,4958,203.5,219.5,203.0,209.5,37872383,199.9,185.1,
2026-03-20,4958,216.0,218.0,203.5,209.5,31568001,204.1,188.55,
2026-03-23,4958,200.5,207.5,197.5,201.0,21316249,205.0,192.4,191.5
2026-03-24,4958,207.0,208.5,190.0,197.0,21483318,204.8,195.3,191.575
2026-03-25,4958,204.0,214.0,204.0,207.5,22213581,204.9,198.6,191.375
2026-03-26,4958,210.5,225.0,207.0,218.5,42853097,206.7,203.3,192.025
2026-03-27,4958,214.0,234.5,210.0,230.0,55191451,210.8,207.45,193.075
2026-03-30,4958,225.5,229.5,215.0,226.5,33063147,215.9,210.45,194.525
2026-03-31,4958,220.5,221.5,204.5,206.5,43495120,217.8,211.3,195.2
2026-04-01,4958,219.0,222.0,215.0,219.5,26677086,220.2,212.55,197.225
2026-04-02,4958,230.0,237.0,213.0,213.5,39861027,219.2,212.95,199.025
2026-04-07,4958,219.0,232.5,219.0,225.0,37543187,218.2,214.5,201.525
2026-04-08,4958,247.5,247.5,239.0,247.5,28674117,222.4,219.15,205.775
2026-04-09,4958,250.5,271.0,250.0,263.5,51408403,233.8,225.8,210.55
2026-04-10,4958,271.0,271.0,258.5,265.0,33833638,242.9,231.55,215.075
2026-04-13,4958,265.0,269.0,256.5,257.5,26294411,251.7,235.45,219.375
2026-04-14,4958,261.0,265.0,248.0,251.5,27097423,257.0,237.6,222.525
2026-04-15,4958,253.5,259.5,247.0,251.5,23351170,257.8,240.1,225.275
2026-04-16,4958,255.5,260.0,252.0,256.5,23091973,256.4,245.1,228.2
2026-04-17,4958,260.0,282.0,258.0,282.0,42796308,259.8,251.35,231.95
2026-04-20,4958,292.5,310.0,288.0,310.0,47012838,270.3,261.0,236.975
2026-04-21,4958,323.5,325.5,303.5,315.0,77865030,283.0,270.0,242.25
2026-04-22,4958,320.0,324.5,312.0,315.0,42277772,295.7,276.75,247.95
2026-04-23,4958,325.0,346.5,311.0,325.0,112780362,309.4,282.9,254.35
2026-04-24,4958,332.5,357.5,332.5,347.5,102168352,322.5,291.15,261.35
2026-04-27,4958,377.5,378.5,331.0,358.5,96650513,332.2,301.25,268.35
2026-04-28,4958,362.0,394.0,354.0,394.0,75673830,348.0,315.5,276.55
2026-04-29,4958,393.5,396.0,380.0,383.0,71577949,361.6,328.65,284.375
2026-04-30,4958,393.0,421.0,393.0,421.0,46264407,380.8,345.1,295.1
2026-05-04,4958,429.0,447.5,421.0,432.5,81110860,397.8,360.15,305.75
2026-05-05,4958,430.0,445.0,421.5,426.5,40318253,411.4,371.8,316.4
2026-05-06,4958,435.0,440.0,400.0,412.0,56667967,415.0,381.5,325.75
2026-05-07,4958,415.0,429.5,403.0,427.0,47730420,423.8,392.7,334.725
2026-05-08,4958,427.0,427.5,392.0,401.0,43760993,419.8,400.3,341.6
2026-05-11,4958,405.0,424.5,397.0,412.0,41454268,415.7,406.75,348.95
2026-05-12,4958,417.0,434.0,406.0,407.0,40077766,411.8,411.6,356.425
2026-05-13,4958,405.0,445.0,404.0,442.5,72787309,417.9,416.45,365.975
2026-05-14,4958,456.0,471.5,433.5,436.5,69591675,419.8,421.8,375.225
2026-05-15,4958,445.0,447.5,396.0,401.0,52405090,419.8,419.8,382.45
2026-05-18,4958,380.5,391.0,372.0,388.5,32275273,415.1,415.4,387.775
2026-05-19,4958,412.0,415.0,394.0,408.5,37676251,415.4,413.6,392.7
2026-05-20,4958,412.0,448.0,402.5,439.0,62230900,414.7,416.3,398.9
2026-05-21,4958,463.5,475.5,458.5,469.5,52414558,421.3,420.55,406.625
2026-05-22,4958,481.0,516.0,480.0,516.0,53330852,444.3,432.05,416.175
2026-05-25,4958,558.0,558.0,525.0,529.0,47336484,472.4,443.75,425.25
2026-05-26,4958,529.0,542.0,516.0,540.0,41904053,498.7,457.05,434.325
2026-05-27,4958,550.0,568.0,522.0,532.0,43179085,517.3,466.0,441.225
2026-05-28,4958,521.0,522.0,479.0,486.0,20687337,520.6,470.95,446.375
2026-05-29,4958,504.0,515.0,499.5,515.0,11454003,520.4,482.35,451.075
2026-06-01,4958,542.0,555.0,541.0,548.0,12673360,524.2,498.3,456.85
2026-06-02,4958,548.0,548.0,501.0,520.0,13270682,520.2,509.45,461.525
2026-06-03,4958,516.0,524.0,505.0,510.0,8477422,515.8,516.55,466.425
2026-06-04,4958,489.0,499.5,484.0,492.5,10608832,517.1,518.85,469.7
2026-06-05,4958,480.0,513.0,450.0,504.0,8176859,514.9,517.65,474.85
2026-06-08,4958,456.0,512.0,456.0,512.0,10721588,507.7,515.95,479.85
2026-06-09,4958,528.0,545.0,515.0,545.0,11129854,512.7,516.45,486.75
2026-06-10,4958,531.0,550.0,502.0,502.0,12649770,511.1,513.45,489.725
2026-06-11,4958,509.0,544.0,495.5,529.0,45987404,518.4,517.75,494.35
2026-06-12,4958,575.0,578.0,537.0,552.0,50209309,528.0,521.45,501.9
2026-06-15,4958,578.0,607.0,572.0,590.0,50898248,543.6,525.65,511.975
2026-06-16,4958,596.0,639.0,592.0,624.0,43585725,559.4,536.05,522.75
2026-06-17,4958,617.0,640.0,610.0,639.0,36308304,586.8,548.95,532.75
2026-06-18,4958,646.0,654.0,628.0,642.0,53927871,609.4,563.9,541.375
2026-06-22,4958,639.0,653.0,622.0,622.0,34319805,623.4,575.7,546.675
2026-06-23,4958,622.0,622.0,582.0,587.0,40125948,622.8,583.2,549.575
2026-06-24,4958,575.0,603.0,575.0,587.0,27925621,615.4,587.4,551.925
2026-06-25,4958,595.0,613.0,583.0,602.0,37436936,608.0,597.4,555.425
2026-06-26,4958,596.0,645.0,577.0,580.0,65673843,595.6,602.5,560.125
2026-06-29,4958,590.0,599.0,561.0,573.0,29695362,585.8,604.6,563.025
2026-06-30,4958,589.0,630.0,589.0,630.0,30588315,594.4,608.6,567.125
2026-07-01,4958,641.0,659.0,602.0,603.0,51779639,597.6,606.5,571.275
2026-07-02,4958,595.0,601.0,582.0,598.0,18905469,596.8,602.4,575.675
2026-07-03,4958,580.0,618.0,561.0,613.0,22484803,603.4,599.5,581.7
2026-07-06,4958,616.0,621.0,567.0,579.0,33883218,604.6,595.2,585.45
2026-07-07,4958,581.0,594.0,544.0,548.0,39380209,588.2,591.3,587.25
2026-07-08,4958,562.0,585.0,546.0,565.0,31313350,580.6,589.1,588.25
2026-07-09,4958,576.0,604.0,567.0,588.0,33492044,578.6,587.7,592.55
2026-07-13,4958,616.0,646.0,614.0,646.0,72309919,585.2,594.3,598.4
2026-07-14,4958,643.0,644.0,591.0,629.0,57818056,595.2,599.9,602.25
2026-07-15,4958,645.0,656.0,615.0,618.0,57171302,609.2,598.7,603.65
2026-07-16,4958,610.0,612.0,573.0,578.0,33390530,611.8,596.2,601.35
2026-07-17,4958,525.0,542.0,521.0,521.0,21751343,598.4,588.5,595.45
2026-07-20,4958,481.5,506.0,471.5,478.5,35909408,564.9,575.05,587.275
2026-07-21,4958,500.0,514.0,487.0,509.0,44056743,540.9,568.05,581.625
2026-07-22,4958,530.0,559.0,514.0,559.0,46265315,529.1,569.15,580.225
2026-07-23,4958,555.0,558.0,504.0,506.0,47739750,514.7,563.25,576.175
2026-07-24,4958,500.0,510.0,478.0,482.0,33141967,506.9,552.65,570.175
2026-07-27,4958,480.0,484.5,451.0,470.5,34438651,505.3,535.1,564.7
2026-07-28,4958,440.0,451.5,426.0,427.5,28467435,489.0,514.95,557.425
2026-07-29,4958,432.0,432.0,385.0,404.5,43694602,458.1,493.6,546.15
2026-07-30,4958,395.0,420.5,368.0,376.0,64944972,432.1,473.4,534.8
2026-07-31,4958,413.5,413.5,407.0,413.5,15543203,418.4,462.65,525.575
2026-08-03,4958,418.0,443.5,417.0,421.5,54723422,408.6,456.95,516.0
2026-08-04,4958,418.0,452.0,417.5,444.0,35726879,411.9,450.45,509.25
2026-08-05,4958,475.0,488.0,461.5,488.0,24359063,428.6,443.35,506.25
2026-08-06,4958,486.5,490.0,453.0,482.0,50696020,449.8,440.95,502.1
2026-08-07,4958,494.5,502.0,468.5,473.0,33166518,461.7,440.05,496.35
2026-08-10,4958,486.0,488.5,470.0,470.5,34195472,471.5,440.05,487.575
2026-08-11,4958,470.0,493.0,468.0,490.0,33414356,480.7,446.3,480.625
2026-08-12,4958,485.0,486.0,468.5,471.5,52832517,477.4,453.0,473.3
2026-08-13,4958,483.0,506.0,472.0,477.5,42130871,476.5,463.15,468.275
2026-08-14,4958,481.5,522.0,473.0,489.5,62706981,479.8,470.75,466.7
2026-08-17,4958,491.5,515.0,484.0,503.0,45341520,486.3,478.9,467.925
2026-08-18,4958,507.0,513.0,469.0,474.0,39505304,483.1,481.9,466.175
2026-08-19,4958,451.0,476.5,451.0,457.0,30182657,480.2,478.8,461.075
2026-08-20,4958,462.5,468.5,448.0,463.0,22686292,477.3,476.9,458.925
2026-08-21,4958,461.0,461.0,431.5,441.0,28399863,467.6,473.7,456.875
2026-08-24,4958,440.0,446.5,433.5,435.5,12795888,454.1,470.2,455.125
2026-08-25,4958,430.0,444.0,421.5,444.0,13198348,448.1,465.6,455.95
2026-08-26,4958,444.0,454.0,438.0,453.0,14315952,447.3,463.75,458.375
2026-08-27,4958,457.5,480.0,454.0,477.0,27307289,450.1,463.7,463.425
2026-08-28,4958,482.5,494.0,468.0,480.5,34242675,458.0,462.8,466.775
2026-08-31,4958,471.0,504.0,468.0,500.0,49093086,470.9,462.5,470.7
2026-09-01,4958,512.0,550.0,508.0,535.0,71767430,489.1,468.6,475.25
2026-09-02,4958,530.0,531.0,505.0,507.0,29619988,499.9,473.6,476.2
2026-09-03,4958,520.0,525.0,462.0,464.0,40982476,497.3,473.7,475.3
2026-09-04,4958,476.0,477.5,446.5,463.0,33930146,493.8,475.9,474.8
2026-09-07,4958,472.5,508.0,469.0,501.0,34247775,494.0,482.45,476.325
2026-09-08,4958,516.0,524.0,500.0,505.0,33442577,488.0,488.55,477.075
2026-09-09,4958,508.0,515.0,502.0,502.0,18639881,487.0,493.45,478.6
2026-09-10,4958,504.0,512.0,493.5,494.5,16351309,493.1,495.2,479.45
2026-09-11,4958,482.0,504.0,478.0,495.0,18746769,499.5,496.65,479.725
2026-09-14,4958,480.0,498.0,475.5,489.5,18946773,497.2,495.6,479.05
2026-09-15,4958,485.5,493.5,476.0,477.5,19168557,491.7,489.85,479.225
2026-09-16,4958,482.5,498.0,471.0,493.5,21886748,490.0,488.5,481.05
2026-09-17,4958,496.0,504.0,475.0,476.0,26008525,486.3,489.7,481.7
2026-09-18,4958,486.0,491.0,472.0,473.0,29899628,481.9,490.7,483.3
2026-09-21,4958,476.5,482.0,463.5,470.0,26718285,478.0,487.6,485.025
2026-09-22,4958,480.0,505.0,480.0,489.0,45198008,480.3,486.0,487.275
2026-09-23,4958,471.5,482.5,470.0,473.0,39517300,476.2,483.1,488.275
2026-09-24,4958,473.5,480.5,472.0,475.5,20619766,476.1,481.2,488.2
2026-02-23,2308,1320.0,1380.0,1295.0,1305.0,22078521,,,
2026-02-24,2308,1355.0,1385.0,1335.0,1385.0,14083155,,,
2026-02-25,2308,1425.0,1480.0,1380.0,1435.0,14709013,,,
2026-02-26,2308,1450.0,1455.0,1415.0,1430.0,17965290,,,
2026-03-02,2308,1355.0,1445.0,1355.0,1425.0,15569999,1396.0,,
2026-03-03,2308,1410.0,1435.0,1340.0,1340.0,17852498,1403.0,,
2026-03-04,2308,1295.0,1320.0,1250.0,1255.0,19185365,1377.0,,
2026-03-05,2308,1335.0,1365.0,1310.0,1335.0,13686208,1357.0,,
2026-03-06,2308,1340.0,1345.0,1310.0,1320.0,11211730,1335.0,,
2026-03-09,2308,1210.0,1230.0,1195.0,1220.0,23398789,1294.0,1345.0,
2026-03-10,2308,1280.0,1325.0,1275.0,1290.0,12096363,1284.0,1343.5,
2026-03-11,2308,1350.0,1415.0,1325.0,1400.0,15114745,1313.0,1345.0,
2026-03-12,2308,1390.0,1410.0,1365.0,1370.0,7808202,1320.0,1338.5,
2026-03-13,2308,1355.0,1405.0,1340.0,1385.0,7798371,1333.0,1334.0,
2026-03-16,2308,1395.0,1395.0,1350.0,1360.0,6238589,1361.0,1327.5,
2026-03-17,2308,1385.0,1470.0,1385.0,1440.0,13512996,1391.0,1337.5,
2026-03-18,2308,1465.0,1490.0,1450.0,1465.0,11442896,1404.0,1358.5,
2026-03-19,2308,1450.0,1480.0,1445.0,1455.0,8335494,1421.0,1370.5,
2026-03-20,2308,1450.0,1530.0,1410.0,1475.0,15939579,1439.0,1386.0,
2026-03-23,2308,1405.0,1425.0,1385.0,1410.0,13897471,1449.0,1405.0,1375.0
2026-03-24,2308,1455.0,1470.0,1410.0,1415.0,13206637,1444.0,1417.5,1380.5
2026-03-25,2308,1485.0,1555.0,1485.0,1550.0,16571563,1461.0,1432.5,1388.75
2026-03-26,2308,1535.0,1565.0,1515.0,1515.0,13856198,1473.0,1447.0,1392.75
2026-03-27,2308,1460.0,1520.0,1440.0,1510.0,10527057,1480.0,1459.5,1396.75
2026-03-30,2308,1480.0,1495.0,1450.0,1485.0,11853740,1495.0,1472.0,1399.75
2026-03-31,2308,1465.0,1470.0,1365.0,1380.0,21389778,1488.0,1466.0,1401.75
2026-04-01,2308,1465.0,1495.0,1450.0,1475.0,12559029,1473.0,1467.0,1412.75
2026-04-02,2308,1480.0,1510.0,1420.0,1430.0,9953601,1456.0,1464.5,1417.5
2026-04-07,2308,1495.0,1515.0,1490.0,1515.0,11190572,1457.0,1468.5,1427.25
2026-04-08,2308,1630.0,1665.0,1615.0,1665.0,13400336,1493.0,1494.0,1449.5
2026-04-09,2308,1685.0,1705.0,1635.0,1645.0,15129409,1546.0,1517.0,1467.25
2026-04-10,2308,1690.0,1750.0,1675.0,1735.0,11557080,1598.0,1535.5,1484.0
2026-04-13,2308,1730.0,1760.0,1710.0,1740.0,7069198,1660.0,1558.0,1502.5
2026-04-14,2308,1805.0,1820.0,1750.0,1750.0,12801739,1707.0,1582.0,1520.75
2026-04-15,2308,1785.0,1835.0,1785.0,1785.0,12877432,1731.0,1612.0,1542.0
2026-04-16,2308,1835.0,1845.0,1785.0,1845.0,13254811,1771.0,1658.5,1562.25
2026-04-17,2308,1865.0,1870.0,1830.0,1840.0,10769751,1792.0,1695.0,1581.0
2026-04-20,2308,1860.0,1980.0,1860.0,1900.0,12064485,1824.0,1742.0,1603.25
2026-04-21,2308,1950.0,2035.0,1930.0,2015.0,11917108,1877.0,1792.0,1630.25
2026-04-22,2308,2040.0,2045.0,1995.0,2015.0,10968852,1923.0,1827.0,1660.5
2026-04-23,2308,2100.0,2115.0,1935.0,1980.0,17431212,1950.0,1860.5,1688.75
2026-04-24,2308,2005.0,2090.0,1990.0,2075.0,11571377,1997.0,1894.5,1715.0
2026-04-27,2308,2070.0,2080.0,1995.0,2020.0,15898086,2021.0,1922.5,1740.25
2026-04-28,2308,2030.0,2160.0,2030.0,2125.0,15038642,2043.0,1960.0,1771.0
2026-04-29,2308,2040.0,2170.0,2035.0,2165.0,12261414,2073.0,1998.0,1805.0
2026-04-30,2308,2220.0,2280.0,2150.0,2165.0,14060511,2110.0,2030.0,1844.25
2026-05-04,2308,2250.0,2260.0,2150.0,2220.0,12649019,2139.0,2068.0,1881.5
2026-05-05,2308,2185.0,2195.0,2145.0,2165.0,10559120,2168.0,2094.5,1918.25
2026-05-06,2308,2215.0,2270.0,2150.0,2210.0,15562046,2185.0,2114.0,1953.0
2026-05-07,2308,2275.0,2370.0,2250.0,2280.0,15656408,2208.0,2140.5,1983.75
2026-05-08,2308,2230.0,2250.0,2170.0,2200.0,11802071,2215.0,2162.5,2011.5
2026-05-11,2308,2215.0,2270.0,2205.0,2245.0,9200516,2220.0,2179.5,2037.0
2026-05-12,2308,2225.0,2260.0,2190.0,2195.0,13011711,2226.0,2197.0,2059.75
2026-05-13,2308,2160.0,2185.0,2140.0,2165.0,7659621,2217.0,2201.0,2080.5
2026-05-14,2308,2210.0,2250.0,2155.0,2155.0,7332576,2192.0,2200.0,2099.0
2026-05-15,2308,2185.0,2195.0,2075.0,2075.0,12351492,2167.0,2191.0,2110.5
2026-05-18,2308,1985.0,2040.0,1985.0,2020.0,10082191,2122.0,2171.0,2119.5
2026-05-19,2308,2020.0,2025.0,1910.0,1915.0,16288903,2066.0,2146.0,2120.25
2026-05-20,2308,1880.0,1960.0,1880.0,1915.0,10890054,2016.0,2116.5,2115.25
2026-05-21,2308,2015.0,2060.0,1990.0,2030.0,11663874,1991.0,2091.5,2116.0
2026-05-22,2308,2125.0,2125.0,2050.0,2095.0,8534359,1995.0,2081.0,2121.75
2026-05-25,2308,2205.0,2300.0,2185.0,2290.0,12049781,2049.0,2085.5,2132.5
2026-05-26,2308,2350.0,2410.0,2290.0,2350.0,12198582,2136.0,2101.0,2149.0
2026-05-27,2308,2490.0,2585.0,2490.0,2520.0,13897689,2257.0,2136.5,2168.75
2026-05-28,2308,2485.0,2520.0,2370.0,2390.0,11721062,2329.0,2160.0,2180.0
2026-05-29,2308,2470.0,2525.0,2445.0,2445.0,17179076,2399.0,2197.0,2194.0
2026-06-01,2308,2450.0,2520.0,2410.0,2420.0,9840869,2425.0,2237.0,2204.0
2026-06-02,2308,2430.0,2455.0,2330.0,2360.0,12331189,2427.0,2281.5,2213.75
2026-06-03,2308,2420.0,2460.0,2410.0,2455.0,10882344,2414.0,2335.5,2226.0
2026-06-04,2308,2440.0,2465.0,2405.0,2425.0,9416420,2421.0,2375.0,2233.25
2026-06-05,2308,2380.0,2380.0,2275.0,2300.0,12283892,2392.0,2395.5,2238.25
2026-06-08,2308,2090.0,2260.0,2090.0,2255.0,15374423,2359.0,2392.0,2238.75
2026-06-09,2308,2265.0,2435.0,2215.0,2415.0,15579800,2370.0,2398.5,2249.75
2026-06-10,2308,2370.0,2410.0,2190.0,2200.0,18810727,2319.0,2366.5,2251.5
2026-06-11,2308,2170.0,2230.0,2080.0,2160.0,15289457,2266.0,2343.5,2251.75
2026-06-12,2308,2260.0,2280.0,2170.0,2215.0,9897155,2249.0,2320.5,2258.75
2026-06-15,2308,2310.0,2320.0,2200.0,2210.0,9456969,2240.0,2299.5,2268.25
2026-06-16,2308,2265.0,2270.0,2220.0,2230.0,9190426,2203.0,2286.5,2284.0
2026-06-17,2308,2220.0,2220.0,2140.0,2155.0,11613654,2194.0,2256.5,2296.0
2026-06-18,2308,2190.0,2210.0,2150.0,2150.0,12882319,2192.0,2229.0,2302.0
2026-06-22,2308,2170.0,2195.0,2135.0,2150.0,16874717,2179.0,2214.0,2304.75
2026-06-23,2308,2170.0,2170.0,2080.0,2080.0,14787242,2153.0,2196.5,2294.25
2026-06-24,2308,2030.0,2050.0,1970.0,2000.0,23907070,2107.0,2155.0,2276.75
2026-06-25,2308,2060.0,2060.0,1960.0,1980.0,13727341,2072.0,2133.0,2249.75
2026-06-26,2308,1925.0,1935.0,1790.0,1810.0,28604290,2004.0,2098.0,2220.75
2026-06-29,2308,1860.0,1970.0,1850.0,1905.0,16741799,1955.0,2067.0,2193.75
2026-06-30,2308,2010.0,2030.0,1950.0,1950.0,14370927,1929.0,2041.0,2170.25
2026-07-01,2308,2020.0,2020.0,1965.0,1990.0,8753015,1927.0,2017.0,2151.75
2026-07-02,2308,1955.0,2010.0,1920.0,1970.0,6939618,1925.0,1998.5,2127.5
2026-07-03,2308,1920.0,2075.0,1885.0,2075.0,15207642,1978.0,1991.0,2110.0
2026-07-06,2308,2120.0,2135.0,1995.0,1995.0,9220091,1996.0,1975.5,2094.75
2026-07-07,2308,2015.0,2025.0,1890.0,1890.0,9212478,1984.0,1956.5,2076.5
2026-07-08,2308,1925.0,1950.0,1840.0,1885.0,13043190,1963.0,1945.0,2050.0
2026-07-09,2308,1890.0,1935.0,1870.0,1880.0,8337141,1945.0,1935.0,2034.0
2026-07-13,2308,1970.0,1980.0,1885.0,1890.0,9299583,1908.0,1943.0,2020.5
2026-07-14,2308,1900.0,1905.0,1780.0,1855.0,10864234,1880.0,1938.0,2002.5
2026-07-15,2308,1930.0,1930.0,1865.0,1890.0,8792634,1880.0,1932.0,1986.5
2026-07-16,2308,1865.0,1935.0,1820.0,1905.0,8661820,1884.0,1923.5,1970.25
2026-07-17,2308,1820.0,1825.0,1735.0,1740.0,14248513,1856.0,1900.5,1949.5
2026-07-20,2308,1695.0,1785.0,1665.0,1705.0,11567901,1819.0,1863.5,1927.25
2026-07-21,2308,1735.0,1855.0,1720.0,1835.0,11082972,1815.0,1847.5,1911.5
2026-07-22,2308,1920.0,1950.0,1870.0,1880.0,11813364,1813.0,1846.5,1901.5
2026-07-23,2308,1900.0,1945.0,1850.0,1880.0,6075442,1808.0,1846.0,1895.5
2026-07-24,2308,1850.0,1890.0,1785.0,1785.0,7041974,1817.0,1836.5,1885.75
2026-07-27,2308,1755.0,1785.0,1695.0,1755.0,9935415,1827.0,1823.0,1883.0
2026-07-28,2308,1635.0,1655.0,1580.0,1580.0,16516645,1776.0,1795.5,1866.75
2026-07-29,2308,1560.0,1595.0,1425.0,1495.0,22356467,1699.0,1756.0,1844.0
2026-07-30,2308,1505.0,1625.0,1475.0,1530.0,22598605,1629.0,1718.5,1821.0
2026-07-31,2308,1680.0,1680.0,1590.0,1640.0,31456334,1600.0,1708.5,1804.5
2026-08-03,2308,1610.0,1645.0,1560.0,1580.0,17410913,1565.0,1696.0,1779.75
2026-08-04,2308,1530.0,1680.0,1520.0,1620.0,20958807,1573.0,1674.5,1761.0
2026-08-05,2308,1705.0,1720.0,1645.0,1650.0,16778461,1604.0,1651.5,1749.0
2026-08-06,2308,1650.0,1700.0,1625.0,1680.0,10907572,1634.0,1631.5,1738.75
2026-08-07,2308,1700.0,1715.0,1635.0,1650.0,10432120,1636.0,1618.0,1727.25
2026-08-10,2308,1695.0,1815.0,1690.0,1815.0,10318139,1683.0,1624.0,1723.5
2026-08-11,2308,1835.0,1865.0,1785.0,1805.0,18963715,1720.0,1646.5,1721.0
2026-08-12,2308,1810.0,1830.0,1785.0,1790.0,9097777,1748.0,1676.0,1716.0
2026-08-13,2308,1845.0,1915.0,1845.0,1885.0,14453120,1789.0,1711.5,1715.0
2026-08-14,2308,1945.0,1975.0,1865.0,1885.0,14036875,1836.0,1736.0,1722.25
2026-08-17,2308,1950.0,2005.0,1885.0,1885.0,13421490,1850.0,1766.5,1731.25
2026-08-18,2308,1900.0,1905.0,1820.0,1820.0,11391040,1853.0,1786.5,1730.5
2026-08-19,2308,1745.0,1800.0,1740.0,1765.0,12608652,1848.0,1798.0,1724.75
2026-08-20,2308,1770.0,1785.0,1705.0,1745.0,11014621,1820.0,1804.5,1718.0
2026-08-21,2308,1760.0,1760.0,1720.0,1750.0,5768589,1793.0,1814.5,1716.25
2026-08-24,2308,1720.0,1775.0,1710.0,1735.0,4498318,1763.0,1806.5,1715.25
2026-08-25,2308,1715.0,1715.0,1655.0,1710.0,10537455,1741.0,1797.0,1721.75
2026-08-26,2308,1680.0,1760.0,1670.0,1750.0,10798374,1738.0,1793.0,1734.5
2026-08-27,2308,1780.0,1820.0,1760.0,1770.0,8876431,1743.0,1781.5,1746.5
2026-08-28,2308,1800.0,1870.0,1780.0,1830.0,13398406,1759.0,1776.0,1756.0
2026-08-31,2308,1785.0,1840.0,1775.0,1840.0,8899747,1780.0,1771.5,1769.0
2026-09-01,2308,1845.0,1865.0,1810.0,1865.0,8434152,1811.0,1776.0,1781.25
2026-09-02,2308,1815.0,1815.0,1730.0,1730.0,15977253,1807.0,1772.5,1785.25
2026-09-03,2308,1735.0,1810.0,1725.0,1760.0,10346094,1805.0,1774.0,1789.25
2026-09-04,2308,1810.0,1850.0,1790.0,1825.0,9195063,1804.0,1781.5,1798.0
2026-09-07,2308,1845.0,1885.0,1825.0,1850.0,7560958,1806.0,1793.0,1799.75
2026-09-08,2308,1860.0,1860.0,1795.0,1805.0,6331851,1794.0,1802.5,1799.75
2026-09-09,2308,1780.0,1855.0,1780.0,1795.0,8307925,1807.0,1807.0,1800.0
2026-09-10,2308,1775.0,1775.0,1675.0,1675.0,20489051,1790.0,1797.5,1789.5
2026-09-11,2308,1595.0,1635.0,1595.0,1620.0,15924565,1749.0,1776.5,1776.25
2026-09-14,2308,1560.0,1630.0,1560.0,1620.0,9470308,1703.0,1754.5,1763.0
2026-09-15,2308,1590.0,1715.0,1585.0,1670.0,14802962,1676.0,1735.0,1755.5
2026-09-16,2308,1680.0,1730.0,1655.0,1710.0,10673726,1659.0,1733.0,1752.75
2026-09-17,2308,1730.0,1745.0,1685.0,1685.0,10796328,1661.0,1725.5,1749.75
2026-09-18,2308,1730.0,1750.0,1715.0,1735.0,13051318,1684.0,1716.5,1749.0
2026-09-21,2308,1750.0,1885.0,1740.0,1875.0,19102054,1735.0,1719.0,1756.0
2026-09-22,2308,1965.0,1965.0,1900.0,1900.0,16957990,1781.0,1728.5,1765.5
2026-09-23,2308,1910.0,1920.0,1890.0,1900.0,9734322,1819.0,1739.0,1773.0
2026-09-24,2308,1875.0,1935.0,1875.0,1910.0,8983854,1864.0,1762.5,1780.0
2026-02-23,3443,2510.0,2515.0,2335.0,2370.0,3458154,,,
2026-02-24,3443,2385.0,2515.0,2360.0,2500.0,2407115,,,
2026-02-25,3443,2510.0,2590.0,2440.0,2575.0,2368371,,,
2026-02-26,3443,2610.0,2800.0,2595.0,2770.0,5018399,,,
2026-03-02,3443,2700.0,2735.0,2625.0,2645.0,2795594,2572.0,,
2026-03-03,3443,2665.0,2680.0,2485.0,2490.0,2818378,2596.0,,
2026-03-04,3443,2380.0,2415.0,2270.0,2280.0,3821687,2552.0,,
2026-03-05,3443,2405.0,2425.0,2315.0,2355.0,1968833,2508.0,,
2026-03-06,3443,2325.0,2435.0,2295.0,2385.0,1985038,2431.0,,
2026-03-09,3443,2150.0,2200.0,2150.0,2190.0,1958110,2340.0,2456.0,
2026-03-10,3443,2255.0,2300.0,2190.0,2245.0,1861573,2291.0,2443.5,
2026-03-11,3443,2285.0,2385.0,2285.0,2375.0,1729566,2310.0,2431.0,
2026-03-12,3443,2375.0,2395.0,2270.0,2290.0,2162422,2297.0,2402.5,
2026-03-13,3443,2255.0,2330.0,2245.0,2285.0,1503131,2277.0,2354.0,
2026-03-16,3443,2345.0,2345.0,2250.0,2260.0,1389953,2291.0,2315.5,
2026-03-17,3443,2310.0,2345.0,2290.0,2290.0,1448578,2300.0,2295.5,
2026-03-18,3443,2350.0,2515.0,2350.0,2515.0,3033839,2328.0,2319.0,
2026-03-19,3443,2500.0,2660.0,2465.0,2610.0,4749379,2392.0,2344.5,
2026-03-20,3443,2660.0,2735.0,2635.0,2645.0,3539579,2464.0,2370.5,
2026-03-23,3443,2515.0,2645.0,2505.0,2590.0,1695758,2530.0,2410.5,2433.25
2026-03-24,3443,2680.0,2695.0,2465.0,2505.0,2113977,2573.0,2436.5,2440.0
2026-03-25,3443,2575.0,2635.0,2475.0,2475.0,2976338,2565.0,2446.5,2438.75
2026-03-26,3443,2490.0,2570.0,2455.0,2540.0,2718187,2551.0,2471.5,2437.0
2026-03-27,3443,2470.0,2510.0,2415.0,2460.0,1460106,2514.0,2489.0,2421.5
2026-03-30,3443,2375.0,2390.0,2250.0,2310.0,2500860,2458.0,2494.0,2404.75
2026-03-31,3443,2260.0,2285.0,2140.0,2165.0,2646583,2390.0,2481.5,2388.5
2026-04-01,3443,2300.0,2380.0,2255.0,2355.0,1949221,2366.0,2465.5,2392.25
2026-04-02,3443,2375.0,2410.0,2315.0,2320.0,1707978,2322.0,2436.5,2390.5
2026-04-07,3443,2400.0,2400.0,2325.0,2365.0,971552,2303.0,2408.5,2389.5
2026-04-08,3443,2500.0,2570.0,2360.0,2510.0,3309931,2343.0,2400.5,2405.5
2026-04-09,3443,2530.0,2685.0,2460.0,2655.0,3451635,2441.0,2415.5,2426.0
2026-04-10,3443,2695.0,2720.0,2645.0,2665.0,2503866,2503.0,2434.5,2440.5
2026-04-13,3443,2620.0,2800.0,2575.0,2775.0,3023352,2594.0,2458.0,2464.75
2026-04-14,3443,2850.0,3050.0,2845.0,3050.0,4080105,2731.0,2517.0,2503.0
2026-04-15,3443,3150.0,3225.0,3070.0,3070.0,3760881,2843.0,2593.0,2543.5
2026-04-16,3443,3165.0,3375.0,3140.0,3345.0,4238415,2981.0,2711.0,2596.25
2026-04-17,3443,3340.0,3380.0,3250.0,3255.0,1284330,3099.0,2801.0,2633.25
2026-04-20,3443,3495.0,3580.0,3450.0,3580.0,1159632,3260.0,2927.0,2681.75
2026-04-21,3443,3605.0,3830.0,3605.0,3735.0,1074702,3397.0,3064.0,2736.25
2026-04-22,3443,3755.0,3755.0,3660.0,3675.0,927944,3518.0,3180.5,2790.5
2026-04-23,3443,4035.0,4040.0,3710.0,3910.0,1774532,3631.0,3306.0,2860.75
2026-04-24,3443,4200.0,4300.0,3975.0,4035.0,1807025,3787.0,3443.0,2938.75
2026-04-27,3443,4120.0,4120.0,3705.0,3955.0,1745516,3862.0,3561.0,3009.5
2026-04-28,3443,4015.0,4245.0,4015.0,4190.0,701701,3953.0,3675.0,3096.0
2026-04-29,3443,4140.0,4140.0,3960.0,4120.0,626209,4042.0,3780.0,3186.5
2026-04-30,3443,4180.0,4350.0,4070.0,4260.0,1038809,4112.0,3871.5,3291.25
2026-05-04,3443,4580.0,4685.0,4475.0,4685.0,1595186,4242.0,4014.5,3407.75
2026-05-05,3443,4700.0,4930.0,4570.0,4835.0,4179087,4418.0,4140.0,3533.5
2026-05-06,3443,4925.0,4965.0,4520.0,4955.0,4890790,4571.0,4262.0,3663.0
2026-05-07,3443,4955.0,5450.0,4945.0,5450.0,2180365,4837.0,4439.5,3810.0
2026-05-08,3443,5465.0,5555.0,5210.0,5210.0,2898906,5027.0,4569.5,3937.75
2026-05-11,3443,5300.0,5730.0,5245.0,5730.0,2419167,5236.0,4739.0,4091.0
2026-05-12,3443,5950.0,5950.0,5510.0,5570.0,2615297,5383.0,4900.5,4230.75
2026-05-13,3443,5405.0,5455.0,5050.0,5330.0,2747701,5458.0,5014.5,4344.75
2026-05-14,3443,5505.0,5515.0,5055.0,5075.0,2742620,5383.0,5110.0,4445.0
2026-05-15,3443,5140.0,5205.0,4765.0,4845.0,3680869,5310.0,5168.5,4520.0
2026-05-18,3443,4625.0,4760.0,4560.0,4740.0,2458298,5112.0,5174.0,4594.25
2026-05-19,3443,4710.0,4710.0,4370.0,4465.0,2565536,4891.0,5137.0,4638.5
2026-05-20,3443,4505.0,4830.0,4420.0,4605.0,3290150,4746.0,5102.0,4682.0
2026-05-21,3443,4820.0,5065.0,4770.0,5065.0,2896956,4744.0,5063.5,4751.5
2026-05-22,3443,5105.0,5195.0,4955.0,5140.0,2682444,4803.0,5056.5,4813.0
2026-05-25,3443,5320.0,5560.0,5155.0,5310.0,2519157,4917.0,5014.5,4876.75
2026-05-26,3443,5510.0,5510.0,4910.0,5285.0,2019188,5081.0,4986.0,4943.25
2026-05-27,3443,5350.0,5620.0,5050.0,5100.0,2728891,5180.0,4963.0,4988.75
2026-05-28,3443,5090.0,5320.0,4590.0,4590.0,4074783,5085.0,4914.5,5012.25
2026-05-29,3443,4440.0,4835.0,4155.0,4670.0,7153455,4991.0,4897.0,5032.75
2026-06-01,3443,4655.0,4790.0,4540.0,4655.0,3322337,4860.0,4888.5,5031.25
2026-06-02,3443,4745.0,4795.0,4420.0,4535.0,2850767,4710.0,4895.5,5016.25
2026-06-03,3443,4600.0,4725.0,4510.0,4605.0,1608751,4611.0,4895.5,4998.75
2026-06-04,3443,4550.0,4690.0,4400.0,4400.0,1429563,4573.0,4829.0,4946.25
2026-06-05,3443,4335.0,4570.0,4130.0,4410.0,2408529,4521.0,4756.0,4906.25
2026-06-08,3443,4000.0,4315.0,4000.0,4255.0,1876483,4441.0,4650.5,4832.5
2026-06-09,3443,4300.0,4430.0,4240.0,4310.0,1777373,4396.0,4553.0,4769.5
2026-06-10,3443,4220.0,4365.0,4000.0,4025.0,2697470,4280.0,4445.5,4704.25
2026-06-11,3443,4030.0,4250.0,3935.0,4105.0,2049636,4221.0,4397.0,4655.75
2026-06-12,3443,4390.0,4455.0,4220.0,4380.0,2209665,4215.0,4368.0,4632.5
2026-06-15,3443,4720.0,4815.0,4670.0,4815.0,1252068,4327.0,4384.0,4636.25
2026-06-16,3443,5055.0,5055.0,4845.0,4920.0,3257983,4449.0,4422.5,4659.0
2026-06-17,3443,4900.0,5135.0,4830.0,5075.0,3268312,4659.0,4469.5,4682.5
2026-06-18,3443,5160.0,5160.0,4860.0,4860.0,4719521,4810.0,4515.5,4672.25
2026-06-22,3443,5000.0,5050.0,4715.0,4755.0,2992095,4885.0,4550.0,4653.0
2026-06-23,3443,4855.0,4980.0,4650.0,4725.0,1910835,4867.0,4597.0,4623.75
2026-06-24,3443,4725.0,4880.0,4615.0,4880.0,1747105,4859.0,4654.0,4603.5
2026-06-25,3443,5255.0,5330.0,4735.0,4850.0,3234838,4814.0,4736.5,4591.0
2026-06-26,3443,4790.0,4875.0,4410.0,4420.0,2291763,4726.0,4768.0,4582.5
2026-06-29,3443,4425.0,4520.0,4355.0,4420.0,947448,4659.0,4772.0,4570.0
2026-06-30,3443,4555.0,4860.0,4445.0,4845.0,2006814,4683.0,4775.0,4579.5
2026-07-01,3443,4865.0,5130.0,4845.0,5045.0,2288154,4716.0,4787.5,4605.0
2026-07-02,3443,4900.0,5345.0,4845.0,5330.0,3217683,4812.0,4813.0,4641.25
2026-07-03,3443,5225.0,5310.0,5015.0,5040.0,1908960,4936.0,4831.0,4673.25
2026-07-06,3443,5105.0,5105.0,4555.0,4605.0,2512560,4973.0,4816.0,4683.0
2026-07-07,3443,4770.0,4830.0,4425.0,4480.0,2274231,4900.0,4791.5,4694.25
2026-07-08,3443,4500.0,4570.0,4330.0,4400.0,1695901,4771.0,4743.5,4698.75
2026-07-09,3443,4380.0,4560.0,4330.0,4340.0,1850306,4573.0,4692.5,4714.5
2026-07-13,3443,4385.0,4415.0,4180.0,4270.0,1703309,4419.0,4677.5,4722.75
2026-07-14,3443,4275.0,4275.0,3845.0,4020.0,2805750,4302.0,4637.5,4704.75
2026-07-15,3443,4135.0,4185.0,3970.0,4120.0,1617992,4230.0,4565.0,4670.0
2026-07-16,3443,4120.0,4240.0,3990.0,4185.0,849361,4187.0,4479.0,4633.25
2026-07-17,3443,3950.0,4050.0,3780.0,3835.0,2361511,4086.0,4329.5,4571.25
2026-07-20,3443,3880.0,3880.0,3535.0,3745.0,1809521,3981.0,4200.0,4515.5
2026-07-21,3443,3830.0,4115.0,3810.0,4115.0,1416745,4000.0,4151.0,4483.5
2026-07-22,3443,4305.0,4450.0,4235.0,4370.0,2504634,4050.0,4140.0,4465.75
2026-07-23,3443,4400.0,4420.0,4220.0,4380.0,1318309,4089.0,4138.0,4440.75
2026-07-24,3443,4330.0,4475.0,4060.0,4070.0,1934100,4136.0,4111.0,4401.75
2026-07-27,3443,4080.0,4080.0,3855.0,4050.0,1820157,4197.0,4089.0,4383.25
2026-07-28,3443,3795.0,3855.0,3645.0,3660.0,2329437,4106.0,4053.0,4345.25
2026-07-29,3443,3605.0,3685.0,3295.0,3295.0,2438225,3891.0,3970.5,4267.75
2026-07-30,3443,3175.0,3620.0,3175.0,3460.0,3078508,3707.0,3898.0,4188.5
2026-07-31,3443,3805.0,3805.0,3805.0,3805.0,750048,3654.0,3895.0,4112.25
2026-08-03,3443,4150.0,4185.0,4030.0,4185.0,1306441,3681.0,3939.0,4069.5
2026-08-04,3443,4200.0,4335.0,4085.0,4145.0,3005664,3778.0,3942.0,4046.5
2026-08-05,3443,4355.0,4515.0,4285.0,4390.0,2175518,3997.0,3944.0,4042.0
2026-08-06,3443,4395.0,4550.0,4250.0,4480.0,1855688,4201.0,3954.0,4046.0
2026-08-07,3443,4505.0,4665.0,4415.0,4545.0,1913717,4349.0,4001.5,4056.25
2026-08-10,3443,4640.0,4815.0,4510.0,4530.0,2048185,4418.0,4049.5,4069.25
2026-08-11,3443,4630.0,4980.0,4615.0,4955.0,3469647,4580.0,4179.0,4116.0
2026-08-12,3443,5025.0,5180.0,4945.0,5130.0,2712101,4728.0,4362.5,4166.5
2026-08-13,3443,5260.0,5580.0,5230.0,5540.0,2994558,4940.0,4570.5,4234.25
2026-08-14,3443,5640.0,5830.0,5420.0,5465.0,2676032,5124.0,4736.5,4315.75
2026-08-17,3443,5475.0,5990.0,5360.0,5850.0,3216422,5388.0,4903.0,4421.0
2026-08-18,3443,5845.0,5885.0,5520.0,5535.0,2450968,5504.0,5042.0,4492.0
2026-08-19,3443,5350.0,5530.0,5230.0,5295.0,2510975,5537.0,5132.5,4538.25
2026-08-20,3443,5345.0,5660.0,5300.0,5630.0,2626990,5555.0,5247.5,4600.75
2026-08-21,3443,5620.0,5830.0,5425.0,5600.0,3184974,5582.0,5353.0,4677.25
2026-08-24,3443,5635.0,5690.0,5350.0,5365.0,1656444,5485.0,5436.5,4743.0
2026-08-25,3443,5260.0,5570.0,5205.0,5570.0,1644526,5492.0,5498.0,4838.5
2026-08-26,3443,5640.0,6125.0,5570.0,6125.0,2298730,5658.0,5597.5,4980.0
2026-08-27,3443,6345.0,6370.0,5880.0,5920.0,3050886,5716.0,5635.5,5103.0
2026-08-28,3443,5975.0,6245.0,5910.0,6015.0,1881658,5799.0,5690.5,5213.5
2026-08-31,3443,5850.0,6100.0,5680.0,6100.0,2037697,5946.0,5715.5,5309.25
2026-09-01,3443,6490.0,6490.0,5925.0,5995.0,2108698,6031.0,5761.5,5401.75
2026-09-02,3443,5955.0,6080.0,5860.0,5895.0,1159803,5985.0,5821.5,5477.0
2026-09-03,3443,5895.0,6045.0,5725.0,5800.0,1600424,5961.0,5838.5,5543.0
2026-09-04,3443,5945.0,6000.0,5680.0,5810.0,1581762,5920.0,5859.5,5606.25
2026-09-07,3443,6000.0,6030.0,5705.0,5935.0,2131993,5887.0,5916.5,5676.5
2026-09-08,3443,5940.0,6100.0,5730.0,5960.0,1602965,5880.0,5955.5,5726.75
2026-09-09,3443,5955.0,6075.0,5875.0,5925.0,993983,5886.0,5935.5,5766.5
2026-09-10,3443,5895.0,6275.0,5850.0,6225.0,1829250,5971.0,5966.0,5800.75
2026-09-11,3443,6200.0,6200.0,5970.0,6120.0,1484010,6033.0,5976.5,5833.5
2026-09-14,3443,5995.0,6575.0,5850.0,6400.0,2640389,6126.0,6006.5,5861.0
2026-09-15,3443,6400.0,6455.0,6035.0,6035.0,2199061,6141.0,6010.5,5886.0
2026-09-16,3443,6070.0,6295.0,6050.0,6170.0,1261412,6190.0,6038.0,5929.75
2026-09-17,3443,6315.0,6610.0,6205.0,6500.0,2334082,6245.0,6108.0,5973.25
2026-09-18,3443,6600.0,7150.0,6510.0,7150.0,2735598,6451.0,6242.0,6050.75
2026-09-21,3443,7395.0,7755.0,7030.0,7615.0,3187762,6694.0,6410.0,6163.25
2026-09-22,3443,8370.0,8375.0,8370.0,8375.0,711474,7162.0,6651.5,6303.5
2026-09-23,3443,8325.0,8540.0,8200.0,8385.0,2107816,7605.0,6897.5,6416.5
2026-09-24,3443,8300.0,8545.0,8205.0,8525.0,1471460,8010.0,7127.5,6546.75
2026-02-23,2368,845.0,857.0,812.0,818.0,8530571,,,
2026-02-24,2368,820.0,840.0,819.0,833.0,6121104,,,
2026-02-25,2368,842.0,858.0,822.0,845.0,7582416,,,
2026-02-26,2368,847.0,856.0,812.0,826.0,8963475,,,
2026-03-02,2368,784.0,806.0,781.0,787.0,7950948,821.8,,
2026-03-03,2368,781.0,804.0,760.0,766.0,7741612,811.4,,
2026-03-04,2368,748.0,759.0,697.0,709.0,9464246,786.6,,
2026-03-05,2368,743.0,761.0,722.0,736.0,7982705,764.8,,
2026-03-06,2368,730.0,809.0,729.0,792.0,12156649,758.0,,
2026-03-09,2368,733.0,768.0,720.0,761.0,11468216,752.8,787.3,
2026-03-10,2368,793.0,832.0,787.0,817.0,13502808,763.0,787.2,
2026-03-11,2368,866.0,898.0,865.0,898.0,9954146,800.8,793.7,
2026-03-12,2368,898.0,935.0,891.0,911.0,15841662,835.8,800.3,
2026-03-13,2368,900.0,965.0,893.0,935.0,12446530,864.4,811.2,
2026-03-16,2368,956.0,956.0,907.0,909.0,7395861,894.0,823.4,
2026-03-17,2368,916.0,935.0,905.0,917.0,6437561,914.0,838.5,
2026-03-18,2368,926.0,938.0,912.0,917.0,6664207,917.8,859.3,
2026-03-19,2368,908.0,1005.0,907.0,1005.0,12942040,936.6,886.2,
2026-03-20,2368,1030.0,1040.0,934.0,988.0,25449507,947.2,905.8,
2026-03-23,2368,940.0,981.0,936.0,962.0,10072083,957.8,925.9,856.6
2026-03-24,2368,991.0,997.0,888.0,888.0,12664717,952.0,933.0,860.1
2026-03-25,2368,919.0,950.0,913.0,922.0,8660995,953.0,935.4,864.55
2026-03-26,2368,935.0,953.0,918.0,918.0,7064041,935.6,936.1,868.2
2026-03-27,2368,890.0,935.0,890.0,924.0,4937362,922.8,935.0,873.1
2026-03-30,2368,894.0,911.0,875.0,898.0,6234652,910.0,933.9,878.65
2026-03-31,2368,890.0,914.0,854.0,860.0,8418167,904.4,928.2,883.35
2026-04-01,2368,905.0,946.0,904.0,946.0,7499563,909.2,931.1,895.2
2026-04-02,2368,977.0,980.0,900.0,905.0,10146068,906.6,921.1,903.65
2026-04-07,2368,927.0,955.0,918.0,927.0,5759089,907.2,915.0,910.4
2026-04-08,2368,983.0,1015.0,974.0,998.0,8015709,927.2,918.6,922.25
2026-04-09,2368,1010.0,1095.0,1000.0,1095.0,9838380,974.2,939.3,936.15
2026-04-10,2368,1130.0,1130.0,1040.0,1090.0,9042307,1003.0,956.1,945.75
2026-04-13,2368,1090.0,1100.0,1050.0,1055.0,4989390,1033.0,969.8,952.95
2026-04-14,2368,1110.0,1160.0,1110.0,1150.0,7030618,1077.6,992.4,963.7
2026-04-15,2368,1185.0,1210.0,1130.0,1165.0,9300414,1111.0,1019.1,976.5
2026-04-16,2368,1195.0,1200.0,1145.0,1165.0,4307343,1125.0,1049.6,988.9
2026-04-17,2368,1165.0,1200.0,1160.0,1175.0,3836017,1142.0,1072.5,1001.8
2026-04-20,2368,1190.0,1230.0,1145.0,1210.0,5889970,1173.0,1103.0,1012.05
2026-04-21,2368,1215.0,1240.0,1195.0,1225.0,4412657,1188.0,1132.8,1023.9
2026-04-22,2368,1235.0,1275.0,1225.0,1250.0,4021743,1205.0,1158.0,1038.3
2026-04-23,2368,1375.0,1375.0,1225.0,1265.0,8411514,1225.0,1175.0,1057.15
2026-04-24,2368,1315.0,1390.0,1300.0,1390.0,8735359,1268.0,1205.0,1080.55
2026-04-27,2368,1420.0,1470.0,1385.0,1420.0,10113037,1310.0,1241.5,1105.65
2026-04-28,2368,1410.0,1425.0,1370.0,1390.0,5537197,1343.0,1265.5,1128.95
2026-04-29,2368,1325.0,1390.0,1300.0,1360.0,5672136,1365.0,1285.0,1152.05
2026-04-30,2368,1360.0,1410.0,1320.0,1390.0,4979385,1390.0,1307.5,1178.55
2026-05-04,2368,1430.0,1480.0,1400.0,1440.0,4541472,1400.0,1334.0,1203.25
2026-05-05,2368,1450.0,1490.0,1420.0,1480.0,3705312,1412.0,1361.0,1232.0
2026-05-06,2368,1510.0,1520.0,1405.0,1445.0,6284760,1423.0,1383.0,1257.9
2026-05-07,2368,1460.0,1470.0,1435.0,1450.0,4092588,1441.0,1403.0,1280.5
2026-05-08,2368,1460.0,1460.0,1305.0,1330.0,7086129,1429.0,1409.5,1292.25
2026-05-11,2368,1310.0,1410.0,1305.0,1400.0,5404968,1421.0,1410.5,1307.75
2026-05-12,2368,1400.0,1465.0,1390.0,1390.0,4642474,1403.0,1407.5,1324.5
2026-05-13,2368,1390.0,1440.0,1310.0,1350.0,9273875,1384.0,1403.5,1334.5
2026-05-14,2368,1400.0,1480.0,1375.0,1430.0,7002469,1380.0,1410.5,1347.75
2026-05-15,2368,1450.0,1455.0,1290.0,1290.0,7370631,1372.0,1400.5,1354.0
2026-05-18,2368,1220.0,1270.0,1215.0,1250.0,7982652,1342.0,1381.5,1357.75
2026-05-19,2368,1260.0,1325.0,1245.0,1285.0,6451905,1321.0,1362.0,1361.5
2026-05-20,2368,1305.0,1305.0,1220.0,1235.0,5873749,1298.0,1341.0,1362.0
2026-05-21,2368,1280.0,1305.0,1260.0,1285.0,5210531,1269.0,1324.5,1363.75
2026-05-22,2368,1325.0,1365.0,1305.0,1330.0,5646399,1277.0,1324.5,1367.0
2026-05-25,2368,1400.0,1455.0,1360.0,1425.0,6665391,1312.0,1327.0,1368.75
2026-05-26,2368,1465.0,1495.0,1425.0,1445.0,5681233,1344.0,1332.5,1370.0
2026-05-27,2368,1450.0,1470.0,1370.0,1375.0,5687897,1372.0,1335.0,1369.25
2026-05-28,2368,1395.0,1420.0,1290.0,1305.0,5166050,1376.0,1322.5,1366.5
2026-05-29,2368,1335.0,1360.0,1275.0,1320.0,6593515,1374.0,1325.5,1363.0
2026-06-01,2368,1345.0,1350.0,1300.0,1325.0,4844214,1354.0,1333.0,1357.25
2026-06-02,2368,1330.0,1330.0,1235.0,1275.0,7260097,1320.0,1332.0,1347.0
2026-06-03,2368,1360.0,1400.0,1350.0,1385.0,7490127,1322.0,1347.0,1344.0
2026-06-04,2368,1350.0,1370.0,1315.0,1350.0,4195749,1331.0,1353.5,1339.0
2026-06-05,2368,1290.0,1350.0,1270.0,1315.0,5359587,1330.0,1352.0,1338.25
2026-06-08,2368,1185.0,1365.0,1185.0,1360.0,5888790,1337.0,1345.5,1336.25
2026-06-09,2368,1410.0,1495.0,1350.0,1495.0,12023156,1381.0,1350.5,1341.5
2026-06-10,2368,1500.0,1580.0,1415.0,1420.0,9767166,1388.0,1355.0,1345.0
2026-06-11,2368,1415.0,1440.0,1285.0,1345.0,7917874,1387.0,1359.0,1340.75
2026-06-12,2368,1425.0,1450.0,1305.0,1320.0,6276215,1388.0,1359.0,1342.25
2026-06-15,2368,1380.0,1400.0,1305.0,1320.0,5263369,1380.0,1358.5,1345.75
2026-06-16,2368,1330.0,1370.0,1320.0,1345.0,4085591,1350.0,1365.5,1348.75
2026-06-17,2368,1345.0,1375.0,1340.0,1370.0,3261807,1340.0,1364.0,1355.5
2026-06-18,2368,1380.0,1390.0,1340.0,1355.0,3589052,1342.0,1364.5,1359.0
2026-06-22,2368,1390.0,1400.0,1335.0,1395.0,5223186,1357.0,1372.5,1362.25
2026-06-23,2368,1390.0,1390.0,1250.0,1265.0,9347906,1346.0,1363.0,1354.25
2026-06-24,2368,1230.0,1265.0,1200.0,1255.0,7064225,1328.0,1339.0,1344.75
2026-06-25,2368,1270.0,1305.0,1230.0,1240.0,6146688,1302.0,1321.0,1338.0
2026-06-26,2368,1240.0,1260.0,1180.0,1190.0,5855085,1269.0,1305.5,1332.25
2026-06-29,2368,1190.0,1205.0,1145.0,1155.0,5167061,1221.0,1289.0,1324.0
2026-06-30,2368,1205.0,1235.0,1185.0,1200.0,5372923,1208.0,1277.0,1317.75
2026-07-01,2368,1245.0,1245.0,1185.0,1220.0,4405709,1201.0,1264.5,1315.0
2026-07-02,2368,1185.0,1280.0,1150.0,1235.0,5408627,1200.0,1251.0,1307.5
2026-07-03,2368,1210.0,1305.0,1195.0,1305.0,5700146,1223.0,1246.0,1305.25
2026-07-06,2368,1335.0,1335.0,1190.0,1225.0,5477325,1237.0,1229.0,1300.75
2026-07-07,2368,1220.0,1220.0,1130.0,1135.0,5240357,1224.0,1216.0,1289.5
2026-07-08,2368,1150.0,1180.0,1110.0,1150.0,3923915,1210.0,1205.5,1272.25
2026-07-09,2368,1125.0,1140.0,1065.0,1075.0,8061580,1178.0,1189.0,1255.0
2026-07-13,2368,1085.0,1105.0,1040.0,1045.0,4210045,1126.0,1174.5,1240.0
2026-07-14,2368,1040.0,1070.0,955.0,1015.0,6200585,1084.0,1160.5,1224.75
2026-07-15,2368,1040.0,1060.0,1015.0,1025.0,4764532,1062.0,1143.0,1210.0
2026-07-16,2368,998.0,1010.0,981.0,1005.0,3284092,1033.0,1121.5,1193.0
2026-07-17,2368,964.0,980.0,927.0,927.0,5632652,1003.4,1090.7,1170.85
2026-07-20,2368,936.0,947.0,875.0,927.0,5875440,979.8,1052.9,1149.45
2026-07-21,2368,950.0,980.0,939.0,980.0,4609779,972.8,1028.4,1128.7
2026-07-22,2368,1005.0,1010.0,938.0,940.0,8073832,955.8,1008.9,1112.45
2026-07-23,2368,949.0,958.0,930.0,941.0,5006114,943.0,988.0,1096.75
2026-07-24,2368,925.0,941.0,892.0,901.0,4067807,937.8,970.6,1079.8
2026-07-27,2368,905.0,907.0,874.0,895.0,2619196,931.4,955.6,1065.05
2026-07-28,2368,851.0,851.0,809.0,809.0,5667389,897.2,935.0,1047.75
2026-07-29,2368,805.0,813.0,729.0,729.0,8159221,855.0,905.4,1024.2
2026-07-30,2368,717.0,779.0,705.0,721.0,9520890,811.0,877.0,999.25
2026-07-31,2368,793.0,793.0,784.0,793.0,2926470,789.4,863.6,977.15
2026-08-03,2368,850.0,872.0,841.0,872.0,5040562,784.8,858.1,955.5
2026-08-04,2368,901.0,903.0,858.0,897.0,13604855,802.4,849.8,939.1
2026-08-05,2368,950.0,969.0,919.0,940.0,13005498,844.6,849.8,929.35
2026-08-06,2368,925.0,1030.0,906.0,985.0,12847174,897.4,854.2,921.1
2026-08-07,2368,985.0,1015.0,941.0,982.0,12352014,935.2,862.3,916.45
2026-08-10,2368,985.0,1000.0,910.0,926.0,18011976,946.0,865.4,910.5
2026-08-11,2368,917.0,984.0,915.0,964.0,12989095,959.4,880.9,907.95
2026-08-12,2368,1015.0,1045.0,964.0,1000.0,19889143,971.4,908.0,906.7
2026-08-13,2368,1030.0,1045.0,994.0,1010.0,14515709,976.4,936.9,906.95
2026-08-14,2368,1015.0,1065.0,995.0,1015.0,9269180,983.0,959.1,911.35
2026-08-17,2368,1020.0,1025.0,995.0,1010.0,6281786,999.8,972.9,915.5
2026-08-18,2368,1020.0,1110.0,1010.0,1070.0,14252588,1021.0,990.2,920.0
2026-08-19,2368,1035.0,1095.0,1020.0,1040.0,10290635,1029.0,1000.2,925.0
2026-08-20,2368,1070.0,1100.0,1000.0,1025.0,7768759,1032.0,1004.2,929.2
2026-08-21,2368,1015.0,1025.0,958.0,965.0,7379773,1022.0,1002.5,932.4
2026-08-24,2368,963.0,1000.0,946.0,948.0,4900373,1009.6,1004.7,935.05
2026-08-25,2368,942.0,974.0,915.0,971.0,5331262,989.8,1005.4,943.15
2026-08-26,2368,970.0,1060.0,966.0,1040.0,8709942,989.8,1009.4,958.7
2026-08-27,2368,1040.0,1050.0,1005.0,1030.0,6091630,990.8,1011.4,974.15
2026-08-28,2368,1050.0,1130.0,1045.0,1130.0,10783533,1023.8,1022.9,991.0
2026-08-31,2368,1200.0,1240.0,1140.0,1165.0,20981904,1067.2,1038.4,1005.65
2026-09-01,2368,1175.0,1245.0,1155.0,1225.0,12953799,1118.0,1053.9,1022.05
2026-09-02,2368,1210.0,1210.0,1160.0,1175.0,6246961,1145.0,1067.4,1033.8
2026-09-03,2368,1190.0,1190.0,1090.0,1100.0,9171589,1159.0,1074.9,1039.55
2026-09-04,2368,1140.0,1145.0,1030.0,1045.0,9549227,1142.0,1082.9,1042.7
2026-09-07,2368,1090.0,1145.0,1060.0,1120.0,8130245,1133.0,1100.1,1052.4
2026-09-08,2368,1100.0,1115.0,1070.0,1075.0,4987962,1103.0,1110.5,1057.95
2026-09-09,2368,1100.0,1145.0,1095.0,1100.0,5814207,1088.0,1116.5,1062.95
2026-09-10,2368,1080.0,1090.0,1035.0,1045.0,4431064,1077.0,1118.0,1064.7
2026-09-11,2368,1010.0,1040.0,1000.0,1030.0,4402634,1074.0,1108.0,1065.45
2026-09-14,2368,985.0,1035.0,978.0,1020.0,4733419,1054.0,1093.5,1065.95
2026-09-15,2368,1010.0,1015.0,971.0,972.0,6666940,1033.4,1068.2,1061.05
2026-09-16,2368,986.0,1010.0,966.0,992.0,5363645,1011.8,1049.9,1058.65
2026-09-17,2368,1035.0,1085.0,950.0,950.0,13646634,992.8,1034.9,1054.9
2026-09-18,2368,978.0,1020.0,969.0,1020.0,11142009,990.8,1032.4,1057.65
2026-09-21,2368,1020.0,1050.0,1000.0,1045.0,7314499,995.8,1024.9,1062.5
2026-09-22,2368,1070.0,1075.0,1025.0,1040.0,8317821,1009.4,1021.4,1065.95
2026-09-23,2368,1085.0,1140.0,1030.0,1140.0,14173667,1039.0,1025.4,1070.95
2026-09-24,2368,1135.0,1150.0,1075.0,1105.0,15757587,1070.0,1031.4,1074.7
2026-02-23,6274,540.0,548.0,525.0,539.0,7844889,,,
2026-02-24,6274,543.0,566.0,539.0,562.0,7707014,,,
2026-02-25,6274,577.0,579.0,560.0,577.0,7787796,,,
2026-02-26,6274,579.0,583.0,545.0,545.0,13510785,,,
2026-03-02,6274,520.0,545.0,520.0,540.0,8949675,552.6,,
2026-03-03,6274,542.0,559.0,532.0,538.0,8306194,552.4,,
2026-03-04,6274,530.0,533.0,487.5,490.5,11989305,538.1,,
2026-03-05,6274,515.0,527.0,503.0,506.0,7617186,523.9,,
2026-03-06,6274,508.0,513.0,489.5,504.0,13685289,515.7,,
2026-03-09,6274,454.5,470.0,454.0,454.0,5727504,498.5,525.55,
2026-03-10,6274,472.0,492.0,462.5,467.0,11777515,484.3,518.35,
2026-03-11,6274,477.5,496.0,477.5,488.5,8997544,483.9,511.0,
2026-03-12,6274,481.5,482.0,441.0,452.5,27245092,473.2,498.55,
2026-03-13,6274,450.0,497.5,447.5,497.5,18358897,471.9,493.8,
2026-03-16,6274,515.0,520.0,491.0,503.0,16967162,481.7,490.1,
2026-03-17,6274,512.0,517.0,501.0,505.0,9690503,489.3,486.8,
2026-03-18,6274,512.0,533.0,503.0,531.0,14517352,497.8,490.85,
2026-03-19,6274,523.0,584.0,519.0,584.0,25924522,524.1,498.65,
2026-03-20,6274,598.0,600.0,543.0,554.0,23639515,535.4,503.65,
2026-03-23,6274,527.0,560.0,527.0,538.0,14041603,542.4,512.05,518.8
2026-03-24,6274,558.0,562.0,528.0,541.0,15757761,549.6,519.45,518.9
2026-03-25,6274,558.0,585.0,556.0,580.0,15735560,559.4,528.6,519.8
2026-03-26,6274,594.0,630.0,586.0,606.0,19950069,563.8,543.95,521.25
2026-03-27,6274,594.0,626.0,585.0,626.0,13375769,578.2,556.8,525.3
2026-03-30,6274,606.0,611.0,589.0,602.0,10650016,591.0,566.7,528.4
2026-03-31,6274,598.0,615.0,563.0,569.0,13277471,596.6,573.1,529.95
2026-04-01,6274,600.0,625.0,594.0,623.0,13441546,605.2,582.3,536.575
2026-04-02,6274,639.0,653.0,615.0,621.0,17309472,608.2,586.0,542.325
2026-04-07,6274,645.0,683.0,641.0,683.0,10357840,619.6,598.9,551.275
2026-04-08,6274,723.0,736.0,697.0,725.0,20142289,644.2,617.6,564.825
2026-04-09,6274,731.0,797.0,731.0,797.0,11909534,689.8,643.2,581.325
2026-04-10,6274,838.0,838.0,786.0,808.0,14760338,726.8,666.0,597.3
2026-04-13,6274,810.0,831.0,795.0,801.0,9525253,762.8,685.5,614.725
2026-04-14,6274,839.0,880.0,837.0,860.0,11025619,798.2,708.9,632.85
2026-04-15,6274,906.0,946.0,895.0,946.0,8370319,842.4,743.3,655.0
2026-04-16,6274,945.0,983.0,910.0,960.0,15852427,875.0,782.4,677.75
2026-04-17,6274,950.0,966.0,940.0,946.0,4040078,902.6,814.7,698.5
2026-04-20,6274,936.0,962.0,935.0,950.0,3667124,932.4,847.6,716.8
2026-04-21,6274,959.0,969.0,938.0,963.0,3074315,953.0,875.6,737.25
2026-04-22,6274,963.0,984.0,952.0,973.0,2876339,958.4,900.4,759.0
2026-04-23,6274,990.0,1000.0,880.0,950.0,4351158,956.4,915.7,779.45
2026-04-24,6274,974.0,1045.0,972.0,1045.0,4421406,976.2,939.4,802.7
2026-04-27,6274,1080.0,1080.0,958.0,990.0,4481709,984.2,958.3,821.9
2026-04-28,6274,995.0,996.0,965.0,966.0,2834646,984.8,968.9,838.9
2026-04-29,6274,966.0,989.0,941.0,975.0,2607141,985.2,971.8,857.55
2026-04-30,6274,993.0,1015.0,968.0,1010.0,3742243,997.2,976.8,879.6
2026-05-04,6274,1085.0,1110.0,1060.0,1110.0,7421000,1010.2,993.2,903.95
2026-05-05,6274,1140.0,1220.0,1125.0,1220.0,13565657,1056.2,1020.2,933.9
2026-05-06,6274,1275.0,1340.0,1160.0,1315.0,16724084,1126.0,1055.4,965.5
2026-05-07,6274,1445.0,1445.0,1415.0,1445.0,4568906,1220.0,1102.6,1001.5
2026-05-08,6274,1400.0,1475.0,1320.0,1370.0,14583697,1292.0,1144.6,1030.15
2026-05-11,6274,1375.0,1455.0,1350.0,1455.0,2585263,1361.0,1185.6,1062.5
2026-05-12,6274,1455.0,1460.0,1400.0,1450.0,1519616,1407.0,1231.6,1094.95
2026-05-13,6274,1395.0,1450.0,1345.0,1450.0,1966455,1434.0,1280.0,1124.45
2026-05-14,6274,1480.0,1480.0,1400.0,1450.0,2167642,1435.0,1327.5,1149.65
2026-05-15,6274,1440.0,1440.0,1305.0,1305.0,1538577,1422.0,1357.0,1166.9
2026-05-18,6274,1210.0,1265.0,1200.0,1260.0,2836839,1383.0,1372.0,1182.6
2026-05-19,6274,1250.0,1305.0,1210.0,1225.0,1466457,1338.0,1372.5,1196.35
2026-05-20,6274,1260.0,1300.0,1190.0,1205.0,1637014,1289.0,1361.5,1208.45
2026-05-21,6274,1325.0,1325.0,1325.0,1325.0,737518,1264.0,1349.5,1226.05
2026-05-22,6274,1455.0,1455.0,1445.0,1455.0,1681826,1294.0,1358.0,1251.3
2026-05-25,6274,1600.0,1600.0,1590.0,1600.0,1485548,1362.0,1372.5,1279.05
2026-05-26,6274,1640.0,1700.0,1560.0,1580.0,9545755,1433.0,1385.5,1308.55
2026-05-27,6274,1640.0,1735.0,1575.0,1630.0,8228339,1518.0,1403.5,1341.75
2026-05-28,6274,1615.0,1695.0,1525.0,1540.0,8948625,1561.0,1412.5,1370.0
2026-05-29,6274,1615.0,1690.0,1610.0,1690.0,9687712,1608.0,1451.0,1404.0
2026-06-01,6274,1690.0,1815.0,1650.0,1705.0,8984100,1629.0,1495.5,1433.75
2026-06-02,6274,1700.0,1700.0,1565.0,1590.0,7939217,1631.0,1532.0,1452.25
2026-06-03,6274,1605.0,1730.0,1585.0,1695.0,6904916,1644.0,1581.0,1471.25
2026-06-04,6274,1680.0,1705.0,1640.0,1695.0,3450495,1675.0,1618.0,1483.75
2026-06-05,6274,1645.0,1715.0,1530.0,1610.0,8122153,1659.0,1633.5,1495.75
2026-06-08,6274,1450.0,1545.0,1450.0,1535.0,5933577,1625.0,1627.0,1499.75
2026-06-09,6274,1550.0,1620.0,1480.0,1615.0,8939955,1630.0,1630.5,1508.0
2026-06-10,6274,1590.0,1705.0,1490.0,1500.0,9011774,1591.0,1617.5,1510.5
2026-06-11,6274,1520.0,1555.0,1400.0,1475.0,8297264,1547.0,1611.0,1511.75
2026-06-12,6274,1580.0,1620.0,1430.0,1430.0,9417990,1511.0,1585.0,1518.0
2026-06-15,6274,1490.0,1570.0,1490.0,1570.0,4977320,1518.0,1571.5,1533.5
2026-06-16,6274,1590.0,1660.0,1580.0,1610.0,5919045,1517.0,1573.5,1552.75
2026-06-17,6274,1585.0,1690.0,1570.0,1670.0,6140782,1551.0,1571.0,1576.0
2026-06-18,6274,1790.0,1835.0,1770.0,1835.0,3851806,1623.0,1585.0,1601.5
2026-06-22,6274,1900.0,1920.0,1835.0,1900.0,7650021,1717.0,1614.0,1623.75
2026-06-23,6274,1905.0,1905.0,1715.0,1735.0,6716879,1750.0,1634.0,1630.5
2026-06-24,6274,1700.0,1765.0,1670.0,1765.0,4603098,1781.0,1649.0,1639.75
2026-06-25,6274,1795.0,1795.0,1650.0,1700.0,7082121,1787.0,1669.0,1643.25
2026-06-26,6274,1680.0,1750.0,1575.0,1580.0,6162101,1736.0,1679.5,1645.25
2026-06-29,6274,1575.0,1585.0,1505.0,1555.0,4980392,1667.0,1692.0,1638.5
2026-06-30,6274,1675.0,1710.0,1620.0,1680.0,5428920,1656.0,1703.0,1637.25
2026-07-01,6274,1710.0,1715.0,1595.0,1690.0,5506270,1641.0,1711.0,1642.25
2026-07-02,6274,1620.0,1710.0,1610.0,1690.0,4665977,1639.0,1713.0,1642.0
2026-07-03,6274,1655.0,1840.0,1615.0,1790.0,7987846,1681.0,1708.5,1646.75
2026-07-06,6274,1820.0,1825.0,1615.0,1630.0,8257053,1696.0,1681.5,1647.75
2026-07-07,6274,1630.0,1715.0,1560.0,1575.0,6705842,1675.0,1665.5,1649.75
2026-07-08,6274,1630.0,1665.0,1550.0,1645.0,5984425,1666.0,1653.5,1651.25
2026-07-09,6274,1635.0,1680.0,1565.0,1570.0,5050912,1642.0,1640.5,1654.75
2026-07-13,6274,1600.0,1620.0,1525.0,1550.0,3851993,1594.0,1637.5,1658.5
2026-07-14,6274,1515.0,1530.0,1395.0,1395.0,5236298,1547.0,1621.5,1656.75
2026-07-15,6274,1420.0,1490.0,1410.0,1435.0,5986650,1519.0,1597.0,1650.0
2026-07-16,6274,1410.0,1415.0,1295.0,1295.0,9563890,1449.0,1557.5,1634.25
2026-07-17,6274,1195.0,1235.0,1170.0,1170.0,5920894,1369.0,1505.5,1609.25
2026-07-20,6274,1135.0,1175.0,1060.0,1125.0,9186125,1284.0,1439.0,1573.75
2026-07-21,6274,1230.0,1235.0,1230.0,1235.0,2369744,1252.0,1399.5,1540.5
2026-07-22,6274,1355.0,1355.0,1355.0,1355.0,621581,1236.0,1377.5,1521.5
2026-07-23,6274,1405.0,1415.0,1325.0,1335.0,9775632,1244.0,1346.5,1500.0
2026-07-24,6274,1315.0,1330.0,1205.0,1250.0,6043106,1260.0,1314.5,1477.5
2026-07-27,6274,1290.0,1305.0,1205.0,1255.0,5279552,1286.0,1285.0,1461.25
2026-07-28,6274,1180.0,1245.0,1130.0,1130.0,5705825,1265.0,1258.5,1440.0
2026-07-29,6274,1125.0,1155.0,1020.0,1020.0,7354328,1198.0,1217.0,1407.0
2026-07-30,6274,996.0,1120.0,938.0,1010.0,14720598,1133.0,1188.5,1373.0
2026-07-31,6274,1110.0,1110.0,1110.0,1110.0,843898,1105.0,1182.5,1344.0
2026-08-03,6274,1220.0,1220.0,1220.0,1220.0,1332333,1098.0,1192.0,1315.5
2026-08-04,6274,1305.0,1340.0,1245.0,1340.0,8820351,1140.0,1202.5,1301.0
2026-08-05,6274,1470.0,1470.0,1470.0,1470.0,3017273,1230.0,1214.0,1295.75
2026-08-06,6274,1405.0,1530.0,1365.0,1530.0,16758388,1334.0,1233.5,1290.0
2026-08-07,6274,1540.0,1540.0,1430.0,1440.0,8856699,1400.0,1252.5,1283.5
2026-08-10,6274,1510.0,1510.0,1445.0,1460.0,2326002,1448.0,1273.0,1279.0
2026-08-11,6274,1585.0,1605.0,1500.0,1605.0,3554098,1501.0,1320.5,1289.5
2026-08-12,6274,1580.0,1645.0,1580.0,1600.0,2421683,1527.0,1378.5,1297.75
2026-08-13,6274,1675.0,1675.0,1525.0,1600.0,2944461,1541.0,1437.5,1313.0
2026-08-14,6274,1620.0,1730.0,1600.0,1675.0,3540605,1588.0,1494.0,1338.25
2026-08-17,6274,1695.0,1695.0,1575.0,1600.0,6559800,1616.0,1532.0,1362.0
2026-08-18,6274,1620.0,1640.0,1515.0,1545.0,7101453,1604.0,1552.5,1377.5
2026-08-19,6274,1455.0,1575.0,1455.0,1500.0,5742661,1584.0,1555.5,1384.75
2026-08-20,6274,1555.0,1580.0,1510.0,1575.0,4633449,1579.0,1560.0,1396.75
2026-08-21,6274,1545.0,1580.0,1485.0,1495.0,5519556,1543.0,1565.5,1409.0
2026-08-24,6274,1505.0,1540.0,1455.0,1455.0,3715760,1514.0,1565.0,1419.0
2026-08-25,6274,1430.0,1485.0,1395.0,1485.0,5453462,1502.0,1553.0,1436.75
2026-08-26,6274,1475.0,1560.0,1465.0,1530.0,5832336,1508.0,1546.0,1462.25
2026-08-27,6274,1560.0,1565.0,1420.0,1445.0,9022541,1482.0,1530.5,1484.0
2026-08-28,6274,1460.0,1515.0,1440.0,1490.0,5207091,1481.0,1512.0,1503.0
2026-08-31,6274,1435.0,1485.0,1385.0,1435.0,7581669,1477.0,1495.5,1513.75
2026-09-01,6274,1435.0,1480.0,1430.0,1450.0,4920102,1470.0,1486.0,1519.25
2026-09-02,6274,1435.0,1460.0,1400.0,1410.0,3583482,1446.0,1477.0,1516.25
2026-09-03,6274,1420.0,1430.0,1340.0,1345.0,4901570,1426.0,1454.0,1507.0
2026-09-04,6274,1390.0,1425.0,1295.0,1365.0,5868445,1401.0,1441.0,1503.25
2026-09-07,6274,1395.0,1405.0,1345.0,1370.0,5831190,1388.0,1432.5,1498.75
2026-09-08,6274,1405.0,1430.0,1335.0,1345.0,5012748,1367.0,1418.5,1485.75
2026-09-09,6274,1360.0,1405.0,1315.0,1345.0,8551351,1354.0,1400.0,1473.0
2026-09-10,6274,1345.0,1400.0,1330.0,1395.0,4869049,1364.0,1395.0,1462.75
2026-09-11,6274,1355.0,1395.0,1335.0,1365.0,4608423,1364.0,1382.5,1447.25
2026-09-14,6274,1340.0,1440.0,1320.0,1410.0,7441172,1372.0,1380.0,1437.75
2026-09-15,6274,1430.0,1450.0,1370.0,1370.0,6653166,1377.0,1372.0,1429.0
2026-09-16,6274,1360.0,1460.0,1345.0,1415.0,7140413,1391.0,1372.5,1424.75
2026-09-17,6274,1445.0,1460.0,1275.0,1320.0,22637144,1376.0,1370.0,1412.0
2026-09-18,6274,1365.0,1395.0,1335.0,1370.0,10688162,1377.0,1370.5,1405.75
2026-09-21,6274,1385.0,1445.0,1355.0,1435.0,11543152,1382.0,1377.0,1404.75
2026-09-22,6274,1480.0,1510.0,1395.0,1440.0,11765124,1396.0,1386.5,1402.5
2026-09-23,6274,1440.0,1485.0,1420.0,1460.0,6868715,1405.0,1398.0,1399.0
2026-09-24,6274,1485.0,1530.0,1475.0,1495.0,10538467,1440.0,1408.0,1401.5
2026-02-23,8150,55.0,55.6,54.1,55.4,18665926,,,
2026-02-24,8150,56.2,59.4,54.5,59.1,28989921,,,
2026-02-25,8150,65.0,65.0,62.6,65.0,80442601,,,
2026-02-26,8150,65.0,71.5,64.5,71.5,121062839,,,
2026-03-02,8150,69.5,71.5,66.6,67.9,80708670,63.779999999999994,,
2026-03-03,8150,68.5,70.4,61.3,61.9,68584502,65.08000000000001,,
2026-03-04,8150,58.6,60.0,56.7,58.1,22284854,64.88,,
2026-03-05,8150,61.0,63.7,60.0,62.9,30198852,64.46000000000001,,
2026-03-06,8150,61.8,63.9,61.2,61.9,17338648,62.54,,
2026-03-09,8150,56.5,58.5,56.1,58.4,10445282,60.64,62.21,
2026-03-10,8150,61.2,61.5,58.2,59.8,11712099,60.21999999999999,62.65,
2026-03-11,8150,61.5,63.8,61.2,63.4,15600057,61.279999999999994,63.08,
2026-03-12,8150,63.4,64.0,61.0,61.1,14635931,60.919999999999995,62.69,
2026-03-13,8150,59.8,61.1,59.4,60.5,6863879,60.64,61.589999999999996,
2026-03-16,8150,61.4,63.0,61.2,61.9,11051858,61.339999999999996,60.989999999999995,
2026-03-17,8150,63.6,65.5,63.5,64.4,22649322,62.260000000000005,61.24000000000001,
2026-03-18,8150,66.0,66.1,63.1,64.6,16679911,62.5,61.89,
2026-03-19,8150,63.5,64.4,62.8,63.4,9196832,62.96,61.94000000000001,
2026-03-20,8150,64.0,65.0,61.1,62.5,15994211,63.36,62.0,
2026-03-23,8150,59.0,59.9,58.2,58.3,7131319,62.64,61.989999999999995,62.1
2026-03-24,8150,59.7,60.2,55.7,57.1,8974433,61.17999999999999,61.720000000000006,62.18499999999999
2026-03-25,8150,58.2,59.9,57.9,59.1,6941114,60.080000000000005,61.290000000000006,62.185
2026-03-26,8150,59.3,60.9,58.5,58.5,7624594,59.1,61.03000000000001,61.86
2026-03-27,8150,56.8,57.5,54.7,56.3,7841486,57.86,60.61,61.1
2026-03-30,8150,54.5,56.8,54.1,56.5,7857359,57.5,60.07000000000001,60.529999999999994
2026-03-31,8150,55.5,55.8,53.0,53.6,8100440,56.8,58.989999999999995,60.114999999999995
2026-04-01,8150,56.0,56.3,55.1,55.5,5385721,56.08,58.080000000000005,59.98499999999999
2026-04-02,8150,57.0,57.7,55.6,56.7,8772457,55.720000000000006,57.40999999999999,59.675
2026-04-07,8150,58.0,59.9,56.3,57.0,12342459,55.86,56.86,59.42999999999999
2026-04-08,8150,59.0,61.6,58.6,60.9,12797290,56.739999999999995,57.120000000000005,59.55500000000001
2026-04-09,8150,62.1,62.1,60.0,60.4,9042261,58.1,57.45,59.584999999999994
2026-04-10,8150,62.0,64.5,61.0,61.4,13047040,59.279999999999994,57.67999999999999,59.485
2026-04-13,8150,62.0,63.5,61.5,62.9,13432469,60.52,58.11999999999999,59.575
2026-04-14,8150,64.7,64.8,62.5,63.0,11101576,61.720000000000006,58.79,59.7
2026-04-15,8150,64.0,69.3,61.8,67.0,39697424,62.94,59.839999999999996,59.955000000000005
2026-04-16,8150,69.2,73.7,68.8,73.7,50429107,65.6,61.85,60.419999999999995
2026-04-17,8150,74.6,75.0,67.2,67.3,72669222,66.78,63.029999999999994,60.55500000000001
2026-04-20,8150,69.1,70.0,66.6,67.4,43671126,67.67999999999999,64.1,60.754999999999995
2026-04-21,8150,68.0,74.1,67.9,74.1,55173570,69.9,65.81,61.335
2026-04-22,8150,76.6,80.7,75.0,79.8,109739787,72.46,67.7,62.410000000000004
2026-04-23,8150,80.5,80.7,71.9,71.9,58611359,72.1,68.85,63.15
2026-04-24,8150,72.1,73.6,68.7,69.8,36939229,72.6,69.69,63.685
2026-04-27,8150,70.0,71.8,64.2,67.8,20231044,72.67999999999999,70.17999999999999,64.15
2026-04-28,8150,68.3,68.9,66.6,68.3,11540450,71.52,70.71000000000001,64.75
2026-04-29,8150,66.8,67.9,66.0,67.0,9777458,68.96,70.71000000000001,65.275
2026-04-30,8150,67.3,73.5,67.2,69.8,32774904,68.53999999999999,70.32,66.08500000000001
2026-05-04,8150,71.2,76.7,70.7,76.5,43860152,69.88,71.24,67.135
2026-05-05,8150,79.9,84.1,79.8,84.1,20021669,73.14000000000001,72.91,68.505
2026-05-06,8150,92.5,92.5,87.5,89.2,74820219,77.32000000000001,74.42,70.115
2026-05-07,8150,90.0,98.1,84.5,98.1,80749867,83.53999999999999,76.25,71.975
2026-05-08,8150,100.5,103.0,88.3,92.7,101806451,88.12,78.33,73.59
2026-05-11,8150,95.0,97.9,90.3,91.0,51675179,91.02000000000001,80.45,75.07000000000001
2026-05-12,8150,90.4,90.6,86.1,87.0,34358540,91.6,82.37,76.275
2026-05-13,8150,85.1,89.4,84.6,85.5,28772358,90.85999999999999,84.09,77.4
2026-05-14,8150,86.0,88.0,82.5,83.9,31450051,88.02000000000001,85.78,78.24499999999999
2026-05-15,8150,84.2,84.2,80.0,80.9,23693876,85.66,86.89000000000001,78.605
2026-05-18,8150,79.0,84.4,76.9,82.3,18660090,83.91999999999999,87.47,79.35499999999999
2026-05-19,8150,81.3,82.2,77.3,77.6,17459593,82.04,86.82000000000001,79.865
2026-05-20,8150,77.6,77.6,74.2,74.4,15031169,79.82000000000001,85.34,79.88
2026-05-21,8150,76.5,78.6,75.9,75.9,13812607,78.22,83.12,79.685
2026-05-22,8150,77.4,82.4,76.3,79.1,46238424,77.86,81.76,80.045
2026-05-25,8150,80.5,87.0,79.1,86.8,51440041,78.76,81.34,80.895
2026-05-26,8150,86.8,88.1,83.8,85.4,44236285,80.32000000000001,81.17999999999999,81.775
2026-05-27,8150,89.7,93.9,86.0,93.9,90891826,84.22,82.02000000000001,83.05499999999999
2026-05-28,8150,98.8,103.0,98.5,103.0,112421888,89.64,83.93,84.85499999999999
2026-05-29,8150,113.0,113.0,113.0,113.0,13898178,96.42,87.14000000000001,87.015
2026-06-01,8150,113.0,114.0,103.0,106.5,108776821,100.36,89.56,88.515
2026-06-02,8150,104.5,110.0,97.3,98.6,61264270,103.0,91.66,89.24
2026-06-03,8150,99.4,104.5,95.7,95.8,50209005,103.38,93.8,89.57000000000001
2026-06-04,8150,94.1,105.0,94.1,99.1,79645310,102.6,96.12,89.61999999999999
2026-06-05,8150,96.7,99.3,92.8,96.8,34134453,99.35999999999999,97.89,89.825
2026-06-08,8150,87.2,87.2,87.2,87.2,6050289,95.5,97.93,89.63499999999999
2026-06-09,8150,87.5,95.9,84.5,95.9,59758112,94.96,98.98,90.08
2026-06-10,8150,92.8,102.0,88.2,88.3,78380740,93.46000000000001,98.41999999999999,90.22
2026-06-11,8150,91.2,97.1,90.4,97.1,65334546,93.05999999999999,97.83,90.88
2026-06-12,8150,101.5,104.0,96.7,97.0,83036676,93.1,96.22999999999999,91.68499999999999
2026-06-15,8150,100.5,102.0,95.9,95.9,44055468,94.84,95.16999999999999,92.365
2026-06-16,8150,96.6,101.5,94.4,94.6,47492986,94.58,94.77,93.215
2026-06-17,8150,95.1,97.7,92.8,94.9,27190884,95.9,94.67999999999999,94.24
2026-06-18,8150,95.5,104.0,95.1,104.0,73251782,97.28,95.16999999999999,95.645
2026-06-22,8150,108.0,114.0,107.5,114.0,51900604,100.67999999999999,96.89,97.39
2026-06-23,8150,108.5,112.0,103.0,106.5,86724774,102.8,98.82,98.375
2026-06-24,8150,103.0,106.0,98.4,103.0,37179320,104.47999999999999,99.53,99.255
2026-06-25,8150,107.0,110.5,96.0,96.0,54045237,104.7,100.3,99.36
2026-06-26,8150,96.4,105.0,95.7,97.5,63949068,103.4,100.34,99.08500000000001
2026-06-29,8150,100.0,101.0,90.4,90.5,53141548,98.7,99.69,97.96000000000001
2026-06-30,8150,94.3,99.5,93.6,99.5,40951100,97.3,100.05,97.61
2026-07-01,8150,102.5,109.0,96.7,107.0,117404586,98.1,101.28999999999999,98.03
2026-07-02,8150,103.0,112.5,101.5,108.5,84651278,100.6,102.65,98.66499999999999
2026-07-03,8150,106.5,109.5,103.5,105.0,36495120,102.1,102.75,98.96000000000001
2026-07-06,8150,111.5,115.5,111.0,115.5,51678647,107.1,102.9,99.89500000000001
2026-07-07,8150,118.0,118.5,107.0,109.0,94703617,109.0,103.15,100.985
2026-07-08,8150,109.0,110.0,103.0,106.5,41680408,108.9,103.5,101.515
2026-07-09,8150,108.5,117.0,108.5,117.0,65744153,110.6,105.6,102.95
2026-07-13,8150,121.5,123.0,112.5,115.0,106971602,112.6,107.35,103.845
2026-07-14,8150,113.5,115.5,103.5,104.0,62368590,110.3,108.7,104.19500000000001
2026-07-15,8150,107.0,114.0,105.0,114.0,57303876,111.3,110.15,105.1
2026-07-16,8150,114.0,125.0,114.0,122.5,180436796,114.5,111.7,106.495
2026-07-17,8150,116.0,119.0,110.5,110.5,76481631,113.2,111.9,107.275
2026-07-20,8150,108.0,108.0,100.0,103.0,49833726,110.8,111.7,107.225
2026-07-21,8150,106.0,106.0,97.3,104.0,76392212,110.8,110.55,106.725
2026-07-22,8150,106.5,109.5,100.0,100.0,101449863,108.0,109.65,106.4
2026-07-23,8150,103.0,108.0,95.7,98.2,76771855,103.14000000000001,108.82000000000001,106.16
2026-07-24,8150,96.5,97.0,90.5,90.8,48956287,99.2,106.2,105.9
2026-07-27,8150,90.0,90.8,85.8,89.9,34517562,96.58,103.69000000000001,105.52000000000001
2026-07-28,8150,85.0,85.5,81.0,81.0,23397197,91.97999999999999,101.39000000000001,105.045
2026-07-29,8150,78.6,79.6,72.9,72.9,23399658,86.56,97.28,103.715
2026-07-30,8150,66.2,72.3,65.7,66.0,43913300,80.12,91.63000000000001,101.66499999999999
2026-07-31,8150,72.6,72.6,72.5,72.6,8999473,76.47999999999999,87.84,99.87
2026-08-03,8150,73.0,78.9,73.0,77.6,48689772,74.02000000000001,85.3,98.5
2026-08-04,8150,78.0,85.0,77.7,82.5,39268066,74.32000000000001,83.15,96.85
2026-08-05,8150,86.7,90.4,85.4,86.5,41209713,77.03999999999999,81.8,95.725
2026-08-06,8150,85.8,88.7,83.5,86.9,30369153,81.22,80.67,94.745
2026-08-07,8150,87.3,91.9,84.6,86.3,32784824,83.96,80.22,93.21000000000001
2026-08-10,8150,89.4,94.2,89.4,92.9,39296241,87.02000000000001,80.52,92.105
2026-08-11,8150,93.1,99.4,91.0,99.0,100567458,90.32000000000001,82.32000000000001,91.855
2026-08-12,8150,96.6,97.4,92.0,92.2,86136843,91.46000000000001,84.25,90.765
2026-08-13,8150,93.5,98.5,92.8,92.9,72593049,92.66,86.94,89.285
2026-08-14,8150,94.5,95.5,90.5,91.9,39986859,93.78,88.86999999999999,88.355
2026-08-17,8150,92.5,94.0,90.0,91.5,30736479,93.5,90.26,87.78
2026-08-18,8150,91.5,92.4,87.6,89.1,28382010,91.52000000000001,90.92,87.035
2026-08-19,8150,85.7,88.6,85.4,87.3,18501550,90.53999999999999,91.0,86.4
2026-08-20,8150,88.0,89.5,85.8,87.9,19506572,89.53999999999999,91.1,85.885
2026-08-21,8150,88.0,88.0,86.3,86.7,10194701,88.5,91.14,85.68
2026-08-24,8150,86.6,90.3,86.3,87.7,14493308,87.74,90.62,85.57
2026-08-25,8150,87.7,87.7,82.8,87.5,20005575,87.42,89.47,85.895
2026-08-26,8150,87.9,93.4,87.1,91.1,32700202,88.18,89.36,86.805
2026-08-27,8150,91.8,92.2,89.7,90.3,16719361,88.66,89.1,88.02000000000001
2026-08-28,8150,91.7,94.0,90.3,90.5,22269102,89.42,88.96000000000001,88.91499999999999
2026-08-31,8150,89.5,89.8,86.6,89.1,15777775,89.7,88.72,89.49
2026-09-01,8150,89.3,96.3,89.3,93.2,49570952,90.84,89.13,90.025
2026-09-02,8150,91.0,92.3,89.9,90.2,18889803,90.66,89.42,90.21000000000001
2026-09-03,8150,91.2,93.5,88.9,89.1,23458442,90.42,89.53999999999999,90.32
2026-09-04,8150,91.0,92.8,87.9,90.1,17066972,90.34,89.88,90.51
2026-09-07,8150,91.9,93.5,90.2,91.3,17151866,90.78,90.24,90.42999999999999
2026-09-08,8150,92.2,93.5,89.7,90.3,13892407,90.2,90.52,89.99499999999999
2026-09-09,8150,90.8,95.4,90.7,91.5,38445198,90.46,90.55999999999999,89.96000000000001
2026-09-10,8150,90.7,91.5,90.0,90.9,11730848,90.82000000000001,90.62,89.86
2026-09-11,8150,88.2,88.2,85.5,86.7,22223021,90.14,90.24,89.6
2026-09-14,8150,85.5,88.2,84.3,86.6,10859992,89.2,89.99,89.35499999999999
2026-09-15,8150,86.0,88.1,84.4,84.4,11605119,88.02000000000001,89.11,89.12
2026-09-16,8150,85.2,87.3,84.7,87.1,8426884,87.14,88.8,89.11
2026-09-17,8150,88.1,90.1,86.3,86.7,15264426,86.3,88.55999999999999,89.05
2026-09-18,8150,89.0,95.1,88.8,94.0,41434324,87.75999999999999,88.95,89.41499999999999
2026-09-21,8150,96.0,103.0,94.8,103.0,63139168,91.04,90.12,90.18
2026-09-22,8150,105.5,110.5,99.5,105.5,130239665,95.25999999999999,91.64000000000001,91.08000000000001
2026-09-23,8150,110.0,116.0,105.0,107.0,116219432,99.24000000000001,93.19000000000001,91.875
2026-09-24,8150,106.0,114.0,105.0,112.0,83883329,104.3,95.3,92.96000000000001
2026-02-23,1303,82.5,85.2,80.1,83.6,158358973,,,
2026-02-24,1303,85.7,91.4,84.7,90.8,166077385,,,
2026-02-25,1303,92.2,95.4,89.0,94.9,164199594,,,
2026-02-26,1303,95.5,96.5,90.1,91.8,133968653,,,
2026-03-02,1303,88.3,91.8,88.3,89.5,66187720,90.12,,
2026-03-03,1303,89.5,94.7,83.8,85.0,143498236,90.4,,
2026-03-04,1303,83.0,84.0,78.4,79.3,83532323,88.1,,
2026-03-05,1303,84.2,85.1,80.3,82.4,107157943,85.6,,
2026-03-06,1303,81.5,86.2,81.4,82.3,82759323,83.7,,
2026-03-09,1303,75.8,77.9,74.1,74.1,65729580,80.62,85.37,
2026-03-10,1303,76.8,79.0,75.6,77.7,74723944,79.16,84.78,
2026-03-11,1303,79.5,83.3,78.6,82.4,107699736,79.78,83.94,
2026-03-12,1303,81.1,81.1,76.4,77.5,96467625,78.8,82.2,
2026-03-13,1303,76.3,85.0,75.9,83.5,135671073,79.04,81.36999999999999,
2026-03-16,1303,88.2,91.0,86.2,89.2,176709593,82.06,81.34,
2026-03-17,1303,89.9,89.9,85.5,85.5,104302099,83.62,81.39,
2026-03-18,1303,86.8,88.0,85.0,86.2,62177154,84.38,82.08000000000001,
2026-03-19,1303,85.1,87.2,83.5,84.2,52070001,85.72,82.26,
2026-03-20,1303,84.2,84.7,78.1,78.4,79109988,84.7,81.87,
2026-03-23,1303,74.7,77.0,72.6,73.8,70639678,81.62,81.84,83.60499999999999
2026-03-24,1303,76.0,76.0,70.9,72.3,51935575,78.97999999999999,81.3,83.04
2026-03-25,1303,75.1,77.0,74.6,76.0,50730730,76.94000000000001,80.66,82.3
2026-03-26,1303,79.5,81.6,74.8,74.8,79562335,75.05999999999999,80.39000000000001,81.295
2026-03-27,1303,73.6,74.9,72.2,74.2,39331056,74.22,79.46000000000001,80.415
2026-03-30,1303,72.1,81.6,71.8,81.4,133187379,75.74,78.67999999999999,80.01
2026-03-31,1303,79.0,79.7,73.4,73.9,117821245,76.05999999999999,77.52000000000001,79.45500000000001
2026-04-01,1303,76.2,80.7,75.8,78.7,105710042,76.6,76.77,79.425
2026-04-02,1303,80.5,81.2,77.0,77.1,69705526,77.06,76.06,79.16
2026-04-07,1303,79.8,83.4,79.1,80.5,82942085,78.32000000000001,76.27000000000001,79.07000000000001
2026-04-08,1303,83.9,86.0,82.7,85.1,110264175,79.06,77.4,79.61999999999999
2026-04-09,1303,85.4,89.6,84.5,85.2,121957382,81.32,78.69000000000001,79.99499999999999
2026-04-10,1303,86.9,87.2,80.4,81.6,91721968,81.9,79.25,79.95500000000001
2026-04-13,1303,83.0,86.9,81.8,85.7,99527270,83.62,80.34,80.365
2026-04-14,1303,87.6,91.5,86.8,89.0,142070315,85.32000000000001,81.82000000000001,80.64
2026-04-15,1303,90.8,91.9,86.8,88.5,130802962,86.0,82.53,80.60499999999999
2026-04-16,1303,89.8,91.2,86.2,90.5,93119071,87.06,84.19,80.85499999999999
2026-04-17,1303,89.3,91.2,86.9,87.7,96984026,88.28,85.09,80.92999999999999
2026-04-20,1303,87.9,89.3,84.4,85.7,70736630,88.28,85.95,81.005
2026-04-21,1303,86.6,89.5,86.6,88.4,58398932,88.16,86.74,81.50500000000001
2026-04-22,1303,88.8,91.2,87.3,89.4,59706559,88.34,87.17,82.285
2026-04-23,1303,91.4,91.5,82.6,85.2,92282137,87.28,87.16999999999999,82.92999999999999
2026-04-24,1303,85.8,88.3,83.2,85.9,55039883,86.92,87.6,83.425
2026-04-27,1303,86.0,89.7,85.9,87.8,64884563,87.34,87.81,84.075
2026-04-28,1303,89.0,92.5,88.6,89.5,98079736,87.56,87.86,84.84
2026-04-29,1303,90.0,93.4,89.0,91.6,88354755,88.0,88.17,85.35
2026-04-30,1303,92.5,93.6,87.8,89.6,101531762,88.88,88.08,86.135
2026-05-04,1303,90.3,90.7,88.0,88.4,57623829,89.38,88.15,86.61999999999999
2026-05-05,1303,88.6,94.4,87.2,94.0,128709884,90.61999999999999,88.98,87.465
2026-05-06,1303,97.2,101.5,92.0,93.8,151794126,91.47999999999999,89.52000000000001,88.13
2026-05-07,1303,94.1,94.6,90.2,90.3,74376118,91.22,89.60999999999999,88.39000000000001
2026-05-08,1303,89.5,90.8,86.6,88.6,61558376,91.02,89.95,88.56
2026-05-11,1303,89.8,92.3,89.5,91.5,53717251,91.64,90.50999999999999,89.05499999999999
2026-05-12,1303,92.4,92.9,88.5,89.1,63621877,90.66,90.64,89.225
2026-05-13,1303,89.7,89.7,85.2,86.5,56632071,89.2,90.34,89.1
2026-05-14,1303,87.0,89.6,85.3,85.3,51575498,88.2,89.71,88.94000000000001
2026-05-15,1303,86.0,87.7,83.3,85.3,83288505,87.53999999999999,89.28,88.68
2026-05-18,1303,84.1,84.8,82.1,84.2,43497103,86.08,88.85999999999999,88.50500000000001
2026-05-19,1303,84.4,86.7,81.7,81.7,59035662,84.6,87.63,88.30499999999999
2026-05-20,1303,82.3,82.8,80.4,80.8,45033101,83.46,86.33,87.925
2026-05-21,1303,83.1,88.3,83.1,87.3,71604549,83.86,86.03,87.82000000000001
2026-05-22,1303,88.0,89.1,86.7,86.7,45973684,84.14000000000001,85.84,87.89500000000001
2026-05-25,1303,87.4,89.2,86.4,87.1,32588153,84.72,85.4,87.955
2026-05-26,1303,87.8,94.4,87.8,90.8,104635302,86.53999999999999,85.57,88.10499999999999
2026-05-27,1303,93.6,96.4,92.3,95.5,123528848,89.47999999999999,86.47,88.405
2026-05-28,1303,96.0,96.0,89.8,90.5,88363645,90.12,86.99,88.35
2026-05-29,1303,92.0,98.6,91.9,98.1,150486779,92.39999999999999,88.27,88.775
2026-06-01,1303,98.7,107.5,97.5,107.5,111908983,96.47999999999999,90.6,89.73
2026-06-02,1303,110.0,118.0,108.5,112.5,151715085,100.82,93.67999999999999,90.655
2026-06-03,1303,118.5,118.5,107.0,113.0,77820950,104.32000000000001,96.9,91.61500000000001
2026-06-04,1303,111.0,117.0,110.5,111.0,55044623,108.42,99.27,92.65
2026-06-05,1303,109.0,109.0,100.5,104.5,53708093,109.7,101.05,93.44500000000001
2026-06-08,1303,96.1,98.9,95.2,97.5,55665706,107.7,102.09,93.745
2026-06-09,1303,100.0,101.0,96.9,99.2,68161804,105.04,102.92999999999999,94.25
2026-06-10,1303,97.6,101.0,94.6,94.8,44236886,101.4,102.86000000000001,94.665
2026-06-11,1303,93.2,99.2,93.1,96.9,56196247,98.58000000000001,103.5,95.24499999999999
2026-06-12,1303,101.0,106.5,101.0,106.5,54209344,98.98,104.34,96.30499999999999
2026-06-15,1303,108.5,117.0,106.5,117.0,85711486,102.88,105.29,97.945
2026-06-16,1303,120.5,123.0,114.0,115.0,107797121,106.03999999999999,105.54,99.61
2026-06-17,1303,114.5,126.5,113.5,126.5,92092374,112.38,106.89000000000001,101.895
2026-06-18,1303,139.0,139.0,135.0,139.0,134284623,120.8,109.69000000000001,104.47999999999999
2026-06-22,1303,152.5,152.5,152.5,152.5,56846553,130.0,114.49000000000001,107.77000000000001
2026-06-23,1303,157.0,165.0,153.0,154.5,222203812,137.5,120.19000000000001,111.14000000000001
2026-06-24,1303,145.5,169.5,145.5,156.0,72172088,145.7,125.87,114.4
2026-06-25,1303,160.0,161.0,155.0,155.0,48103152,151.4,131.89000000000001,117.375
2026-06-26,1303,154.0,155.0,146.0,148.0,30180968,153.2,137.0,120.25
2026-06-29,1303,145.0,154.5,145.0,151.5,26522886,153.0,141.5,122.92
2026-06-30,1303,157.0,166.5,157.0,166.5,32181722,155.4,146.45,125.87
2026-07-01,1303,177.5,183.0,177.5,183.0,46426678,160.8,153.25,129.395
2026-07-02,1303,174.5,200.0,174.5,197.0,52721361,169.2,160.3,133.595
2026-07-03,1303,194.0,199.0,183.0,197.0,35662605,179.0,166.1,137.895
2026-07-06,1303,200.0,200.0,181.0,185.0,25164642,185.7,169.35,141.92000000000002
2026-07-07,1303,185.0,188.5,166.5,166.5,35963607,185.7,170.55,145.37
2026-07-08,1303,167.5,182.0,164.5,182.0,108340745,185.5,173.15,149.51000000000002
2026-07-09,1303,186.5,193.0,174.0,181.5,122470816,182.4,175.8,153.845
2026-07-13,1303,192.5,199.5,192.5,199.5,88890080,182.9,180.95,158.975
2026-07-14,1303,203.0,210.0,188.5,210.0,155474721,187.9,186.8,164.15
2026-07-15,1303,217.0,230.0,214.0,227.5,158308088,200.1,192.9,169.675
2026-07-16,1303,223.0,229.0,215.0,221.0,134345840,207.9,196.7,174.975
2026-07-17,1303,205.0,211.0,199.0,199.0,118646763,211.4,196.9,178.6
2026-07-20,1303,191.5,195.5,179.5,186.5,112072991,208.8,195.85,180.975
2026-07-21,1303,194.0,201.0,185.0,195.5,122062431,205.9,196.9,183.125
2026-07-22,1303,203.0,212.0,196.5,208.0,114338025,202.0,201.05,185.8
2026-07-23,1303,210.5,217.0,194.0,197.0,120996999,197.2,202.55,187.85
2026-07-24,1303,191.5,194.5,177.5,177.5,74131356,192.9,202.15,188.975
2026-07-27,1303,173.5,179.0,166.0,174.0,73302929,190.4,199.6,190.275
2026-07-28,1303,163.0,164.0,157.0,157.0,42478669,182.7,194.3,190.55
2026-07-29,1303,153.0,156.0,141.5,141.5,106771448,169.4,185.7,189.3
2026-07-30,1303,135.5,155.5,135.5,145.0,140138555,159.0,178.1,187.4
2026-07-31,1303,159.5,159.5,159.5,159.5,8274102,155.4,174.15,185.525
2026-08-03,1303,166.0,175.0,162.0,165.0,144838220,153.6,172.0,183.925
2026-08-04,1303,165.0,179.0,164.5,170.5,91900316,156.3,169.5,183.2
2026-08-05,1303,180.0,184.0,172.5,177.0,83793472,163.4,166.4,183.725
2026-08-06,1303,174.0,182.0,169.5,178.5,57978687,170.1,164.55,183.55
2026-08-07,1303,189.0,193.0,178.5,188.0,129122451,175.8,165.6,183.875
2026-08-10,1303,188.5,192.0,182.5,185.0,105821200,179.8,166.7,183.15
2026-08-11,1303,183.0,191.0,172.5,190.0,102679729,183.7,170.0,182.15
2026-08-12,1303,195.0,197.5,187.0,189.0,78318931,186.1,174.75,180.225
2026-08-13,1303,191.0,195.0,184.0,189.0,96257719,188.2,179.15,178.625
2026-08-14,1303,194.0,207.5,189.5,207.5,156580667,192.1,183.95,179.05
2026-08-17,1303,213.5,215.0,200.0,200.5,139718650,195.2,187.5,179.75
2026-08-18,1303,199.5,204.5,198.0,200.0,69266366,197.2,190.45,179.975
2026-08-19,1303,193.0,197.0,186.0,187.5,72639511,196.9,191.5,178.95
2026-08-20,1303,190.5,196.0,185.0,186.0,73242172,196.3,192.25,178.4
2026-08-21,1303,188.5,193.5,185.0,192.0,54268548,193.2,192.65,179.125
2026-08-24,1303,189.0,190.0,179.0,180.0,74410238,189.1,192.15,179.425
2026-08-25,1303,177.0,189.5,174.0,188.5,60961119,186.8,192.0,181.0
2026-08-26,1303,186.5,207.0,186.5,207.0,107407041,190.7,193.8,184.275
2026-08-27,1303,211.0,227.5,206.0,227.5,146229100,199.0,197.65,188.4
2026-08-28,1303,230.5,238.5,219.0,220.5,192491363,204.7,198.95,191.45
2026-08-31,1303,224.0,242.5,223.5,242.5,173676393,217.2,203.15,195.325
2026-09-01,1303,250.0,250.0,231.5,234.5,129835537,226.4,206.6,198.525
2026-09-02,1303,240.0,248.0,232.0,237.5,127824204,232.5,211.6,201.55
2026-09-03,1303,243.0,244.5,219.5,221.0,103990697,231.2,215.1,203.675
2026-09-04,1303,226.5,229.0,218.0,225.5,67299234,232.2,218.45,205.55
2026-09-07,1303,232.0,240.0,229.5,230.5,75938138,229.8,223.5,207.825
2026-09-08,1303,236.0,239.5,229.0,235.0,65193109,229.9,228.15,210.075
2026-09-09,1303,234.5,244.5,231.0,236.5,67601719,229.7,231.1,212.45
2026-09-10,1303,237.0,245.5,232.0,244.0,59486250,234.3,232.75,215.2
2026-09-11,1303,237.5,239.5,234.0,234.5,48646230,236.1,234.15,216.55
2026-09-14,1303,232.0,236.5,220.5,234.0,54948757,236.8,233.3,218.225
2026-09-15,1303,230.0,230.5,221.0,221.5,55715933,234.1,232.0,219.3
2026-09-16,1303,222.5,232.0,222.5,224.0,48008257,231.6,230.65,221.125
2026-09-17,1303,228.0,239.5,226.5,236.0,92909712,230.0,232.15,223.625
2026-09-18,1303,240.5,245.0,234.0,238.0,82174219,230.7,233.4,225.925
2026-09-21,1303,238.5,245.0,235.0,239.5,50390368,231.8,234.3,228.9
2026-09-22,1303,245.0,251.5,230.5,231.5,71431271,233.8,233.95,231.05
2026-09-23,1303,232.0,235.0,223.0,227.5,54877007,234.5,233.05,232.075
2026-09-24,1303,225.5,238.5,223.0,238.0,67158368,234.9,232.45,232.6
2026-02-23,2344,114.5,116.0,112.5,115.0,172618558,,,
2026-02-24,2344,115.0,123.5,113.0,122.0,249188364,,,
2026-02-25,2344,122.0,124.0,115.0,118.0,171060627,,,
2026-02-26,2344,119.5,124.0,116.0,122.5,180884833,,,
2026-03-02,2344,115.0,127.0,115.0,124.5,155981725,120.4,,
2026-03-03,2344,125.0,125.0,112.5,112.5,191958703,119.9,,
2026-03-04,2344,106.0,109.5,102.0,104.0,182140240,116.3,,
2026-03-05,2344,113.5,114.0,109.0,112.0,165823126,115.1,,
2026-03-06,2344,110.0,113.0,105.5,106.5,122902263,111.9,,
2026-03-09,2344,95.9,101.0,95.9,101.0,168056845,107.2,113.8,
2026-03-10,2344,108.0,109.0,101.5,105.5,164291467,105.8,112.85,
2026-03-11,2344,109.0,115.0,107.5,114.0,182016851,107.8,112.05,
2026-03-12,2344,114.5,117.5,109.0,109.0,167667839,107.2,111.15,
2026-03-13,2344,109.0,114.5,108.0,109.0,172609285,107.7,109.8,
2026-03-16,2344,113.5,118.0,113.0,117.0,201277340,110.9,109.05,
2026-03-17,2344,121.5,126.0,119.5,123.5,236549367,114.5,110.15,
2026-03-18,2344,129.0,129.5,120.5,128.0,296360065,117.3,112.55,
2026-03-19,2344,123.5,125.5,120.0,122.0,198121897,119.9,113.55,
2026-03-20,2344,124.0,124.5,110.0,110.0,338024724,120.1,113.9,
2026-03-23,2344,103.5,109.5,103.5,107.5,148725825,118.2,114.55,114.175
2026-03-24,2344,109.5,109.5,97.0,99.5,226815033,113.4,113.95,113.4
2026-03-25,2344,99.0,103.0,98.1,98.2,204010523,107.44000000000001,112.37,112.21
2026-03-26,2344,100.0,104.5,96.0,96.0,190169312,102.24,111.07000000000001,111.10999999999999
2026-03-27,2344,90.2,92.4,87.2,92.4,159719227,98.72,109.41,109.60499999999999
2026-03-30,2344,91.2,96.8,90.6,93.0,152254475,95.82000000000001,107.00999999999999,108.03
2026-03-31,2344,88.0,95.5,85.2,90.2,248002672,93.96000000000001,103.67999999999999,106.915
2026-04-01,2344,97.1,97.2,91.3,93.1,205567931,92.94000000000001,100.19,106.37
2026-04-02,2344,96.0,97.6,91.8,91.8,183485734,92.1,97.17,105.35999999999999
2026-04-07,2344,95.0,95.8,89.1,89.4,169816458,91.5,95.11,104.505
2026-04-08,2344,93.1,95.8,92.2,95.6,171450402,92.02,93.92,104.23499999999999
2026-04-09,2344,96.0,96.2,90.3,91.0,135311587,92.17999999999999,93.07000000000001,103.50999999999999
2026-04-10,2344,93.0,97.5,92.3,93.5,166460245,92.25999999999999,92.6,102.48499999999999
2026-04-13,2344,93.8,95.2,91.5,94.4,95826273,92.78,92.44,101.755
2026-04-14,2344,96.8,98.0,93.5,93.5,167859423,93.6,92.55,100.97999999999999
2026-04-15,2344,95.6,96.6,90.1,90.2,128417146,92.52000000000001,92.27000000000001,99.64
2026-04-16,2344,90.6,90.9,88.3,89.6,112136484,92.24000000000001,92.21,97.94500000000001
2026-04-17,2344,90.0,90.7,86.8,87.8,121007219,91.1,91.68,95.935
2026-04-20,2344,87.5,88.4,83.8,85.7,164660840,89.35999999999999,91.07,94.12
2026-04-21,2344,88.1,92.8,88.0,91.1,185988550,88.88,91.24,93.175
2026-04-22,2344,91.5,91.5,88.9,90.6,94692275,88.96,90.74,92.33
2026-04-23,2344,93.0,93.4,84.3,87.8,171220047,88.6,90.41999999999999,91.745
2026-04-24,2344,88.6,88.9,84.0,88.2,122540288,88.67999999999999,89.89,91.24499999999999
2026-04-27,2344,89.8,95.6,89.1,93.9,270349710,90.32,89.84,91.14
2026-04-28,2344,95.3,96.9,93.5,95.5,219580752,91.2,90.03999999999999,91.295
2026-04-29,2344,94.5,96.0,92.1,92.7,129993397,91.61999999999999,90.29,91.28
2026-04-30,2344,94.2,94.6,88.8,89.8,116065273,92.02000000000001,90.31,91.26
2026-05-04,2344,91.9,98.4,91.1,95.4,198798052,93.46,91.07,91.375
2026-05-05,2344,96.8,100.5,96.6,98.8,196655974,94.44,92.38000000000001,91.725
2026-05-06,2344,108.5,108.5,104.0,108.5,241792428,97.03999999999999,94.12,92.68
2026-05-07,2344,113.0,117.0,106.5,114.0,338649833,101.3,96.46000000000001,93.6
2026-05-08,2344,111.0,115.0,103.5,107.0,174129448,104.74000000000001,98.38000000000001,94.4
2026-05-11,2344,115.0,117.5,113.0,117.5,162759860,109.16000000000001,101.31,95.6
2026-05-12,2344,118.5,123.5,116.0,121.5,317628648,113.7,104.07000000000001,96.95500000000001
2026-05-13,2344,117.0,122.0,115.0,122.0,133243035,116.4,106.72,98.38000000000001
2026-05-14,2344,127.0,134.0,124.5,134.0,419382102,120.4,110.85,100.57000000000001
2026-05-15,2344,132.5,136.5,127.5,129.5,348302189,124.9,114.82000000000001,102.56499999999998
2026-05-18,2344,126.0,134.0,119.0,130.5,192808793,127.5,118.33,104.7
2026-05-19,2344,125.0,127.0,117.5,117.5,184930796,126.7,120.2,106.28999999999999
2026-05-20,2344,117.5,119.0,112.0,115.5,150894253,125.4,120.9,107.50999999999999
2026-05-21,2344,120.0,122.5,113.5,114.0,209614242,121.4,120.9,108.67999999999999
2026-05-22,2344,116.5,125.0,115.5,125.0,193146658,120.5,122.7,110.53999999999999
2026-05-25,2344,120.5,133.0,119.0,128.5,357612926,120.1,123.8,112.55499999999999
2026-05-26,2344,133.5,141.0,133.0,141.0,336105421,124.8,125.75,114.91
2026-05-27,2344,155.0,155.0,146.0,155.0,439027902,132.7,129.05,117.88499999999999
2026-05-28,2344,151.0,156.5,142.0,144.0,362557912,138.7,130.05,120.45
2026-05-29,2344,155.0,158.0,151.0,158.0,249880280,145.3,132.9,123.85999999999999
2026-06-01,2344,168.0,173.5,166.0,168.0,295190831,153.2,136.65,127.48999999999998
2026-06-02,2344,174.0,184.5,171.5,184.5,270430116,161.9,143.35,131.775
2026-06-03,2344,188.0,193.0,177.0,177.5,332157125,166.4,149.55,135.225
2026-06-04,2344,175.0,188.0,175.0,179.5,227016133,173.5,156.1,138.5
2026-06-05,2344,169.0,172.5,162.0,162.0,228440187,174.3,159.8,141.25
2026-06-08,2344,146.0,157.0,146.0,154.0,179964848,171.5,162.35,143.075
2026-06-09,2344,160.5,161.0,153.5,156.5,203232684,165.9,163.9,144.825
2026-06-10,2344,152.0,163.5,148.0,149.0,185310442,160.2,163.3,146.175
2026-06-11,2344,154.0,162.5,149.0,156.5,237289830,155.6,164.55,147.3
2026-06-12,2344,169.5,172.0,166.0,172.0,213495727,157.6,165.95,149.425
2026-06-15,2344,179.5,189.0,175.0,189.0,229481900,164.6,168.05,152.35
2026-06-16,2344,198.5,201.0,191.5,197.0,355003301,172.7,169.3,156.325
2026-06-17,2344,195.0,199.0,186.5,199.0,226916174,182.7,171.45,160.5
2026-06-18,2344,203.5,218.5,201.5,218.5,338003801,195.1,175.35,165.725
2026-06-22,2344,229.5,233.5,219.0,222.0,403194761,205.1,181.35,170.575
2026-06-23,2344,219.0,222.0,205.5,211.5,263314980,209.6,187.1,174.725
2026-06-24,2344,208.5,217.0,201.0,205.0,253065352,211.2,191.95,177.925
2026-06-25,2344,219.5,222.5,211.0,219.5,227328719,215.3,199.0,181.15
2026-06-26,2344,220.0,225.0,203.0,206.5,254263166,212.9,204.0,184.275
2026-06-29,2344,209.0,212.5,201.0,203.0,149900066,209.1,207.1,186.525
2026-06-30,2344,209.0,210.5,197.5,207.5,217328346,208.3,208.95,188.5
2026-07-01,2344,207.0,207.5,188.0,190.0,234325131,205.3,208.25,188.775
2026-07-02,2344,176.0,186.0,176.0,183.5,164178951,198.1,206.7,189.075
2026-07-03,2344,180.5,188.0,177.0,184.5,141900944,193.7,203.3,189.325
2026-07-06,2344,191.0,200.0,183.0,183.0,163686093,189.7,199.4,190.375
2026-07-07,2344,184.0,186.0,172.0,174.0,142095545,183.0,195.65,191.375
2026-07-08,2344,177.5,181.5,165.0,168.5,146196884,178.7,192.0,191.975
2026-07-09,2344,173.5,184.0,170.0,176.5,160890217,177.3,187.7,193.35
2026-07-13,2344,181.5,183.0,166.0,167.0,149251061,173.8,183.75,193.875
2026-07-14,2344,170.0,172.5,156.0,164.5,135442057,170.1,179.9,193.5
2026-07-15,2344,175.5,180.5,173.5,180.5,95140846,171.4,177.2,193.075
2026-07-16,2344,176.0,180.5,171.0,172.0,150613446,172.1,175.4,191.825
2026-07-17,2344,159.5,162.5,155.0,155.0,110525648,167.8,172.55,189.625
2026-07-20,2344,155.0,157.0,146.0,151.0,107223362,164.6,169.2,186.25
2026-07-21,2344,156.0,158.0,152.0,155.5,104783854,162.8,166.45,182.925
2026-07-22,2344,165.0,171.0,164.5,171.0,97387194,160.9,166.15,180.9
2026-07-23,2344,172.0,172.0,157.0,161.0,157825138,158.7,165.4,178.7
2026-07-24,2344,158.5,164.0,153.5,154.5,135375417,158.6,163.2,175.45
2026-07-27,2344,155.0,161.0,150.0,160.0,110420180,160.4,162.5,173.125
2026-07-28,2344,144.0,147.0,144.0,144.0,69129108,158.1,160.45,170.175
2026-07-29,2344,137.0,137.5,130.0,130.0,86091045,149.9,155.4,166.3
2026-07-30,2344,123.5,133.0,117.0,118.5,211417971,141.4,150.05,162.725
2026-07-31,2344,130.0,130.0,130.0,130.0,21043331,136.5,147.55,160.05
2026-08-03,2344,134.0,143.0,133.5,143.0,77515412,133.1,146.75,157.975
2026-08-04,2344,145.0,157.0,144.0,157.0,121631665,135.7,146.9,156.675
2026-08-05,2344,167.0,172.5,164.5,169.0,232656923,143.5,146.7,156.425
2026-08-06,2344,165.5,173.0,162.0,171.0,185766803,154.0,147.7,156.55
2026-08-07,2344,170.0,170.5,160.5,163.5,176709453,160.7,148.6,155.9
2026-08-10,2344,169.0,179.5,168.5,179.5,154758322,168.0,150.55,156.525
2026-08-11,2344,178.0,181.0,172.5,178.0,194693938,172.2,153.95,157.2
2026-08-12,2344,186.5,193.0,174.5,177.0,207363846,173.8,158.65,157.025
2026-08-13,2344,183.0,185.0,177.0,177.0,227421621,175.0,164.5,157.275
2026-08-14,2344,183.0,191.0,180.5,183.5,241145687,179.0,169.85,158.7
2026-08-17,2344,185.5,190.0,181.5,181.5,128521974,179.4,173.7,160.225
2026-08-18,2344,186.0,192.0,176.0,176.5,183343610,179.1,175.65,161.275
2026-08-19,2344,167.0,169.5,165.0,168.0,113062347,177.3,175.55,161.125
2026-08-20,2344,174.0,180.5,172.0,176.5,149809828,177.2,176.1,161.9
2026-08-21,2344,176.0,182.0,174.5,181.0,114128808,176.7,177.85,163.225
2026-08-24,2344,179.5,184.5,175.5,177.0,99392300,175.8,177.6,164.075
2026-08-25,2344,172.0,179.0,168.5,179.0,92923853,176.3,177.7,165.825
2026-08-26,2344,179.5,182.5,178.0,181.5,85770151,179.0,178.15,168.4
2026-08-27,2344,184.0,190.0,183.0,186.0,139732644,180.9,179.05,171.775
2026-08-28,2344,188.5,192.0,180.5,181.5,153443947,181.0,178.85,174.35
2026-08-31,2344,179.5,186.0,176.0,182.5,398679210,182.1,178.95,176.325
2026-09-01,2344,183.5,184.0,175.5,176.0,136605515,181.5,178.9,177.275
2026-09-02,2344,173.5,180.0,171.5,179.0,83567943,181.0,180.0,177.775
2026-09-03,2344,181.5,185.5,168.0,169.0,161434224,177.6,179.25,177.675
2026-09-04,2344,174.0,176.0,165.5,174.0,100505993,176.1,178.55,178.2
2026-09-07,2344,181.0,183.5,178.0,180.0,118922555,175.6,178.85,178.225
2026-09-08,2344,185.0,192.0,183.5,188.0,222260653,178.0,179.75,178.725
2026-09-09,2344,190.5,190.5,180.5,183.0,140400625,178.8,179.9,179.025
2026-09-10,2344,181.0,182.5,178.0,179.5,67914754,180.9,179.25,179.15
2026-09-11,2344,173.0,173.5,170.5,171.5,74789115,180.4,178.25,178.55
2026-09-14,2344,166.5,167.5,160.0,160.0,123411883,176.4,176.0,177.475
2026-09-15,2344,162.5,164.0,158.5,159.5,71179694,170.7,174.35,176.625
2026-09-16,2344,163.5,169.5,163.5,169.0,83218538,167.9,173.35,176.675
2026-09-17,2344,177.0,180.0,170.0,170.0,120007010,166.0,173.45,176.35
2026-09-18,2344,177.0,179.5,173.5,179.5,138585216,167.6,174.0,176.275
2026-09-21,2344,180.0,180.0,174.0,174.0,76635914,170.4,173.4,176.125
2026-09-22,2344,179.0,180.5,170.5,171.0,97424949,172.7,171.7,175.725
2026-09-23,2344,175.0,177.0,172.0,172.5,70593992,173.4,170.65,175.275
2026-09-24,2344,169.0,171.5,166.5,171.5,51225813,173.7,169.85,174.55
2026-02-23,2383,2275.0,2370.0,2160.0,2175.0,4407490,,,
2026-02-24,2383,2210.0,2330.0,2155.0,2310.0,3773757,,,
2026-02-25,2383,2335.0,2460.0,2315.0,2420.0,3740810,,,
2026-02-26,2383,2500.0,2500.0,2395.0,2440.0,4713847,,,
2026-03-02,2383,2280.0,2435.0,2280.0,2380.0,3331488,2345.0,,
2026-03-03,2383,2355.0,2430.0,2315.0,2320.0,3063218,2374.0,,
2026-03-04,2383,2255.0,2295.0,2180.0,2190.0,3828524,2350.0,,
2026-03-05,2383,2350.0,2395.0,2300.0,2365.0,3883828,2339.0,,
2026-03-06,2383,2340.0,2470.0,2325.0,2360.0,2912192,2323.0,,
2026-03-09,2383,2125.0,2210.0,2125.0,2175.0,3391849,2282.0,2313.5,
2026-03-10,2383,2315.0,2390.0,2315.0,2375.0,3065582,2293.0,2333.5,
2026-03-11,2383,2390.0,2520.0,2375.0,2450.0,4829317,2345.0,2347.5,
2026-03-12,2383,2440.0,2665.0,2440.0,2600.0,5442114,2392.0,2365.5,
2026-03-13,2383,2580.0,2765.0,2540.0,2705.0,4417368,2461.0,2392.0,
2026-03-16,2383,2785.0,2785.0,2575.0,2585.0,4463265,2543.0,2412.5,
2026-03-17,2383,2645.0,2750.0,2625.0,2700.0,2921492,2608.0,2450.5,
2026-03-18,2383,2740.0,2745.0,2670.0,2700.0,2925621,2658.0,2501.5,
2026-03-19,2383,2700.0,2970.0,2660.0,2890.0,5842073,2716.0,2554.0,
2026-03-20,2383,2905.0,2915.0,2720.0,2810.0,4588550,2737.0,2599.0,
2026-03-23,2383,2715.0,2880.0,2705.0,2795.0,3517744,2779.0,2661.0,2487.25
2026-03-24,2383,2865.0,2870.0,2670.0,2685.0,3977982,2776.0,2692.0,2512.75
2026-03-25,2383,2790.0,2915.0,2780.0,2845.0,3332111,2805.0,2731.5,2539.5
2026-03-26,2383,2920.0,3035.0,2895.0,2945.0,4555967,2816.0,2766.0,2565.75
2026-03-27,2383,2900.0,2950.0,2845.0,2910.0,2066364,2836.0,2786.5,2589.25
2026-03-30,2383,2815.0,2850.0,2705.0,2785.0,3755290,2834.0,2806.5,2609.5
2026-03-31,2383,2780.0,2830.0,2595.0,2600.0,5256642,2817.0,2796.5,2623.5
2026-04-01,2383,2800.0,2860.0,2745.0,2860.0,3039597,2820.0,2812.5,2657.0
2026-04-02,2383,2920.0,2965.0,2775.0,2785.0,4147382,2788.0,2802.0,2678.0
2026-04-07,2383,2875.0,2970.0,2850.0,2885.0,3251323,2783.0,2809.5,2704.25
2026-04-08,2383,3160.0,3170.0,3135.0,3170.0,2230541,2860.0,2847.0,2754.0
2026-04-09,2383,3225.0,3350.0,3180.0,3220.0,3254067,2984.0,2900.5,2796.25
2026-04-10,2383,3280.0,3435.0,3260.0,3420.0,3018570,3096.0,2958.0,2844.75
2026-04-13,2383,3430.0,3440.0,3320.0,3325.0,2472083,3204.0,2996.0,2881.0
2026-04-14,2383,3490.0,3655.0,3490.0,3605.0,3407745,3348.0,3065.5,2926.0
2026-04-15,2383,3870.0,3875.0,3700.0,3810.0,3998854,3476.0,3168.0,2987.25
2026-04-16,2383,3950.0,3950.0,3760.0,3835.0,2880746,3599.0,3291.5,3044.0
2026-04-17,2383,3770.0,3865.0,3730.0,3800.0,2796395,3675.0,3385.5,3099.0
2026-04-20,2383,3780.0,3915.0,3720.0,3850.0,3606415,3780.0,3492.0,3147.0
2026-04-21,2383,3900.0,3990.0,3830.0,3950.0,2771442,3849.0,3598.5,3204.0
2026-04-22,2383,3960.0,4200.0,3895.0,4065.0,2907731,3900.0,3688.0,3267.5
2026-04-23,2383,4215.0,4440.0,3975.0,4100.0,4565537,3953.0,3776.0,3338.25
2026-04-24,2383,4300.0,4485.0,4230.0,4475.0,4429294,4088.0,3881.5,3419.75
2026-04-27,2383,4660.0,4800.0,4475.0,4730.0,5437579,4264.0,4022.0,3509.0
2026-04-28,2383,4650.0,4655.0,4340.0,4375.0,4686444,4349.0,4099.0,3582.25
2026-04-29,2383,4165.0,4460.0,4160.0,4440.0,3600136,4424.0,4162.0,3665.0
2026-04-30,2383,4550.0,4660.0,4485.0,4545.0,3472525,4513.0,4233.0,3762.25
2026-05-04,2383,4605.0,4770.0,4530.0,4755.0,3046320,4569.0,4328.5,3857.0
2026-05-05,2383,4740.0,4775.0,4600.0,4730.0,2020545,4569.0,4416.5,3954.25
2026-05-06,2383,4855.0,4995.0,4745.0,4950.0,3737170,4684.0,4516.5,4057.5
2026-05-07,2383,5110.0,5115.0,4825.0,4960.0,2630939,4788.0,4606.0,4147.0
2026-05-08,2383,4810.0,4905.0,4670.0,4750.0,2812108,4829.0,4671.0,4223.5
2026-05-11,2383,4480.0,4860.0,4480.0,4850.0,2728505,4848.0,4708.5,4295.0
2026-05-12,2383,4805.0,5080.0,4805.0,4900.0,2661176,4882.0,4725.5,4373.75
2026-05-13,2383,4880.0,5000.0,4800.0,4930.0,1933684,4878.0,4781.0,4440.0
2026-05-14,2383,5095.0,5215.0,4920.0,4920.0,2342222,4870.0,4829.0,4495.5
2026-05-15,2383,4960.0,5020.0,4615.0,4615.0,2616036,4843.0,4836.0,4534.5
2026-05-18,2383,4415.0,4575.0,4300.0,4545.0,3423889,4782.0,4815.0,4571.75
2026-05-19,2383,4515.0,4675.0,4430.0,4535.0,1920778,4709.0,4795.5,4606.0
2026-05-20,2383,4530.0,4530.0,4360.0,4395.0,1950325,4602.0,4740.0,4628.25
2026-05-21,2383,4610.0,4785.0,4555.0,4690.0,2512472,4556.0,4713.0,4659.5
2026-05-22,2383,4925.0,5085.0,4800.0,5005.0,3037648,4634.0,4738.5,4704.75
2026-05-25,2383,5355.0,5505.0,5205.0,5505.0,1801298,4826.0,4804.0,4756.25
2026-05-26,2383,5635.0,5635.0,5160.0,5290.0,2917258,4977.0,4843.0,4784.25
2026-05-27,2383,5500.0,5545.0,5300.0,5305.0,2342327,5159.0,4880.5,4830.75
2026-05-28,2383,5300.0,5515.0,5025.0,5055.0,2289989,5232.0,4894.0,4861.5
2026-05-29,2383,4925.0,5250.0,4925.0,5120.0,3687942,5255.0,4944.5,4890.25
2026-06-01,2383,5130.0,5280.0,4985.0,5070.0,2273627,5168.0,4997.0,4906.0
2026-06-02,2383,5060.0,5075.0,4820.0,4860.0,2172811,5082.0,5029.5,4912.5
2026-06-03,2383,4910.0,5010.0,4820.0,4830.0,2199236,4987.0,5073.0,4906.5
2026-06-04,2383,4880.0,4885.0,4740.0,4830.0,1722407,4942.0,5087.0,4900.0
2026-06-05,2383,4780.0,5025.0,4545.0,4885.0,2909896,4895.0,5075.0,4906.75
2026-06-08,2383,4575.0,4810.0,4530.0,4770.0,2667787,4835.0,5001.5,4902.75
2026-06-09,2383,4965.0,5065.0,4820.0,5065.0,2437441,4876.0,4979.0,4911.0
2026-06-10,2383,5080.0,5245.0,4875.0,4940.0,2802050,4898.0,4942.5,4911.5
2026-06-11,2383,4995.0,5130.0,4800.0,5095.0,2793147,4951.0,4946.5,4920.25
2026-06-12,2383,5500.0,5500.0,4750.0,4830.0,4224358,4940.0,4917.5,4931.0
2026-06-15,2383,5000.0,5080.0,4935.0,5030.0,2220308,4992.0,4913.5,4955.25
2026-06-16,2383,5120.0,5220.0,5065.0,5120.0,2171931,5003.0,4939.5,4984.5
2026-06-17,2383,5105.0,5230.0,4885.0,5200.0,2440312,5055.0,4976.5,5024.75
2026-06-18,2383,5460.0,5600.0,5230.0,5600.0,1927746,5156.0,5053.5,5070.25
2026-06-22,2383,5815.0,6045.0,5815.0,5825.0,2030502,5355.0,5147.5,5111.25
2026-06-23,2383,5710.0,5710.0,5430.0,5700.0,2138552,5489.0,5240.5,5121.0
2026-06-24,2383,5440.0,5575.0,5345.0,5560.0,1757641,5577.0,5290.0,5134.5
2026-06-25,2383,5700.0,5700.0,5500.0,5640.0,1253427,5665.0,5360.0,5151.25
2026-06-26,2383,5640.0,5640.0,5220.0,5255.0,1391599,5596.0,5376.0,5161.25
2026-06-29,2383,5255.0,5450.0,5255.0,5450.0,953667,5521.0,5438.0,5177.75
2026-06-30,2383,5375.0,5440.0,5255.0,5390.0,1198968,5459.0,5474.0,5193.75
2026-07-01,2383,5475.0,5670.0,5300.0,5535.0,989642,5454.0,5515.5,5227.5
2026-07-02,2383,5440.0,5750.0,5390.0,5655.0,983037,5457.0,5561.0,5268.75
2026-07-03,2383,5535.0,6080.0,5530.0,6080.0,3177228,5622.0,5609.0,5331.25
2026-07-06,2383,6225.0,6250.0,5475.0,5475.0,3511893,5627.0,5574.0,5360.75
2026-07-07,2383,5475.0,5550.0,5200.0,5220.0,4028186,5593.0,5526.0,5383.25
2026-07-08,2383,5350.0,5555.0,5250.0,5315.0,2642600,5549.0,5501.5,5395.75
2026-07-09,2383,5315.0,5500.0,5270.0,5295.0,1991369,5477.0,5467.0,5413.5
2026-07-13,2383,5380.0,5390.0,5055.0,5125.0,1879346,5286.0,5454.0,5415.0
2026-07-14,2383,5050.0,5160.0,4745.0,4970.0,2516884,5185.0,5406.0,5422.0
2026-07-15,2383,5055.0,5190.0,4995.0,5080.0,1340831,5157.0,5375.0,5424.5
2026-07-16,2383,4985.0,5030.0,4825.0,4990.0,1350783,5092.0,5320.5,5418.0
2026-07-17,2383,4715.0,4835.0,4495.0,4495.0,3166294,4932.0,5204.5,5382.75
2026-07-20,2383,4455.0,4560.0,4180.0,4395.0,3220536,4786.0,5036.0,5322.5
2026-07-21,2383,4605.0,4830.0,4560.0,4830.0,2947253,4758.0,4971.5,5272.75
2026-07-22,2383,5210.0,5250.0,5045.0,5125.0,2287942,4767.0,4962.0,5244.0
2026-07-23,2383,5280.0,5280.0,5030.0,5095.0,1471379,4788.0,4940.0,5220.75
2026-07-24,2383,5055.0,5055.0,4720.0,4755.0,1978622,4840.0,4886.0,5176.5
2026-07-27,2383,4825.0,4890.0,4640.0,4815.0,1443744,4924.0,4855.0,5154.5
2026-07-28,2383,4420.0,4690.0,4400.0,4410.0,2370592,4840.0,4799.0,5102.5
2026-07-29,2383,4380.0,4475.0,3985.0,4100.0,3501983,4635.0,4701.0,5038.0
2026-07-30,2383,4005.0,4510.0,3930.0,4315.0,5459758,4479.0,4633.5,4977.0
2026-07-31,2383,4745.0,4745.0,4745.0,4745.0,1418920,4477.0,4658.5,4931.5
2026-08-03,2383,5135.0,5195.0,4930.0,4980.0,4183768,4510.0,4717.0,4876.5
2026-08-04,2383,4995.0,5210.0,4875.0,5140.0,2925218,4656.0,4748.0,4859.75
2026-08-05,2383,5425.0,5425.0,5165.0,5245.0,2477774,4885.0,4760.0,4861.0
2026-08-06,2383,5200.0,5380.0,5105.0,5305.0,1863164,5083.0,4781.0,4860.5
2026-08-07,2383,5400.0,5400.0,5180.0,5240.0,1362847,5182.0,4829.5,4857.75
2026-08-10,2383,5330.0,5510.0,5230.0,5290.0,1972845,5244.0,4877.0,4866.0
2026-08-11,2383,5300.0,5535.0,5240.0,5535.0,2826640,5323.0,4989.5,4894.25
2026-08-12,2383,5500.0,5730.0,5480.0,5730.0,1635510,5420.0,5152.5,4926.75
2026-08-13,2383,5875.0,5875.0,5655.0,5690.0,1568694,5497.0,5290.0,4961.75
2026-08-14,2383,5790.0,6200.0,5770.0,6165.0,2986895,5682.0,5432.0,5045.25
2026-08-17,2383,6165.0,6445.0,6110.0,6350.0,1910755,5894.0,5569.0,5143.0
2026-08-18,2383,6350.0,6470.0,6170.0,6205.0,2005998,6028.0,5675.5,5211.75
2026-08-19,2383,5855.0,6130.0,5810.0,5880.0,3119237,6058.0,5739.0,5249.5
2026-08-20,2383,6100.0,6200.0,5780.0,5985.0,2514908,6117.0,5807.0,5294.0
2026-08-21,2383,6005.0,6015.0,5650.0,5680.0,2568603,6020.0,5851.0,5340.25
2026-08-24,2383,5690.0,5705.0,5415.0,5430.0,1846142,5836.0,5865.0,5371.0
2026-08-25,2383,5410.0,5605.0,5255.0,5595.0,1867477,5714.0,5871.0,5430.25
2026-08-26,2383,5565.0,5920.0,5555.0,5895.0,1871519,5717.0,5887.5,5520.0
2026-08-27,2383,5960.0,5960.0,5355.0,5500.0,3476220,5620.0,5868.5,5579.25
2026-08-28,2383,5480.0,5620.0,5425.0,5490.0,1984693,5582.0,5801.0,5616.5
2026-08-31,2383,5300.0,5500.0,5300.0,5485.0,1999204,5593.0,5714.5,5641.75
2026-09-01,2383,5525.0,5735.0,5490.0,5640.0,1770102,5602.0,5658.0,5666.75
2026-09-02,2383,5600.0,5670.0,5445.0,5445.0,1489933,5512.0,5614.5,5676.75
2026-09-03,2383,5500.0,5550.0,5290.0,5290.0,1640346,5470.0,5545.0,5676.0
2026-09-04,2383,5390.0,5515.0,5255.0,5415.0,1701788,5455.0,5518.5,5684.75
2026-09-07,2383,5550.0,5580.0,5280.0,5495.0,1515921,5457.0,5525.0,5695.0
2026-09-08,2383,5500.0,5550.0,5315.0,5340.0,1474956,5397.0,5499.5,5685.25
2026-09-09,2383,5350.0,5645.0,5350.0,5375.0,1752002,5383.0,5447.5,5667.5
2026-09-10,2383,5380.0,5450.0,5320.0,5375.0,1367538,5400.0,5435.0,5651.75
2026-09-11,2383,5270.0,5420.0,5210.0,5365.0,1100726,5390.0,5422.5,5611.75
2026-09-14,2383,5270.0,5395.0,5230.0,5345.0,1226363,5360.0,5408.5,5561.5
2026-09-15,2383,5300.0,5365.0,5110.0,5115.0,1525730,5315.0,5356.0,5507.0
2026-09-16,2383,5060.0,5175.0,5030.0,5085.0,1686031,5257.0,5320.0,5467.25
2026-09-17,2383,5135.0,5255.0,4635.0,4695.0,5813349,5121.0,5260.5,5402.75
2026-09-18,2383,4910.0,5000.0,4810.0,4890.0,3783127,5026.0,5208.0,5363.25
2026-09-21,2383,4900.0,4945.0,4795.0,4895.0,2394262,4936.0,5148.0,5336.5
2026-09-22,2383,5100.0,5100.0,4855.0,4860.0,2101406,4885.0,5100.0,5299.75
2026-09-23,2383,4910.0,5110.0,4860.0,5020.0,2450930,4872.0,5064.5,5256.0
2026-09-24,2383,5025.0,5170.0,4980.0,5050.0,2346653,4943.0,5032.0,5233.5
2026-02-23,2449,322.5,331.5,313.0,316.5,27444010,,,
2026-02-24,2449,317.0,329.5,315.0,326.0,19845357,,,
2026-02-25,2449,333.0,333.0,318.0,320.0,18500913,,,
2026-02-26,2449,318.5,329.5,317.0,327.0,18744498,,,
2026-03-02,2449,313.5,322.0,308.0,316.0,13136560,321.1,,
2026-03-03,2449,315.5,321.5,305.0,305.0,12226251,318.8,,
2026-03-04,2449,291.5,296.5,276.0,278.0,21866760,309.2,,
2026-03-05,2449,295.0,304.5,290.5,295.0,16564064,304.2,,
2026-03-06,2449,291.0,293.5,283.5,284.5,14259457,295.7,,
2026-03-09,2449,256.5,275.0,256.5,272.0,27843335,286.9,304.0,
2026-03-10,2449,291.0,299.0,287.0,293.0,25917202,284.5,301.65,
2026-03-11,2449,301.0,307.0,297.0,306.0,23535036,290.1,299.65,
2026-03-12,2449,304.5,307.0,297.0,300.0,17050804,291.1,297.65,
2026-03-13,2449,293.5,302.0,291.0,295.5,12594274,293.3,294.5,
2026-03-16,2449,298.0,303.0,288.0,288.0,15037067,296.5,291.7,
2026-03-17,2449,293.0,296.0,290.0,294.0,10911277,296.7,290.6,
2026-03-18,2449,302.0,323.0,302.0,323.0,35571257,300.1,295.1,
2026-03-19,2449,320.5,328.0,315.0,316.0,23917130,303.3,297.2,
2026-03-20,2449,318.0,318.0,298.5,308.0,48134842,305.8,299.55,
2026-03-23,2449,297.5,301.5,284.0,286.0,23004822,305.4,300.95,302.475
2026-03-24,2449,296.0,296.5,278.0,278.5,16302561,302.3,299.5,300.575
2026-03-25,2449,286.0,291.0,284.0,288.5,14622121,295.4,297.75,298.7
2026-03-26,2449,291.0,298.5,288.0,288.0,15867718,289.8,296.55,297.1
2026-03-27,2449,280.5,284.0,274.0,278.5,18800589,283.9,294.85,294.675
2026-03-30,2449,270.5,273.0,262.5,272.0,17223335,281.1,293.25,292.475
2026-03-31,2449,269.0,273.0,260.5,261.0,20207522,277.6,289.95,290.275
2026-04-01,2449,277.0,283.5,273.5,280.5,20066612,276.0,285.7,290.4
2026-04-02,2449,284.0,284.0,255.5,259.0,28958269,270.2,280.0,288.6
2026-04-07,2449,268.0,270.0,263.0,268.0,13484280,268.1,276.0,287.775
2026-04-08,2449,281.0,286.5,275.0,280.0,16308372,269.7,275.4,288.175
2026-04-09,2449,281.5,282.0,273.0,275.0,16986670,272.5,275.05,287.275
2026-04-10,2449,280.0,282.5,273.5,277.5,12317884,271.9,273.95,285.85
2026-04-13,2449,281.0,301.5,274.0,295.0,39987329,279.1,274.65,285.6
2026-04-14,2449,308.0,308.0,291.0,301.0,33693374,285.7,276.9,285.875
2026-04-15,2449,303.0,304.0,290.0,291.0,28983839,287.9,278.8,286.025
2026-04-16,2449,293.0,295.0,281.5,283.5,24883282,289.6,281.05,285.5
2026-04-17,2449,283.5,284.5,274.0,275.0,27061832,289.1,280.5,283.1
2026-04-20,2449,277.0,283.0,271.0,271.0,25391077,284.3,281.7,280.85
2026-04-21,2449,274.5,282.0,269.0,281.0,26718859,280.3,283.0,279.5
2026-04-22,2449,280.0,289.5,277.0,287.5,24583028,279.6,283.75,279.575
2026-04-23,2449,293.0,303.0,272.0,277.5,55713491,278.4,284.0,279.525
2026-04-24,2449,284.0,291.0,274.0,286.0,36880960,280.6,284.85,279.4
2026-04-27,2449,292.0,296.0,279.0,283.5,32859139,283.1,283.7,279.175
2026-04-28,2449,288.0,290.0,282.0,283.5,25169719,283.6,281.95,279.425
2026-04-29,2449,281.5,287.5,272.5,283.5,32863838,282.8,281.2,280.0
2026-04-30,2449,287.0,311.0,286.5,302.5,71863037,287.8,283.1,282.075
2026-05-04,2449,328.5,332.5,324.5,332.5,30326432,297.1,288.85,284.675
2026-05-05,2449,341.0,364.5,341.0,354.0,60762678,311.2,297.15,289.425
2026-05-06,2449,362.0,362.5,325.0,328.5,57121125,320.2,301.9,292.45
2026-05-07,2449,332.5,343.5,327.0,339.0,30225784,331.3,307.05,295.4
2026-05-08,2449,336.0,341.0,306.5,311.0,40147269,333.0,310.4,297.2
2026-05-11,2449,316.0,316.0,294.0,299.5,63413896,326.4,311.75,298.3
2026-05-12,2449,302.5,302.5,295.0,301.0,41675314,315.8,313.5,298.6
2026-05-13,2449,297.0,306.0,294.0,305.0,36714364,311.1,315.65,298.8
2026-05-14,2449,309.0,309.0,295.5,296.0,39127707,302.5,316.9,299.05
2026-05-15,2449,299.5,306.5,295.5,299.5,36263194,300.2,316.6,299.85
2026-05-18,2449,298.0,299.5,286.0,295.0,28058967,299.3,312.85,300.85
2026-05-19,2449,297.0,302.0,289.0,289.0,25944056,296.9,306.35,301.75
2026-05-20,2449,288.5,289.0,276.5,277.5,33608273,291.4,301.25,301.575
2026-05-21,2449,286.0,292.5,285.0,286.0,22235703,289.4,295.95,301.5
2026-05-22,2449,292.0,301.0,290.5,296.0,26407806,288.7,294.45,302.425
2026-05-25,2449,305.0,318.5,302.5,317.0,53596825,293.1,296.2,303.975
2026-05-26,2449,319.5,348.5,308.0,338.5,100783059,303.0,299.95,306.725
2026-05-27,2449,344.5,345.0,308.5,315.5,95192733,310.6,301.0,308.325
2026-05-28,2449,315.5,334.0,312.0,320.0,72840078,317.4,303.4,310.15
2026-05-29,2449,329.0,329.5,311.5,328.5,68983487,323.9,306.3,311.45
2026-06-01,2449,328.5,329.5,317.0,318.0,51661349,324.1,308.6,310.725
2026-06-02,2449,320.5,324.0,298.0,306.5,48921030,317.7,310.35,308.35
2026-06-03,2449,309.5,328.0,309.0,322.5,46358752,319.1,314.85,308.05
2026-06-04,2449,320.5,333.0,315.5,322.0,39706538,319.5,318.45,307.2
2026-06-05,2449,317.5,317.5,300.5,309.5,28827200,315.7,319.8,307.125
2026-06-08,2449,279.5,289.5,279.0,288.5,37192419,309.8,316.95,306.575
2026-06-09,2449,290.0,293.0,283.5,291.0,23113376,306.7,312.2,306.075
2026-06-10,2449,287.0,291.0,271.5,272.0,31183365,296.6,307.85,304.425
2026-06-11,2449,269.5,275.5,263.5,272.0,20303142,286.6,303.05,303.225
2026-06-12,2449,285.0,287.0,280.5,282.0,16442069,281.1,298.4,302.35
2026-06-15,2449,292.0,298.0,280.5,281.0,24332715,279.6,294.7,301.65
2026-06-16,2449,284.0,284.0,277.5,278.0,15208454,277.0,291.85,301.1
2026-06-17,2449,276.0,281.5,273.0,280.5,8684534,278.7,287.65,301.25
2026-06-18,2449,287.0,308.5,287.0,308.5,52543047,286.0,286.3,302.375
2026-06-22,2449,314.0,339.0,314.0,339.0,81551317,297.4,289.25,304.525
2026-06-23,2449,338.5,353.5,325.0,329.5,76716982,307.1,293.35,305.15
2026-06-24,2449,329.5,336.5,318.0,333.5,42402486,318.2,297.6,304.9
2026-06-25,2449,338.5,347.0,330.0,334.5,33666372,329.0,303.85,305.85
2026-06-26,2449,330.0,349.5,306.5,308.0,52126159,328.9,307.45,305.25
2026-06-29,2449,311.0,316.0,304.0,308.5,16785342,322.8,310.1,304.25
2026-06-30,2449,315.5,339.0,313.5,337.5,38132875,324.4,315.75,305.225
2026-07-01,2449,342.0,346.0,329.0,331.0,37186130,323.9,321.05,306.45
2026-07-02,2449,324.0,347.5,317.5,347.5,24008391,326.5,327.75,307.7
2026-07-03,2449,337.5,337.5,325.0,335.0,31624746,331.9,330.4,308.35
2026-07-06,2449,360.0,367.5,349.5,351.0,52913821,340.4,331.6,310.425
2026-07-07,2449,354.5,355.0,316.0,317.0,48786899,336.3,330.35,311.85
2026-07-08,2449,317.0,318.0,301.0,305.5,26525211,331.2,327.55,312.575
2026-07-09,2449,309.5,317.0,304.0,308.5,19407157,323.4,324.95,314.4
2026-07-13,2449,315.0,321.0,306.0,307.0,19383018,317.8,324.85,316.15
2026-07-14,2449,311.0,311.0,278.5,291.5,30101109,305.9,323.15,316.625
2026-07-15,2449,299.0,311.0,296.0,307.0,23993778,303.9,320.1,317.925
2026-07-16,2449,307.0,324.0,302.5,318.0,30441207,306.4,318.8,319.925
2026-07-17,2449,306.0,306.0,286.5,286.5,38187576,302.0,312.7,320.225
2026-07-20,2449,279.0,279.0,258.5,270.5,30195062,294.7,306.25,318.325
2026-07-21,2449,276.0,281.0,272.0,279.0,13598413,292.2,299.05,315.325
2026-07-22,2449,286.0,298.5,282.0,295.0,22881139,289.8,296.85,313.6
2026-07-23,2449,300.0,302.0,282.5,286.0,16709456,283.4,294.9,311.225
2026-07-24,2449,280.0,285.0,271.0,271.0,14663559,280.3,291.15,308.05
2026-07-27,2449,273.5,282.0,265.0,276.0,17414631,281.4,288.05,306.45
2026-07-28,2449,253.0,254.5,236.0,236.0,25729671,272.8,282.5,302.825
2026-07-29,2449,236.0,236.0,212.5,212.5,22273293,256.3,273.05,296.575
2026-07-30,2449,196.0,220.5,195.0,203.5,37892844,239.8,261.6,290.2
2026-07-31,2449,223.5,223.5,223.5,223.5,6714788,230.3,255.3,284.0
2026-08-03,2449,234.0,242.5,229.0,233.5,31654840,221.8,251.6,278.925
2026-08-04,2449,229.0,248.0,224.0,245.5,31680298,223.7,248.25,273.65
2026-08-05,2449,258.0,261.5,246.0,247.0,19763740,230.6,243.45,270.15
2026-08-06,2449,246.0,252.5,240.0,249.0,15016290,239.7,239.75,267.325
2026-08-07,2449,247.0,251.5,242.0,242.0,14953349,243.4,236.85,264.0
2026-08-10,2449,242.0,253.5,237.0,248.5,35251334,246.4,234.1,261.075
2026-08-11,2449,243.0,250.5,238.5,246.0,17657100,246.5,235.1,258.8
2026-08-12,2449,246.0,260.0,243.5,259.0,21727887,248.9,239.75,256.4
2026-08-13,2449,261.0,262.0,253.0,253.5,27388181,249.8,244.75,253.175
2026-08-14,2449,256.0,256.5,245.0,247.0,17138072,250.8,247.1,251.2
2026-08-17,2449,250.5,258.0,248.5,248.5,13706934,250.8,248.6,250.1
2026-08-18,2449,250.5,251.0,233.0,236.0,20381684,248.8,247.65,247.95
2026-08-19,2449,226.5,237.5,225.0,235.0,15479247,244.0,246.45,244.95
2026-08-20,2449,241.0,241.0,230.0,235.0,12061896,240.3,245.05,242.4
2026-08-21,2449,234.0,236.0,230.5,232.0,10664247,237.3,244.05,240.45
2026-08-24,2449,231.5,243.0,231.0,239.0,13529160,235.4,243.1,238.6
2026-08-25,2449,238.0,239.5,231.0,239.5,11213528,236.1,242.45,238.775
2026-08-26,2449,236.0,246.5,234.0,244.0,11870523,237.9,240.95,240.35
2026-08-27,2449,250.0,250.5,243.0,247.5,13085586,240.4,240.35,242.55
2026-08-28,2449,251.5,272.0,249.5,270.0,56354325,248.0,242.65,244.875
2026-08-31,2449,264.5,264.5,250.0,257.0,37673436,251.6,243.5,246.05
2026-09-01,2449,260.0,281.5,259.0,279.0,53349538,259.5,247.8,247.725
2026-09-02,2449,274.5,283.5,270.5,270.5,34026931,264.8,251.35,248.9
2026-09-03,2449,278.0,278.0,260.0,261.0,25192365,267.5,253.95,249.5
2026-09-04,2449,265.0,267.5,259.0,262.0,15925999,265.9,256.95,250.5
2026-09-07,2449,268.5,278.0,266.5,273.0,26506217,269.1,260.35,251.725
2026-09-08,2449,277.5,277.5,267.0,268.5,16085950,267.0,263.25,252.85
2026-09-09,2449,271.0,276.5,269.0,270.0,12493027,266.9,265.85,253.4
2026-09-10,2449,268.0,274.0,267.0,271.5,13033964,269.0,268.25,254.3
2026-09-11,2449,266.0,266.5,260.0,263.0,17759730,269.2,267.55,255.1
2026-09-14,2449,257.0,265.0,253.0,261.5,11531077,266.9,268.0,255.75
2026-09-15,2449,260.5,261.5,256.5,257.0,7605273,264.6,265.8,256.8
2026-09-16,2449,259.5,263.0,257.0,261.5,7774589,262.9,264.9,258.125
2026-09-17,2449,265.5,274.0,264.5,265.0,15860463,261.6,265.3,259.625
2026-09-18,2449,276.5,291.5,274.0,291.5,61177949,267.3,268.25,262.6
2026-09-21,2449,298.0,310.0,296.5,301.5,56082091,275.3,271.1,265.725
2026-09-22,2449,314.0,330.0,312.0,317.0,72526468,287.3,275.95,269.6
2026-09-23,2449,317.5,321.5,302.5,304.0,37725251,295.8,279.35,272.6
2026-09-24,2449,303.5,315.5,300.5,311.0,27018575,305.0,283.3,275.775
2026-02-23,6182,34.4,34.85,33.65,34.5,5579267,,,
2026-02-24,6182,34.45,35.7,34.45,35.7,6021151,,,
2026-02-25,6182,36.15,36.15,34.5,34.65,7504923,,,
2026-02-26,6182,35.1,36.8,34.9,36.25,14067337,,,
2026-03-02,6182,34.9,35.8,34.65,35.2,7358554,35.260000000000005,,
2026-03-03,6182,35.6,36.15,33.7,33.95,9961792,35.15,,
2026-03-04,6182,33.05,33.35,30.95,32.25,10934509,34.46,,
2026-03-05,6182,33.25,34.15,33.0,33.5,5773427,34.230000000000004,,
2026-03-06,6182,33.6,33.8,32.95,33.75,3779181,33.730000000000004,,
2026-03-09,6182,31.55,32.0,30.65,31.95,7439457,33.08,34.17,
2026-03-10,6182,33.1,33.8,32.75,33.15,5260727,32.92,34.035000000000004,
2026-03-11,6182,33.95,34.1,33.6,33.85,3572697,33.24,33.85,
2026-03-12,6182,33.8,33.8,32.2,32.5,5618932,33.040000000000006,33.635,
2026-03-13,6182,32.0,32.3,31.65,31.95,4175476,32.68,33.205,
2026-03-16,6182,32.0,33.35,31.95,32.8,5190180,32.85,32.964999999999996,
2026-03-17,6182,33.25,34.1,33.15,33.55,6037433,32.93,32.925,
2026-03-18,6182,34.1,36.9,34.1,36.9,30680457,33.54,33.39,
2026-03-19,6182,36.35,38.95,36.0,37.3,51731525,34.49999999999999,33.769999999999996,
2026-03-20,6182,38.0,38.7,36.15,36.95,19910472,35.5,34.089999999999996,
2026-03-23,6182,35.7,35.7,34.2,34.2,9299170,35.779999999999994,34.315000000000005,34.2425
2026-03-24,6182,34.95,35.8,33.6,33.7,7380005,35.81,34.37,34.2025
2026-03-25,6182,34.3,34.8,34.05,34.6,4417734,35.35,34.44500000000001,34.147499999999994
2026-03-26,6182,34.9,36.25,34.65,35.55,9853103,35.0,34.75,34.1925
2026-03-27,6182,34.7,34.95,33.85,34.9,6583022,34.589999999999996,35.045,34.125
2026-03-30,6182,34.05,34.45,33.35,33.45,4725683,34.440000000000005,35.11,34.0375
2026-03-31,6182,33.05,34.0,32.3,32.75,5604657,34.25,35.03,33.9775
2026-04-01,6182,33.7,34.1,32.55,32.55,6025820,33.839999999999996,34.595000000000006,33.9925
2026-04-02,6182,32.8,33.05,31.3,31.3,5887617,32.989999999999995,33.995,33.8825
2026-04-07,6182,31.8,31.95,30.8,30.9,3185598,32.190000000000005,33.39,33.739999999999995
2026-04-08,6182,31.7,33.6,31.7,33.55,5198312,32.209999999999994,33.325,33.82
2026-04-09,6182,33.55,33.8,32.65,33.3,4835516,32.31999999999999,33.285,33.8275
2026-04-10,6182,33.4,36.3,33.4,35.95,17652368,33.0,33.42,33.9325
2026-04-13,6182,35.95,36.95,35.3,35.85,11220021,33.91,33.45,34.1
2026-04-14,6182,36.35,37.95,36.3,37.1,14276528,35.15,33.67,34.3575
2026-04-15,6182,37.4,38.0,36.55,36.65,9501753,35.769999999999996,33.989999999999995,34.55
2026-04-16,6182,37.05,37.45,36.0,37.0,10290885,36.510000000000005,34.415,34.722500000000004
2026-04-17,6182,37.05,37.65,35.8,35.8,7561155,36.480000000000004,34.739999999999995,34.667500000000004
2026-04-20,6182,36.15,39.35,36.0,39.35,43780581,37.18,35.545,34.769999999999996
2026-04-21,6182,40.9,43.25,39.6,43.25,74341862,38.410000000000004,36.779999999999994,35.085
2026-04-22,6182,44.05,45.0,42.5,45.0,102141473,40.08,37.925,35.625
2026-04-23,6182,46.2,48.6,40.5,40.7,84897001,40.82000000000001,38.665000000000006,35.975
2026-04-24,6182,41.15,43.0,40.25,40.7,46671761,41.8,39.14,36.28
2026-04-27,6182,41.1,43.7,39.7,40.3,48721307,41.989999999999995,39.585,36.5175
2026-04-28,6182,40.1,42.5,38.35,40.0,39082904,41.339999999999996,39.875,36.772499999999994
2026-04-29,6182,39.25,40.9,38.85,39.0,18558749,40.14,40.11,37.05
2026-04-30,6182,39.35,41.4,39.3,40.1,38175967,40.02,40.42,37.417500000000004
2026-05-04,6182,40.95,44.1,40.9,44.1,58707353,40.7,41.25,37.995
2026-05-05,6182,44.2,48.5,43.8,48.5,63957893,42.339999999999996,42.165,38.855000000000004
2026-05-06,6182,51.5,53.0,48.6,50.6,150163860,44.459999999999994,42.9,39.84
2026-05-07,6182,51.5,55.6,51.0,55.6,69286091,47.78000000000001,43.959999999999994,40.9425
2026-05-08,6182,56.3,60.0,53.0,56.9,165138906,51.14,45.58,42.1225
2026-05-11,6182,58.6,61.5,57.4,58.6,106771809,54.04,47.37,43.255
2026-05-12,6182,57.0,57.3,55.0,56.3,20609646,55.6,48.97,44.277499999999996
2026-05-13,6182,54.1,55.3,54.0,55.3,12611283,56.54,50.5,45.1875
2026-05-14,6182,57.3,57.6,56.8,57.4,11344675,56.9,52.339999999999996,46.225
2026-05-15,6182,59.3,59.3,55.0,55.2,12329699,56.56,53.85,47.135
2026-05-18,6182,53.7,55.0,52.1,55.0,9316903,55.839999999999996,54.94,48.095
2026-05-19,6182,55.7,56.3,54.1,55.5,6438927,55.67999999999999,55.64,48.902499999999996
2026-05-20,6182,56.4,58.0,55.5,57.9,12713241,56.2,56.36999999999999,49.635
2026-05-21,6182,62.8,63.6,61.5,63.6,31543714,57.44,57.17,50.565
2026-05-22,6182,65.5,69.9,65.4,69.9,29306259,60.379999999999995,58.470000000000006,52.025
2026-05-25,6182,75.9,76.8,75.9,76.8,12618462,64.74,60.29,53.83
2026-05-26,6182,84.4,84.4,84.4,84.4,22357300,70.52000000000001,63.1,56.035000000000004
2026-05-27,6182,85.4,92.8,79.3,90.2,210083876,76.98,66.59,58.545
2026-05-28,6182,90.2,99.2,89.5,90.7,17287731,82.4,69.92,61.13000000000001
2026-05-29,6182,99.0,99.7,96.0,99.5,14736143,88.32000000000001,74.35,64.1
2026-06-01,6182,100.0,101.5,96.6,97.0,9818219,92.36,78.55,66.745
2026-06-02,6182,96.6,96.6,87.3,90.1,14773123,93.5,82.01,68.825
2026-06-03,6182,92.3,96.9,92.3,96.9,9019455,94.84,85.91,71.14000000000001
2026-06-04,6182,94.0,94.3,89.9,90.9,4612013,94.88000000000001,88.64,72.905
2026-06-05,6182,86.0,87.5,83.3,85.5,11150180,92.08000000000001,90.2,74.33500000000001
2026-06-08,6182,77.0,80.0,77.0,80.0,13536893,88.68,90.52000000000001,75.405
2026-06-09,6182,83.0,88.0,81.7,87.2,9833055,88.1,90.8,76.95
2026-06-10,6182,85.5,89.4,78.5,78.5,8993542,84.42,89.63000000000001,78.11
2026-06-11,6182,79.5,80.9,71.7,80.9,11062852,82.42,88.65,79.285
2026-06-12,6182,88.9,88.9,87.0,88.9,9407573,83.1,87.59,80.97
2026-06-15,6182,94.2,97.7,94.2,97.7,7677274,86.64,87.66,83.10499999999999
2026-06-16,6182,104.0,107.0,103.0,107.0,19531260,90.6,89.35,85.67999999999999
2026-06-17,6182,107.0,117.5,103.5,114.0,172355230,97.7,91.06,88.485
2026-06-18,6182,119.5,122.0,110.0,120.0,115199169,105.52000000000001,93.97,91.30499999999999
2026-06-22,6182,121.0,123.0,115.0,116.5,82868871,111.04,97.07000000000001,93.635
2026-06-23,6182,114.0,118.0,109.0,114.5,66726275,114.4,100.52000000000001,95.52000000000001
2026-06-24,6182,112.0,116.5,106.5,116.0,45475293,116.2,103.4,97.1
2026-06-25,6182,116.0,127.5,114.0,125.0,152205099,118.4,108.05,98.84
2026-06-26,6182,126.0,134.5,119.0,119.5,140567515,118.3,111.91,100.28
2026-06-29,6182,122.5,123.0,109.5,112.0,79169244,117.4,114.21999999999998,100.905
2026-06-30,6182,119.5,123.0,118.5,123.0,23942743,119.1,116.75,102.205
2026-07-01,6182,135.0,135.0,135.0,135.0,30712667,122.9,119.55,104.45
2026-07-02,6182,135.5,148.5,135.0,148.5,80138982,127.6,123.0,107.03
2026-07-03,6182,153.0,163.0,147.0,163.0,197781978,136.3,127.3,110.63499999999999
2026-07-06,6182,168.5,174.0,154.5,156.0,185078215,145.1,131.25,114.16
2026-07-07,6182,153.5,153.5,140.5,145.5,111866265,149.6,134.35,117.43499999999999
2026-07-08,6182,149.0,160.0,145.0,160.0,138733686,154.6,138.75,121.075
2026-07-09,6182,161.0,175.0,159.0,172.5,182050279,159.4,143.5,125.775
2026-07-13,6182,189.5,189.5,185.5,189.5,71357500,164.7,150.5,131.20499999999998
2026-07-14,6182,185.0,194.5,171.0,186.5,177978965,170.8,157.95,136.08499999999998
2026-07-15,6182,187.5,189.0,175.0,179.5,118137431,177.6,163.6,140.175
2026-07-16,6182,174.5,184.0,165.0,166.0,110095511,178.8,166.7,143.125
2026-07-17,6182,150.5,156.5,149.5,149.5,58183970,174.2,166.8,144.9
2026-07-20,6182,140.0,143.0,135.0,135.0,97340572,163.3,164.0,145.65
2026-07-21,6182,136.0,139.0,124.0,130.0,128490769,152.0,161.4,146.325
2026-07-22,6182,134.0,143.0,129.0,129.0,133893445,141.9,159.75,147.05
2026-07-23,6182,135.0,139.5,120.0,126.5,127168166,134.0,156.4,147.575
2026-07-24,6182,121.5,124.0,114.0,114.0,20847262,126.9,150.55,147.025
2026-07-27,6182,110.0,116.0,103.5,116.0,24564599,123.1,143.2,146.85
2026-07-28,6182,105.5,107.0,104.5,104.5,11801907,118.0,135.0,146.475
2026-07-29,6182,97.3,97.3,94.1,94.1,6262373,111.02000000000001,126.46000000000001,145.03
2026-07-30,6182,84.7,86.7,84.7,84.7,22523675,102.66,118.33,142.51500000000001
2026-07-31,6182,92.9,93.1,84.0,89.0,27335875,97.66,112.28000000000002,139.54000000000002
2026-08-03,6182,82.1,91.0,82.1,88.1,6512393,92.08,107.59,135.79500000000002
2026-08-04,6182,95.5,96.9,95.5,96.9,3398235,90.56,104.28,132.84
2026-08-05,6182,105.0,105.0,98.0,104.0,10845022,92.54,101.78,130.76500000000001
2026-08-06,6182,100.5,108.0,99.0,108.0,5702980,97.2,99.92999999999999,128.16500000000002
2026-08-07,6182,106.0,106.0,100.0,101.0,5024913,99.6,98.63,124.59
2026-08-10,6182,101.5,102.5,91.2,93.0,60804364,100.58000000000001,96.33,119.76500000000001
2026-08-11,6182,93.5,98.0,89.8,94.0,40240266,100.0,95.28,115.14000000000001
2026-08-12,6182,94.3,103.0,94.1,103.0,55977812,99.8,96.16999999999999,111.31500000000001
2026-08-13,6182,107.5,113.0,105.5,113.0,32174191,100.8,99.0,108.665
2026-08-14,6182,116.5,119.5,108.0,111.5,123819386,102.9,101.25,106.76500000000001
2026-08-17,6182,111.0,122.5,108.5,122.5,84401054,108.8,104.69000000000001,106.14000000000001
2026-08-18,6182,122.0,131.0,119.0,120.0,209396688,114.0,107.0,105.64000000000001
2026-08-19,6182,114.0,117.5,109.0,110.0,76371211,115.4,107.6,104.69000000000001
2026-08-20,6182,113.0,114.5,107.0,109.5,56962064,114.7,107.75,103.84
2026-08-21,6182,109.0,110.5,103.5,106.0,39271017,113.6,108.25,103.44000000000001
2026-08-24,6182,108.5,116.5,108.5,110.0,108885215,111.1,109.95,103.14000000000001
2026-08-25,6182,108.5,111.5,104.5,108.0,58128262,108.7,111.35,103.31500000000001
2026-08-26,6182,108.0,109.5,105.5,107.0,40337412,108.1,111.75,103.96
2026-08-27,6182,109.0,111.0,105.5,109.0,41384551,108.0,111.35,105.175
2026-08-28,6182,112.0,117.5,109.5,110.0,68441289,108.8,111.2,106.225
2026-08-31,6182,108.0,108.5,104.0,105.5,28976236,107.9,109.5,107.095
2026-09-01,6182,106.5,116.0,106.5,116.0,72836683,109.5,109.1,108.05
2026-09-02,6182,114.0,114.5,109.0,110.5,68080895,110.2,109.15,108.375
2026-09-03,6182,111.0,112.5,104.5,104.5,48531369,109.3,108.65,108.2
2026-09-04,6182,108.5,111.0,106.0,111.0,36609244,109.5,109.15,108.7
2026-09-07,6182,112.0,114.0,110.0,111.5,40614187,110.7,109.3,109.625
2026-09-08,6182,114.0,119.0,109.0,109.0,58583430,109.3,109.4,110.375
2026-09-09,6182,110.0,112.5,109.0,110.5,19886201,109.3,109.75,110.75
2026-09-10,6182,108.5,110.0,106.5,108.5,15744808,110.1,109.7,110.525
2026-09-11,6182,105.5,106.0,103.5,104.5,21669163,108.8,109.15,110.175
2026-09-14,6182,102.5,105.5,100.0,103.5,18139616,107.2,108.95,109.225
2026-09-15,6182,103.5,110.5,103.0,105.5,40671663,106.5,107.9,108.5
2026-09-16,6182,108.0,113.0,106.5,112.0,45146903,106.8,108.05,108.6
2026-09-17,6182,112.5,117.5,110.0,110.5,59013216,107.2,108.65,108.65
2026-09-18,6182,114.5,116.5,111.0,116.0,65449670,109.5,109.15,109.15
2026-09-21,6182,117.0,119.0,113.5,115.0,46173978,111.8,109.5,109.4
2026-09-22,6182,116.5,125.0,116.5,119.0,102073626,114.5,110.5,109.95
2026-09-23,6182,120.0,125.0,114.5,115.5,117146809,115.2,111.0,110.375
2026-09-24,6182,116.0,123.0,114.5,120.5,93222713,117.2,112.2,110.95
2026-02-23,3481,22.7,24.0,22.15,23.35,462559596,,,
2026-02-24,3481,23.6,24.85,22.9,24.85,531318022,,,
2026-02-25,3481,26.3,27.3,24.1,24.6,1049054947,,,
2026-02-26,3481,25.05,27.0,24.15,26.8,837945188,,,
2026-03-02,3481,25.5,29.0,25.45,28.55,1001949319,25.630000000000003,,
2026-03-03,3481,29.3,29.8,25.7,25.95,1047600389,26.15,,
2026-03-04,3481,24.5,25.95,24.15,24.75,604985488,26.130000000000003,,
2026-03-05,3481,26.45,26.7,24.8,26.0,722993701,26.410000000000004,,
2026-03-06,3481,25.6,27.6,25.15,27.5,845038403,26.55,,
2026-03-09,3481,25.5,27.95,25.3,27.8,979280613,26.4,26.014999999999997,
2026-03-10,3481,29.5,29.9,27.2,27.55,1310469760,26.72,26.435000000000002,
2026-03-11,3481,28.45,30.3,28.35,30.3,1134573679,27.830000000000002,26.98,
2026-03-12,3481,31.0,33.3,30.75,32.95,1690701447,29.22,27.814999999999998,
2026-03-13,3481,30.25,31.4,29.7,29.7,1369365716,29.660000000000004,28.105,
2026-03-16,3481,29.35,30.05,26.8,27.3,1001913513,29.560000000000002,27.98,
2026-03-17,3481,27.9,29.4,27.55,27.7,789814927,29.590000000000003,28.155,
2026-03-18,3481,28.3,28.85,27.2,27.95,482808305,29.119999999999997,28.475,
2026-03-19,3481,27.7,28.3,27.25,27.3,367916783,27.990000000000002,28.605,
2026-03-20,3481,27.8,28.0,26.1,26.25,501309223,27.3,28.48,
2026-03-23,3481,24.95,26.0,24.95,25.0,269438843,26.839999999999996,28.2,27.107499999999998
2026-03-24,3481,26.0,26.45,24.1,24.5,388539761,26.2,27.895,27.165
2026-03-25,3481,25.5,26.15,25.15,25.65,274222757,25.74,27.43,27.204999999999995
2026-03-26,3481,26.0,26.55,25.0,25.0,248645740,25.28,26.634999999999998,27.225
2026-03-27,3481,24.6,24.9,24.05,24.8,174519266,24.990000000000002,26.145,27.125
2026-03-30,3481,24.25,24.6,23.65,24.6,192998701,24.910000000000004,25.875,26.927500000000002
2026-03-31,3481,24.5,25.05,23.8,23.85,308334588,24.78,25.490000000000002,26.8225
2026-04-01,3481,25.05,25.95,24.8,25.05,328715661,24.66,25.2,26.8375
2026-04-02,3481,25.3,25.9,24.65,24.65,280976969,24.59,24.935,26.77
2026-04-07,3481,25.3,25.5,24.0,24.05,179826978,24.44,24.715,26.597500000000004
2026-04-08,3481,24.7,26.45,24.7,26.2,368105745,24.759999999999998,24.835,26.517500000000002
2026-04-09,3481,26.5,28.0,25.7,26.95,585534130,25.380000000000003,25.080000000000002,26.4875
2026-04-10,3481,27.55,27.55,25.4,26.0,391667912,25.57,25.115000000000002,26.2725
2026-04-13,3481,26.0,26.5,25.5,26.3,196853660,25.9,25.244999999999997,25.940000000000005
2026-04-14,3481,26.75,27.85,26.5,27.25,412731989,26.54,25.49,25.817500000000003
2026-04-15,3481,27.6,28.3,27.0,27.6,490740497,26.82,25.79,25.8325
2026-04-16,3481,28.2,28.9,27.2,27.25,559188666,26.880000000000003,26.130000000000003,25.809999999999995
2026-04-17,3481,27.05,27.05,25.8,25.9,338854980,26.860000000000003,26.214999999999996,25.7075
2026-04-20,3481,26.05,26.4,25.5,26.15,216671979,26.830000000000002,26.365000000000002,25.65
2026-04-21,3481,26.35,26.6,25.7,26.0,191605469,26.580000000000002,26.560000000000002,25.6375
2026-04-22,3481,26.0,26.3,25.5,25.6,164011004,26.18,26.5,25.6675
2026-04-23,3481,25.8,25.95,23.9,24.1,347083200,25.55,26.214999999999996,25.647499999999997
2026-04-24,3481,24.2,24.3,23.0,23.4,233909107,25.05,25.955000000000002,25.535
2026-04-27,3481,23.5,24.7,22.95,24.3,259067260,24.68,25.755000000000003,25.5
2026-04-28,3481,24.3,25.0,24.0,24.35,130750892,24.35,25.465,25.4775
2026-04-29,3481,24.4,24.7,23.9,23.95,132951070,24.02,25.1,25.445
2026-04-30,3481,24.05,24.3,23.65,23.95,103739940,23.990000000000002,24.77,25.45
2026-05-04,3481,24.15,25.15,24.05,24.8,152389741,24.27,24.660000000000004,25.4375
2026-05-05,3481,25.15,27.25,25.15,27.25,486930201,24.86,24.770000000000003,25.567500000000003
2026-05-06,3481,27.8,28.9,26.8,28.1,845750567,25.609999999999996,24.98,25.77
2026-05-07,3481,28.8,30.1,28.15,29.75,860297129,26.77,25.395000000000003,25.9475
2026-05-08,3481,29.85,31.45,28.65,29.4,785095023,27.860000000000003,25.925,26.07
2026-05-11,3481,32.0,32.3,31.05,32.3,417999548,29.360000000000003,26.814999999999998,26.385
2026-05-12,3481,34.7,35.5,33.6,35.5,833426756,31.01,27.935000000000002,26.845
2026-05-13,3481,35.8,37.95,33.85,37.5,1379646184,32.89,29.25,27.357499999999998
2026-05-14,3481,38.4,38.65,35.0,35.4,998720739,34.019999999999996,30.395,27.747499999999995
2026-05-15,3481,35.8,38.4,35.25,36.1,892798512,35.36,31.610000000000003,28.189999999999998
2026-05-18,3481,35.95,39.4,34.55,38.7,948858076,36.64,33.0,28.830000000000002
2026-05-19,3481,38.15,39.2,37.2,37.45,711814824,37.03,34.02,29.395000000000003
2026-05-20,3481,37.8,38.0,36.0,36.95,624777587,36.92,34.905,29.942500000000003
2026-05-21,3481,38.0,40.6,38.0,40.6,524601290,37.96,35.989999999999995,30.692500000000003
2026-05-22,3481,42.45,44.65,42.35,44.65,388361570,39.67,37.515,31.72
2026-05-25,3481,49.1,49.1,49.1,49.1,68442854,41.75000000000001,39.195,33.005
2026-05-26,3481,52.0,52.2,44.65,45.7,1463227218,43.4,40.215,34.075
2026-05-27,3481,47.0,50.2,44.45,50.2,1370411333,46.050000000000004,41.485,35.3675
2026-05-28,3481,50.2,52.2,46.2,46.4,1259689849,47.21,42.585,36.489999999999995
2026-05-29,3481,48.55,51.0,47.65,51.0,897327645,48.480000000000004,44.075,37.842499999999994
2026-06-01,3481,54.5,56.1,53.7,56.1,478118322,49.88,45.815000000000005,39.4075
2026-06-02,3481,58.0,58.8,53.6,56.2,1163170448,51.980000000000004,47.690000000000005,40.855000000000004
2026-06-03,3481,57.0,60.5,56.2,59.4,972688727,53.82000000000001,49.935,42.42
2026-06-04,3481,56.9,57.0,55.2,55.8,170430089,55.7,51.455000000000005,43.7225
2026-06-05,3481,53.3,54.0,50.3,53.7,177087727,56.24000000000001,52.36,44.9375
2026-06-08,3481,48.35,48.35,48.35,48.35,88824555,54.69,52.285000000000004,45.74
2026-06-09,3481,49.95,50.6,46.6,49.1,124513602,53.27,52.625,46.42
2026-06-10,3481,47.4,50.0,44.3,44.3,130115713,50.25,52.035000000000004,46.760000000000005
2026-06-11,3481,42.6,46.95,40.25,46.95,174746924,48.48,52.089999999999996,47.337500000000006
2026-06-12,3481,50.5,50.5,48.5,48.55,95654891,47.45,51.845000000000006,47.96
2026-06-15,3481,51.0,51.5,49.8,51.4,100103830,48.06,51.375,48.595
2026-06-16,3481,53.3,55.0,52.0,53.3,140022240,48.89999999999999,51.085,49.3875
2026-06-17,3481,53.2,58.6,53.2,58.6,239833027,51.760000000000005,51.005,50.47
2026-06-18,3481,62.0,64.4,58.5,64.4,861089224,55.25,51.864999999999995,51.660000000000004
2026-06-22,3481,69.4,69.9,66.0,66.0,954222795,58.739999999999995,53.09499999999999,52.7275
2026-06-23,3481,65.9,70.1,65.0,66.0,764326524,61.660000000000004,54.86,53.572500000000005
2026-06-24,3481,65.0,72.6,63.9,69.4,1097640768,64.88000000000001,56.89,54.75749999999999
2026-06-25,3481,70.5,72.0,67.6,70.9,655357479,67.34,59.55,55.7925
2026-06-26,3481,69.3,70.9,64.0,65.0,735698074,67.46000000000001,61.355,56.722500000000004
2026-06-29,3481,65.2,69.3,63.5,67.0,602285246,67.66,63.2,57.5225
2026-06-30,3481,69.3,71.0,68.5,68.7,522734749,68.2,64.93,58.152499999999996
2026-07-01,3481,70.8,72.5,67.1,67.4,587747842,67.8,66.34,58.7125
2026-07-02,3481,66.1,69.8,65.2,67.6,426198192,67.14000000000001,67.24,59.1225
2026-07-03,3481,66.8,67.3,65.8,66.0,300757487,67.34,67.4,59.63250000000001
2026-07-06,3481,66.6,70.1,66.0,69.2,519703847,67.78,67.72,60.407500000000006
2026-07-07,3481,70.2,72.2,63.8,64.2,736170170,66.88000000000001,67.53999999999999,61.2
2026-07-08,3481,66.1,66.7,62.4,65.2,416258130,66.44,67.12,62.004999999999995
2026-07-09,3481,66.2,67.5,64.8,65.3,380906610,65.98,66.56,63.05499999999999
2026-07-13,3481,66.4,67.2,60.5,61.0,404195419,64.97999999999999,66.16,63.75750000000001
2026-07-14,3481,60.2,61.1,54.9,57.2,510069083,62.58,65.18,64.19
2026-07-15,3481,58.4,59.2,57.4,58.5,266064947,61.44,64.16,64.54499999999999
2026-07-16,3481,57.4,58.9,55.5,57.3,242960364,59.86,63.15,64.745
2026-07-17,3481,53.4,55.1,52.6,52.6,343294756,57.32000000000001,61.65,64.44500000000001
2026-07-20,3481,53.1,53.3,49.1,50.4,366167261,55.2,60.089999999999996,63.745000000000005
2026-07-21,3481,51.9,52.4,50.1,50.7,317037917,53.9,58.239999999999995,62.98
2026-07-22,3481,51.5,54.1,51.5,52.5,288972898,52.7,57.07000000000001,62.30499999999999
2026-07-23,3481,53.0,53.8,51.0,51.9,231361001,51.620000000000005,55.739999999999995,61.43000000000001
2026-07-24,3481,50.7,51.3,49.5,49.5,204349525,51.0,54.160000000000004,60.36
2026-07-27,3481,49.7,50.2,45.6,47.35,351257919,50.39,52.795,59.4775
2026-07-28,3481,45.0,46.7,43.35,45.0,360645533,49.25,51.575,58.3775
2026-07-29,3481,45.4,45.5,40.5,41.8,524232519,47.11,49.904999999999994,57.032500000000006
2026-07-30,3481,40.7,45.95,40.65,41.4,510925571,45.010000000000005,48.315000000000005,55.732499999999995
2026-07-31,3481,45.35,45.5,44.1,45.5,365292276,44.21,47.605000000000004,54.6275
2026-08-03,3481,45.0,46.7,43.8,45.8,379112934,43.89999999999999,47.144999999999996,53.61749999999999
2026-08-04,3481,45.65,48.55,44.7,47.8,348151865,44.46,46.855,52.5475
2026-08-05,3481,49.3,50.5,47.75,47.8,421661010,45.66,46.385,51.7275
2026-08-06,3481,47.9,50.0,46.7,50.0,298813117,47.379999999999995,46.195,50.967499999999994
2026-08-07,3481,49.7,50.4,47.55,47.55,270860320,47.79,46.0,50.08
2026-08-10,3481,48.6,52.3,48.55,52.3,219970431,49.089999999999996,46.495,49.644999999999996
2026-08-11,3481,51.4,52.3,49.65,50.1,359824101,49.55,47.004999999999995,49.29
2026-08-12,3481,51.0,52.1,50.3,50.4,189190471,50.07,47.865,48.885
2026-08-13,3481,51.5,51.9,49.4,49.4,196134473,49.95,48.665,48.489999999999995
2026-08-14,3481,50.2,51.5,49.7,50.1,235680402,50.459999999999994,49.125,48.364999999999995
2026-08-17,3481,50.5,51.3,48.85,51.2,248739294,50.24,49.665,48.405
2026-08-18,3481,50.8,51.2,49.2,49.5,209580264,50.120000000000005,49.835,48.345
2026-08-19,3481,47.25,48.05,46.3,46.75,225153342,49.39,49.730000000000004,48.0575
2026-08-20,3481,47.2,47.65,45.4,46.0,217249183,48.71,49.33,47.7625
2026-08-21,3481,45.95,46.3,45.05,46.05,126141176,47.9,49.18,47.589999999999996
2026-08-24,3481,46.05,46.95,45.45,45.45,122839516,46.75,48.495,47.495
2026-08-25,3481,45.3,47.0,44.95,46.8,186724863,46.209999999999994,48.165000000000006,47.584999999999994
2026-08-26,3481,46.8,47.1,46.4,46.4,116092014,46.14,47.765,47.815
2026-08-27,3481,46.9,47.3,46.15,46.25,122928390,46.19,47.45,48.0575
2026-08-28,3481,46.7,49.6,46.45,48.6,314569251,46.7,47.3,48.2125
2026-08-31,3481,48.15,50.5,47.6,49.85,264345359,47.58,47.165,48.415
2026-09-01,3481,49.9,50.2,49.2,49.3,137987627,48.08,47.144999999999996,48.489999999999995
2026-09-02,3481,49.3,50.3,48.65,49.05,170837506,48.61,47.375,48.5525
2026-09-03,3481,49.85,52.4,48.1,48.1,365400350,48.980000000000004,47.584999999999994,48.457499999999996
2026-09-04,3481,49.0,49.4,48.1,48.5,130554353,48.96,47.83,48.504999999999995
2026-09-07,3481,49.4,50.7,48.0,49.95,251338640,48.98,48.28,48.3875
2026-09-08,3481,50.0,50.6,48.8,48.8,188143635,48.88,48.48,48.3225
2026-09-09,3481,49.35,51.6,49.35,50.1,302977292,49.09,48.85,48.3075
2026-09-10,3481,49.9,49.9,48.8,49.35,145192090,49.339999999999996,49.160000000000004,48.305
2026-09-11,3481,48.1,48.35,47.25,47.7,139160521,49.18,49.07,48.185
2026-09-14,3481,46.9,48.25,46.25,47.65,108945391,48.720000000000006,48.85,48.0075
2026-09-15,3481,47.8,48.1,46.8,46.8,77381620,48.32,48.6,47.872499999999995
2026-09-16,3481,47.9,48.7,47.2,48.7,99548905,48.04,48.565,47.97
2026-09-17,3481,49.05,50.2,48.5,48.5,140533721,47.870000000000005,48.605000000000004,48.095
2026-09-18,3481,49.4,49.4,48.25,48.25,128581460,47.98,48.58,48.205
2026-09-21,3481,48.95,50.5,48.7,50.4,287816265,48.53,48.625,48.4525
2026-09-22,3481,50.6,52.2,49.95,50.5,502870543,49.269999999999996,48.795,48.6375
2026-09-23,3481,51.0,51.8,49.5,49.6,219243303,49.45,48.745,48.7975
2026-09-24,3481,49.15,50.8,48.9,49.55,101964433,49.66,48.765,48.9625
2026-02-23,3711,376.0,376.0,348.0,349.0,41310197,,,
2026-02-24,3711,360.0,383.0,358.5,381.5,34632289,,,
2026-02-25,3711,385.0,392.0,378.5,389.0,29544065,,,
2026-02-26,3711,388.0,394.0,381.0,387.5,40211654,,,
2026-03-02,3711,358.5,382.0,358.5,370.5,26177963,375.5,,
2026-03-03,3711,366.0,377.5,354.5,359.5,30596470,377.6,,
2026-03-04,3711,341.0,347.0,325.5,327.5,34857620,366.8,,
2026-03-05,3711,343.5,357.0,342.5,353.5,34618546,359.7,,
2026-03-06,3711,346.0,349.5,339.0,342.0,13941486,350.6,,
2026-03-09,3711,308.0,320.0,308.0,320.0,31312536,340.5,358.0,
2026-03-10,3711,336.0,348.0,332.5,335.5,25037912,335.7,356.65,
2026-03-11,3711,346.0,347.0,340.5,345.5,16983297,339.3,353.05,
2026-03-12,3711,341.0,348.0,331.0,335.0,17240300,335.6,347.65,
2026-03-13,3711,334.0,343.0,326.5,341.5,14244185,335.5,343.05,
2026-03-16,3711,343.5,347.0,335.0,337.5,12359954,339.0,339.75,
2026-03-17,3711,343.0,345.5,339.0,342.0,12206096,340.3,338.0,
2026-03-18,3711,348.0,363.0,348.0,357.5,27008427,342.7,341.0,
2026-03-19,3711,347.5,353.0,340.5,347.0,18102299,345.1,340.35,
2026-03-20,3711,348.0,352.0,340.5,344.0,22723737,345.6,340.55,
2026-03-23,3711,319.0,331.0,318.5,329.5,15488450,344.0,341.5,349.75
2026-03-24,3711,338.0,341.0,329.0,332.5,10933076,342.1,341.2,348.925
2026-03-25,3711,349.5,357.5,347.0,352.0,16820631,341.0,341.85,347.45
2026-03-26,3711,353.0,366.0,352.5,359.0,19941819,343.4,344.25,345.95
2026-03-27,3711,347.5,354.0,342.5,353.5,17087472,345.3,345.45,344.25
2026-03-30,3711,343.0,355.0,342.0,353.5,16289398,350.1,347.05,343.4
2026-03-31,3711,342.0,345.0,328.5,328.5,27274107,349.3,345.7,341.85
2026-04-01,3711,345.0,361.0,344.5,361.0,18680325,351.1,346.05,343.525
2026-04-02,3711,375.5,375.5,356.0,361.0,24470659,351.5,347.45,343.9
2026-04-07,3711,361.5,366.0,348.5,352.0,14027586,351.2,348.25,344.4
2026-04-08,3711,364.0,385.0,364.0,383.0,25746033,357.1,353.6,347.55
2026-04-09,3711,387.0,394.5,381.0,392.0,21207383,369.8,359.55,350.375
2026-04-10,3711,390.0,397.5,385.0,393.0,17172884,376.2,363.65,352.75
2026-04-13,3711,415.5,428.0,403.0,417.5,25890114,387.5,369.5,356.875
2026-04-14,3711,430.0,437.0,421.0,424.0,19084721,401.9,376.55,361.0
2026-04-15,3711,431.5,460.0,431.0,446.5,30888147,414.6,385.85,366.45
2026-04-16,3711,450.0,453.0,436.0,450.5,23542998,426.3,398.05,371.875
2026-04-17,3711,441.0,463.0,437.5,442.0,25602127,436.1,406.15,376.1
2026-04-20,3711,457.0,473.0,454.5,461.5,22395591,444.9,416.2,381.825
2026-04-21,3711,467.0,476.0,461.0,472.0,17685768,454.5,428.2,388.225
2026-04-22,3711,462.0,473.0,460.5,465.0,17019631,458.2,436.4,395.0
2026-04-23,3711,474.5,497.5,456.0,464.5,26843992,461.0,443.65,401.6
2026-04-24,3711,467.5,500.0,467.5,496.0,27381879,471.8,453.95,408.8
2026-04-27,3711,517.0,523.0,495.5,495.5,30165500,478.6,461.75,415.625
2026-04-28,3711,489.0,510.0,483.5,495.5,22748609,483.3,468.9,422.725
2026-04-29,3711,487.0,492.0,472.5,488.5,22424827,488.0,473.1,429.475
2026-04-30,3711,490.5,512.0,478.0,478.0,36584546,490.7,475.85,436.95
2026-05-04,3711,497.0,525.0,497.0,525.0,27594760,496.5,484.15,445.15
2026-05-05,3711,525.0,544.0,519.0,520.0,38106905,501.4,490.0,453.1
2026-05-06,3711,541.0,544.0,514.0,524.0,31498923,507.1,495.2,461.7
2026-05-07,3711,548.0,558.0,534.0,540.0,24883728,517.4,502.7,469.55
2026-05-08,3711,524.0,529.0,511.0,516.0,23722301,525.0,507.85,475.75
2026-05-11,3711,526.0,546.0,513.0,537.0,22625012,527.4,511.95,482.95
2026-05-12,3711,537.0,579.0,533.0,555.0,30939967,534.4,517.9,489.825
2026-05-13,3711,535.0,557.0,534.0,548.0,24676716,539.2,523.15,496.025
2026-05-14,3711,555.0,564.0,548.0,548.0,14595546,540.8,529.1,501.1
2026-05-15,3711,555.0,564.0,537.0,547.0,18822126,547.0,536.0,505.925
2026-05-18,3711,529.0,529.0,500.0,510.0,26645271,541.6,534.5,509.325
2026-05-19,3711,490.0,495.5,472.0,472.0,36960604,525.0,529.7,509.85
2026-05-20,3711,465.0,481.5,465.0,476.0,25742575,510.6,524.9,510.05
2026-05-21,3711,499.0,511.0,496.5,510.0,19822547,503.0,521.9,512.3
2026-05-22,3711,535.0,561.0,524.0,561.0,31183324,505.8,526.4,517.125
2026-05-25,3711,598.0,617.0,584.0,617.0,26609382,527.2,534.4,523.175
2026-05-26,3711,636.0,636.0,590.0,611.0,39627497,555.0,540.0,528.95
2026-05-27,3711,641.0,669.0,626.0,642.0,30005707,588.2,549.4,536.275
2026-05-28,3711,626.0,668.0,617.0,627.0,35071941,611.6,557.3,543.2
2026-05-29,3711,642.0,644.0,608.0,611.0,43968378,621.6,563.7,549.85
2026-06-01,3711,603.0,615.0,599.0,601.0,25834856,618.4,572.8,553.65
2026-06-02,3711,600.0,608.0,577.0,590.0,27769330,614.2,584.6,557.15
2026-06-03,3711,615.0,636.0,614.0,618.0,28543715,609.4,598.8,561.85
2026-06-04,3711,617.0,622.0,593.0,593.0,21218144,602.6,607.1,564.5
2026-06-05,3711,581.0,585.0,562.0,577.0,21540374,595.8,608.7,567.55
2026-06-08,3711,520.0,543.0,520.0,540.0,26428013,583.6,601.0,567.7
2026-06-09,3711,545.0,574.0,544.0,569.0,18464913,579.4,596.8,568.4
2026-06-10,3711,556.0,564.0,537.0,539.0,19729100,563.6,586.5,567.95
2026-06-11,3711,533.0,552.0,521.0,544.0,18314332,553.8,578.2,567.75
2026-06-12,3711,585.0,596.0,577.0,590.0,23826314,556.4,576.1,569.9
2026-06-15,3711,619.0,623.0,590.0,590.0,22457432,566.4,575.0,573.9
2026-06-16,3711,600.0,600.0,580.0,592.0,15524257,571.0,575.2,579.9
2026-06-17,3711,584.0,595.0,573.0,595.0,13317248,582.2,572.9,585.85
2026-06-18,3711,591.0,618.0,591.0,613.0,36191812,596.0,574.9,591.0
2026-06-22,3711,660.0,674.0,652.0,674.0,37123135,612.8,584.6,596.65
2026-06-23,3711,679.0,700.0,662.0,662.0,44546851,627.2,596.8,598.9
2026-06-24,3711,636.0,659.0,618.0,653.0,35911480,639.4,605.2,601.0
2026-06-25,3711,679.0,679.0,625.0,641.0,31615796,648.6,615.4,600.95
2026-06-26,3711,650.0,695.0,630.0,632.0,45022342,652.4,624.2,601.2
2026-06-29,3711,628.0,632.0,611.0,627.0,17955704,643.0,627.9,602.0
2026-06-30,3711,653.0,687.0,650.0,680.0,26490474,646.6,636.9,605.95
2026-07-01,3711,710.0,718.0,695.0,703.0,22106877,656.6,648.0,611.6
2026-07-02,3711,690.0,729.0,684.0,727.0,24969041,673.8,661.2,617.05
2026-07-03,3711,690.0,691.0,662.0,682.0,39658983,683.8,668.1,621.5
2026-07-06,3711,698.0,712.0,676.0,679.0,23329262,694.2,668.6,626.6
2026-07-07,3711,684.0,702.0,648.0,651.0,24720074,688.4,667.5,632.15
2026-07-08,3711,640.0,649.0,623.0,625.0,26610201,672.8,664.7,634.95
2026-07-09,3711,632.0,685.0,627.0,677.0,32145912,662.8,668.3,641.85
2026-07-13,3711,682.0,690.0,657.0,670.0,27795403,660.4,672.1,648.15
2026-07-14,3711,655.0,672.0,610.0,641.0,23760856,652.8,673.5,650.7
2026-07-15,3711,660.0,696.0,654.0,683.0,26452521,659.2,673.8,655.35
2026-07-16,3711,679.0,694.0,668.0,682.0,21801574,670.6,671.7,659.85
2026-07-17,3711,625.0,635.0,614.0,614.0,27892135,658.0,660.4,660.8
2026-07-20,3711,588.0,617.0,577.0,597.0,30646403,643.4,651.9,660.0
2026-07-21,3711,610.0,634.0,609.0,633.0,15573369,641.8,647.3,657.95
2026-07-22,3711,668.0,673.0,652.0,656.0,22726328,636.4,647.8,657.65
2026-07-23,3711,656.0,665.0,637.0,649.0,15052087,629.8,650.2,657.45
2026-07-24,3711,633.0,636.0,609.0,613.0,17595449,629.6,643.8,656.05
2026-07-27,3711,601.0,613.0,590.0,608.0,16184191,631.8,637.6,654.85
2026-07-28,3711,570.0,582.0,551.0,554.0,28705046,616.0,628.9,651.2
2026-07-29,3711,538.0,547.0,499.0,499.0,23571701,584.6,610.5,642.15
2026-07-30,3711,465.5,533.0,465.5,505.0,31004999,555.8,592.8,632.25
2026-07-31,3711,555.0,555.0,555.0,555.0,8045972,544.2,586.9,623.65
2026-08-03,3711,610.0,610.0,592.0,610.0,16977392,544.6,588.2,620.05
2026-08-04,3711,606.0,606.0,573.0,585.0,52645565,550.8,583.4,615.35
2026-08-05,3711,620.0,624.0,588.0,593.0,32968894,569.6,577.1,612.45
2026-08-06,3711,585.0,597.0,574.0,595.0,17543701,587.6,571.7,610.95
2026-08-07,3711,605.0,610.0,578.0,585.0,13050125,593.6,568.9,606.35
2026-08-10,3711,602.0,641.0,601.0,630.0,28684678,597.6,571.1,604.35
2026-08-11,3711,629.0,632.0,610.0,629.0,19343138,606.4,578.6,603.75
2026-08-12,3711,633.0,634.0,619.0,621.0,17345961,612.0,590.8,600.65
2026-08-13,3711,627.0,638.0,623.0,626.0,19383393,618.2,602.9,597.85
2026-08-14,3711,635.0,635.0,608.0,616.0,16941503,624.4,609.0,597.95
2026-08-17,3711,626.0,643.0,615.0,615.0,21459779,621.4,609.5,598.85
2026-08-18,3711,630.0,634.0,596.0,599.0,20070634,615.4,610.9,597.15
2026-08-19,3711,568.0,596.0,564.0,588.0,22448357,608.8,610.4,593.75
2026-08-20,3711,580.0,591.0,568.0,590.0,21349397,601.6,609.9,590.8
2026-08-21,3711,589.0,593.0,579.0,587.0,12861208,595.8,610.1,589.5
2026-08-24,3711,586.0,601.0,585.0,592.0,7820797,591.2,606.3,588.7
2026-08-25,3711,582.0,591.0,569.0,591.0,12209029,589.6,602.5,590.55
2026-08-26,3711,580.0,593.0,575.0,592.0,12219806,590.4,599.6,595.2
2026-08-27,3711,608.0,608.0,593.0,605.0,11658860,593.4,597.5,600.2
2026-08-28,3711,608.0,630.0,606.0,621.0,18575826,600.2,598.0,603.5
2026-08-31,3711,601.0,601.0,565.0,584.0,33186077,598.6,594.9,602.2
2026-09-01,3711,588.0,615.0,582.0,610.0,26066376,602.4,596.0,603.45
2026-09-02,3711,599.0,607.0,587.0,589.0,17467250,601.8,596.1,603.25
2026-09-03,3711,595.0,605.0,585.0,589.0,11637807,598.6,596.0,602.95
2026-09-04,3711,600.0,603.0,578.0,588.0,15751048,592.0,596.1,603.1
2026-09-07,3711,600.0,628.0,600.0,621.0,27604665,599.4,599.0,602.65
2026-09-08,3711,619.0,623.0,608.0,618.0,13336567,601.0,601.7,602.1
2026-09-09,3711,621.0,645.0,621.0,640.0,22954710,611.2,606.5,603.05
2026-09-10,3711,641.0,653.0,635.0,650.0,17451304,623.4,611.0,604.25
2026-09-11,3711,630.0,630.0,605.0,618.0,22695774,629.4,610.7,604.35
2026-09-14,3711,599.0,620.0,596.0,612.0,9475938,627.6,613.5,604.2
2026-09-15,3711,601.0,608.0,592.0,592.0,14790324,622.4,611.7,603.85
2026-09-16,3711,599.0,610.0,597.0,605.0,9509979,615.4,613.3,604.7
2026-09-17,3711,615.0,628.0,612.0,614.0,11193901,608.2,615.8,605.9
2026-09-18,3711,631.0,643.0,627.0,638.0,27928565,612.2,620.8,608.45
2026-09-21,3711,655.0,674.0,655.0,663.0,17093063,622.4,625.0,612.0
2026-09-22,3711,691.0,711.0,690.0,693.0,24987417,642.6,632.5,617.1
2026-09-23,3711,710.0,711.0,689.0,693.0,15367865,660.2,637.8,622.15
2026-09-24,3711,685.0,699.0,680.0,699.0,10964118,677.2,642.7,626.85
2026-02-23,3008,2325.0,2400.0,2290.0,2370.0,1227829,,,
2026-02-24,3008,2375.0,2430.0,2360.0,2430.0,979619,,,
2026-02-25,3008,2440.0,2475.0,2395.0,2415.0,1463061,,,
2026-02-26,3008,2430.0,2535.0,2410.0,2520.0,1650676,,,
2026-03-02,3008,2460.0,2485.0,2440.0,2455.0,993109,2438.0,,
2026-03-03,3008,2455.0,2495.0,2425.0,2450.0,957608,2454.0,,
2026-03-04,3008,2405.0,2405.0,2295.0,2305.0,1549743,2429.0,,
2026-03-05,3008,2365.0,2395.0,2320.0,2360.0,865123,2418.0,,
2026-03-06,3008,2325.0,2380.0,2325.0,2380.0,628356,2390.0,,
2026-03-09,3008,2280.0,2330.0,2235.0,2285.0,1313870,2356.0,2397.0,
2026-03-10,3008,2330.0,2380.0,2280.0,2300.0,918803,2326.0,2390.0,
2026-03-11,3008,2350.0,2400.0,2345.0,2390.0,932955,2343.0,2386.0,
2026-03-12,3008,2360.0,2400.0,2330.0,2355.0,971591,2342.0,2380.0,
2026-03-13,3008,2315.0,2360.0,2305.0,2345.0,793314,2335.0,2362.5,
2026-03-16,3008,2360.0,2370.0,2305.0,2305.0,458199,2339.0,2347.5,
2026-03-17,3008,2325.0,2400.0,2305.0,2400.0,793168,2359.0,2342.5,
2026-03-18,3008,2415.0,2440.0,2400.0,2440.0,1068852,2369.0,2356.0,
2026-03-19,3008,2365.0,2390.0,2320.0,2320.0,870561,2362.0,2352.0,
2026-03-20,3008,2340.0,2390.0,2335.0,2355.0,841670,2364.0,2349.5,
2026-03-23,3008,2305.0,2305.0,2220.0,2235.0,1267005,2350.0,2344.5,2370.75
2026-03-24,3008,2255.0,2275.0,2240.0,2240.0,512999,2318.0,2338.5,2364.25
2026-03-25,3008,2285.0,2295.0,2210.0,2220.0,752266,2274.0,2321.5,2353.75
2026-03-26,3008,2250.0,2250.0,2210.0,2210.0,453728,2252.0,2307.0,2343.5
2026-03-27,3008,2215.0,2225.0,2170.0,2220.0,568541,2225.0,2294.5,2328.5
2026-03-30,3008,2160.0,2205.0,2155.0,2180.0,503415,2214.0,2282.0,2314.75
2026-03-31,3008,2180.0,2250.0,2150.0,2155.0,851383,2197.0,2257.5,2300.0
2026-04-01,3008,2215.0,2225.0,2185.0,2190.0,375366,2191.0,2232.5,2294.25
2026-04-02,3008,2215.0,2215.0,2135.0,2140.0,466551,2177.0,2214.5,2283.25
2026-04-07,3008,2180.0,2230.0,2165.0,2170.0,515868,2167.0,2196.0,2272.75
2026-04-08,3008,2220.0,2280.0,2200.0,2280.0,928475,2187.0,2200.5,2272.5
2026-04-09,3008,2290.0,2295.0,2240.0,2280.0,715701,2212.0,2204.5,2271.5
2026-04-10,3008,2285.0,2325.0,2285.0,2310.0,379160,2236.0,2213.5,2267.5
2026-04-13,3008,2310.0,2485.0,2300.0,2430.0,1374811,2294.0,2235.5,2271.25
2026-04-14,3008,2540.0,2670.0,2540.0,2670.0,3642434,2394.0,2280.5,2287.5
2026-04-15,3008,2875.0,2930.0,2750.0,2820.0,4245180,2502.0,2344.5,2313.25
2026-04-16,3008,2835.0,2870.0,2750.0,2820.0,2889528,2610.0,2411.0,2334.25
2026-04-17,3008,2690.0,2690.0,2550.0,2605.0,4296691,2669.0,2452.5,2342.5
2026-04-20,3008,2630.0,2780.0,2630.0,2710.0,2683268,2725.0,2509.5,2362.0
2026-04-21,3008,2750.0,2755.0,2640.0,2645.0,1769994,2720.0,2557.0,2376.5
2026-04-22,3008,2675.0,2680.0,2580.0,2585.0,1717679,2673.0,2587.5,2394.0
2026-04-23,3008,2610.0,2615.0,2440.0,2485.0,2266901,2606.0,2608.0,2406.25
2026-04-24,3008,2530.0,2565.0,2470.0,2520.0,1609322,2589.0,2629.0,2421.25
2026-04-27,3008,2575.0,2700.0,2555.0,2615.0,2676748,2570.0,2647.5,2441.5
2026-04-28,3008,2650.0,2685.0,2575.0,2580.0,1455699,2557.0,2638.5,2459.5
2026-04-29,3008,2590.0,2650.0,2550.0,2595.0,1553127,2559.0,2616.0,2480.25
2026-04-30,3008,2580.0,2580.0,2515.0,2515.0,1185538,2565.0,2585.5,2498.25
2026-05-04,3008,2540.0,2580.0,2515.0,2575.0,1338198,2576.0,2582.5,2517.5
2026-05-05,3008,2575.0,2585.0,2520.0,2545.0,781570,2562.0,2566.0,2537.75
2026-05-06,3008,2550.0,2550.0,2490.0,2520.0,1403899,2550.0,2553.5,2555.25
2026-05-07,3008,2535.0,2575.0,2535.0,2575.0,1194265,2546.0,2552.5,2570.0
2026-05-08,3008,2585.0,2620.0,2530.0,2570.0,1447944,2557.0,2561.0,2584.5
2026-05-11,3008,2600.0,2600.0,2525.0,2545.0,865599,2551.0,2563.5,2596.25
2026-05-12,3008,2600.0,2795.0,2580.0,2795.0,3209668,2601.0,2581.5,2614.5
2026-05-13,3008,2870.0,2870.0,2735.0,2850.0,4369632,2667.0,2608.5,2623.5
2026-05-14,3008,2930.0,3135.0,2895.0,3135.0,4216926,2779.0,2662.5,2639.25
2026-05-15,3008,3290.0,3445.0,3290.0,3445.0,3089450,2954.0,2755.5,2670.5
2026-05-18,3008,3400.0,3400.0,3125.0,3290.0,4461026,3103.0,2827.0,2704.75
2026-05-19,3008,3445.0,3615.0,3325.0,3365.0,5982140,3217.0,2909.0,2737.5
2026-05-20,3008,3330.0,3410.0,3200.0,3200.0,1168759,3287.0,2977.0,2765.25
2026-05-21,3008,3285.0,3520.0,3280.0,3460.0,1745376,3352.0,3065.5,2809.0
2026-05-22,3008,3450.0,3595.0,3450.0,3540.0,1289200,3371.0,3162.5,2861.75
2026-05-25,3008,3635.0,3845.0,3635.0,3845.0,1446961,3482.0,3292.5,2928.0
2026-05-26,3008,3875.0,3875.0,3665.0,3665.0,1129814,3542.0,3379.5,2980.5
2026-05-27,3008,3690.0,3720.0,3500.0,3505.0,1354119,3603.0,3445.0,3026.75
2026-05-28,3008,3505.0,3630.0,3420.0,3425.0,1352548,3596.0,3474.0,3068.25
2026-05-29,3008,3515.0,3600.0,3450.0,3515.0,1477877,3591.0,3481.0,3118.25
2026-06-01,3008,3630.0,3835.0,3630.0,3835.0,1342805,3589.0,3535.5,3181.25
2026-06-02,3008,3780.0,3850.0,3705.0,3850.0,1408889,3626.0,3584.0,3246.5
2026-06-03,3008,3920.0,4225.0,3820.0,3985.0,3706976,3722.0,3662.5,3319.75
2026-06-04,3008,3940.0,3995.0,3785.0,3825.0,2589597,3802.0,3699.0,3382.25
2026-06-05,3008,3750.0,3750.0,3570.0,3680.0,2295854,3835.0,3713.0,3437.75
2026-06-08,3008,3330.0,3550.0,3325.0,3535.0,2683427,3775.0,3682.0,3487.25
2026-06-09,3008,3800.0,3885.0,3755.0,3885.0,2232485,3782.0,3704.0,3541.75
2026-06-10,3008,4180.0,4270.0,4100.0,4130.0,5970214,3811.0,3766.5,3605.75
2026-06-11,3008,4000.0,4310.0,4000.0,4165.0,4290350,3879.0,3840.5,3657.25
2026-06-12,3008,4300.0,4355.0,4020.0,4020.0,3557528,3947.0,3891.0,3686.0
2026-06-15,3008,4080.0,4420.0,4035.0,4420.0,3675345,4124.0,3949.5,3742.5
2026-06-16,3008,4480.0,4860.0,4450.0,4860.0,3306359,4319.0,4050.5,3817.25
2026-06-17,3008,5065.0,5310.0,4960.0,5145.0,5632398,4522.0,4166.5,3914.5
2026-06-18,3008,5115.0,5295.0,5090.0,5195.0,2984416,4728.0,4303.5,4001.25
2026-06-22,3008,5275.0,5360.0,5125.0,5185.0,1874016,4961.0,4454.0,4083.5
2026-06-23,3008,5165.0,5185.0,4965.0,5000.0,1931679,5077.0,4600.5,4141.25
2026-06-24,3008,4870.0,4985.0,4825.0,4900.0,2104082,5085.0,4702.0,4203.0
2026-06-25,3008,5040.0,5235.0,4875.0,5165.0,3402611,5089.0,4805.5,4286.0
2026-06-26,3008,5020.0,5050.0,4710.0,4720.0,3385805,4994.0,4861.0,4350.75
2026-06-29,3008,4640.0,4730.0,4315.0,4380.0,3846275,4833.0,4897.0,4394.0
2026-06-30,3008,4250.0,4430.0,4210.0,4290.0,4145819,4691.0,4884.0,4416.75
2026-07-01,3008,4490.0,4560.0,4250.0,4330.0,2760698,4577.0,4831.0,4440.75
2026-07-02,3008,4260.0,4395.0,4250.0,4295.0,1727247,4403.0,4746.0,4456.25
2026-07-03,3008,4300.0,4320.0,4225.0,4230.0,1519285,4305.0,4649.5,4476.5
2026-07-06,3008,4210.0,4280.0,4010.0,4135.0,2078150,4256.0,4544.5,4499.25
2026-07-07,3008,4150.0,4150.0,3870.0,3890.0,2546061,4176.0,4433.5,4517.0
2026-07-08,3008,3950.0,4035.0,3870.0,3950.0,1775592,4100.0,4338.5,4520.25
2026-07-09,3008,4025.0,4140.0,3950.0,3950.0,1659751,4031.0,4217.0,4511.25
2026-07-13,3008,4345.0,4345.0,4345.0,4345.0,904164,4054.0,4179.5,4520.25
2026-07-14,3008,4485.0,4485.0,4150.0,4265.0,4765897,4080.0,4168.0,4532.5
2026-07-15,3008,4370.0,4370.0,3985.0,4040.0,3691573,4110.0,4143.0,4513.5
2026-07-16,3008,4040.0,4350.0,4000.0,4260.0,3074549,4172.0,4136.0,4483.5
2026-07-17,3008,4090.0,4200.0,3985.0,4010.0,2064267,4184.0,4107.5,4426.75
2026-07-20,3008,4020.0,4050.0,3800.0,3875.0,1549724,4090.0,4072.0,4360.75
2026-07-21,3008,3925.0,3990.0,3795.0,3985.0,1759287,4034.0,4057.0,4300.75
2026-07-22,3008,4050.0,4140.0,3955.0,4000.0,2234509,4026.0,4068.0,4250.75
2026-07-23,3008,4025.0,4175.0,3980.0,4140.0,1535158,4002.0,4087.0,4212.75
2026-07-24,3008,4070.0,4150.0,3915.0,3920.0,1577639,3984.0,4084.0,4150.5
2026-07-27,3008,4005.0,4150.0,3905.0,4090.0,2213868,4027.0,4058.5,4119.0
2026-07-28,3008,3930.0,4125.0,3860.0,3900.0,2253064,4010.0,4022.0,4095.0
2026-07-29,3008,3905.0,4010.0,3685.0,3850.0,3408473,3980.0,4003.0,4073.0
2026-07-30,3008,3865.0,4030.0,3670.0,3715.0,2897129,3895.0,3948.5,4042.25
2026-07-31,3008,4000.0,4080.0,3880.0,4035.0,2970845,3918.0,3951.0,4029.25
2026-08-03,3008,3970.0,4030.0,3910.0,3960.0,1846958,3892.0,3959.5,4015.75
2026-08-04,3008,4030.0,4355.0,4010.0,4355.0,1870025,3983.0,3996.5,4026.75
2026-08-05,3008,4410.0,4730.0,4340.0,4575.0,4740431,4128.0,4054.0,4061.0
2026-08-06,3008,4525.0,4770.0,4515.0,4625.0,2304539,4310.0,4102.5,4094.75
2026-08-07,3008,4605.0,4625.0,4380.0,4385.0,1666019,4380.0,4149.0,4116.5
2026-08-10,3008,4480.0,4565.0,4345.0,4400.0,1949566,4468.0,4180.0,4119.25
2026-08-11,3008,4355.0,4420.0,4230.0,4355.0,1547540,4468.0,4225.5,4123.75
2026-08-12,3008,4390.0,4685.0,4355.0,4585.0,2154833,4470.0,4299.0,4151.0
2026-08-13,3008,4655.0,4825.0,4545.0,4660.0,2186337,4477.0,4393.5,4171.0
2026-08-14,3008,4700.0,4920.0,4590.0,4610.0,1840365,4522.0,4451.0,4201.0
2026-08-17,3008,4670.0,5070.0,4670.0,5070.0,3382103,4656.0,4562.0,4260.75
2026-08-18,3008,5115.0,5330.0,5055.0,5290.0,3723401,4843.0,4655.5,4326.0
2026-08-19,3008,5135.0,5720.0,5110.0,5550.0,3873944,5036.0,4753.0,4403.5
2026-08-20,3008,5570.0,5680.0,5405.0,5515.0,2952357,5207.0,4842.0,4472.25
2026-08-21,3008,5520.0,5750.0,5260.0,5610.0,3439678,5407.0,4964.5,4556.75
2026-08-24,3008,5620.0,5700.0,5375.0,5385.0,2364421,5470.0,5063.0,4621.5
2026-08-25,3008,5350.0,5740.0,5295.0,5720.0,2181353,5556.0,5199.5,4712.5
2026-08-26,3008,5920.0,6290.0,5875.0,6290.0,2001695,5704.0,5370.0,4834.5
2026-08-27,3008,6615.0,6915.0,6605.0,6915.0,2913470,5984.0,5595.5,4994.5
2026-08-28,3008,7005.0,7270.0,6865.0,7065.0,4885655,6275.0,5841.0,5146.0
2026-08-31,3008,7065.0,7735.0,7025.0,7650.0,3700248,6728.0,6099.0,5330.5
2026-09-01,3008,7655.0,7995.0,7565.0,7580.0,3399074,7100.0,6328.0,5491.75
2026-09-02,3008,7470.0,7955.0,7460.0,7810.0,2294173,7404.0,6554.0,5653.5
2026-09-03,3008,7770.0,7825.0,7090.0,7150.0,1688885,7451.0,6717.5,5779.75
2026-09-04,3008,7205.0,7450.0,6880.0,7400.0,1626455,7518.0,6896.5,5930.5
2026-09-07,3008,7185.0,7185.0,6660.0,6660.0,2481903,7320.0,7024.0,6043.5
2026-09-08,3008,6430.0,6660.0,6350.0,6500.0,1975094,7104.0,7102.0,6150.75
2026-09-09,3008,6660.0,6930.0,6550.0,6870.0,1404696,6916.0,7160.0,6265.0
2026-09-10,3008,6770.0,6875.0,6680.0,6720.0,1755962,6830.0,7140.5,6368.0
2026-09-11,3008,6520.0,6900.0,6420.0,6660.0,1987534,6682.0,7100.0,6470.5
2026-09-14,3008,6395.0,6420.0,5995.0,5995.0,2655512,6549.0,6934.5,6516.75
2026-09-15,3008,6015.0,6195.0,5930.0,6055.0,2988683,6460.0,6782.0,6555.0
2026-09-16,3008,6160.0,6415.0,6150.0,6225.0,2427181,6331.0,6623.5,6588.75
2026-09-17,3008,6360.0,6370.0,6020.0,6020.0,2145354,6191.0,6510.5,6614.0
2026-09-18,3008,6280.0,6500.0,6150.0,6430.0,2850571,6145.0,6413.5,6655.0
2026-09-21,3008,6465.0,6615.0,6305.0,6400.0,2092892,6226.0,6387.5,6705.75
2026-09-22,3008,6510.0,6750.0,6390.0,6405.0,2454340,6296.0,6378.0,6740.0
2026-09-23,3008,6440.0,6470.0,6140.0,6190.0,1689986,6289.0,6310.0,6735.0
2026-09-24,3008,6105.0,6310.0,6080.0,6245.0,1200518,6334.0,6262.5,6701.5
2026-02-23,3324,1095.0,1100.0,1000.0,1015.0,5440441,,,
2026-02-24,3324,1025.0,1065.0,1010.0,1050.0,4437243,,,
2026-02-25,3324,1065.0,1155.0,1035.0,1155.0,5955764,,,
2026-02-26,3324,1175.0,1200.0,1130.0,1155.0,8995373,,,
2026-03-02,3324,1105.0,1160.0,1105.0,1130.0,4690044,1101.0,,
2026-03-03,3324,1150.0,1180.0,1070.0,1080.0,8195983,1114.0,,
2026-03-04,3324,1020.0,1050.0,972.0,972.0,7848252,1098.4,,
2026-03-05,3324,1015.0,1025.0,978.0,978.0,7024743,1063.0,,
2026-03-06,3324,978.0,1015.0,971.0,989.0,5001194,1029.8,,
2026-03-09,3324,891.0,904.0,891.0,894.0,4815330,982.6,1041.8,
2026-03-10,3324,920.0,964.0,915.0,938.0,5035344,954.2,1034.1,
2026-03-11,3324,948.0,1030.0,948.0,1030.0,7362511,965.8,1032.1,
2026-03-12,3324,1045.0,1100.0,1040.0,1050.0,8114454,980.2,1021.6,
2026-03-13,3324,1045.0,1080.0,1015.0,1055.0,4428551,993.4,1011.6,
2026-03-16,3324,1075.0,1080.0,1035.0,1035.0,2804922,1021.6,1002.1,
2026-03-17,3324,1070.0,1095.0,1045.0,1050.0,3699485,1044.0,999.1,
2026-03-18,3324,1080.0,1095.0,1030.0,1030.0,4648766,1044.0,1004.9,
2026-03-19,3324,1015.0,1115.0,1015.0,1070.0,7554643,1048.0,1014.1,
2026-03-20,3324,1090.0,1090.0,1030.0,1065.0,4516019,1050.0,1021.7,
2026-03-23,3324,1000.0,1040.0,990.0,1005.0,3838083,1044.0,1032.8,1037.3
2026-03-24,3324,1035.0,1050.0,981.0,1005.0,4242031,1035.0,1039.5,1036.8
2026-03-25,3324,1040.0,1075.0,1025.0,1035.0,4490877,1036.0,1040.0,1036.05
2026-03-26,3324,1045.0,1070.0,985.0,985.0,8798876,1019.0,1033.5,1027.55
2026-03-27,3324,966.0,993.0,932.0,993.0,4996983,1004.6,1027.3,1019.45
2026-03-30,3324,960.0,974.0,943.0,956.0,3686870,994.8,1019.4,1010.75
2026-03-31,3324,933.0,947.0,875.0,879.0,6508411,969.6,1002.3,1000.7
2026-04-01,3324,918.0,937.0,912.0,920.0,3405154,946.6,991.3,998.1
2026-04-02,3324,930.0,934.0,898.0,910.0,2754612,931.6,975.3,994.7
2026-04-07,3324,930.0,946.0,914.0,918.0,3131504,916.6,960.6,991.15
2026-04-08,3324,980.0,1005.0,975.0,1005.0,5818792,926.4,960.6,996.7
2026-04-09,3324,1025.0,1025.0,983.0,989.0,4664618,948.4,959.0,999.25
2026-04-10,3324,1000.0,1005.0,985.0,990.0,4276625,962.4,954.5,997.25
2026-04-13,3324,983.0,985.0,926.0,940.0,6352152,968.4,950.0,991.75
2026-04-14,3324,957.0,981.0,957.0,965.0,4683684,977.8,947.2,987.25
2026-04-15,3324,976.0,983.0,963.0,972.0,3097779,971.2,948.8,984.1
2026-04-16,3324,986.0,1065.0,986.0,1045.0,10102443,982.4,965.4,983.85
2026-04-17,3324,1055.0,1080.0,1025.0,1035.0,5252298,991.4,976.9,984.1
2026-04-20,3324,1040.0,1050.0,1005.0,1040.0,3937613,1011.4,989.9,982.6
2026-04-21,3324,1055.0,1075.0,1030.0,1050.0,4541548,1028.4,1003.1,981.85
2026-04-22,3324,1055.0,1155.0,1055.0,1155.0,9916598,1065.0,1018.1,989.35
2026-04-23,3324,1185.0,1210.0,1070.0,1105.0,11846994,1077.0,1029.7,994.35
2026-04-24,3324,1150.0,1215.0,1140.0,1215.0,9495044,1113.0,1052.2,1003.35
2026-04-27,3324,1270.0,1305.0,1165.0,1180.0,9468768,1141.0,1076.2,1013.1
2026-04-28,3324,1175.0,1200.0,1115.0,1145.0,5104550,1160.0,1094.2,1020.7
2026-04-29,3324,1130.0,1175.0,1125.0,1160.0,3158781,1161.0,1113.0,1030.9
2026-04-30,3324,1160.0,1175.0,1130.0,1140.0,3079706,1168.0,1122.5,1043.95
2026-05-04,3324,1160.0,1200.0,1125.0,1190.0,4354102,1163.0,1138.0,1057.45
2026-05-05,3324,1200.0,1210.0,1145.0,1170.0,3332312,1161.0,1151.0,1070.45
2026-05-06,3324,1190.0,1190.0,1055.0,1105.0,6377427,1153.0,1156.5,1079.8
2026-05-07,3324,1140.0,1140.0,1050.0,1070.0,4798727,1135.0,1148.0,1083.05
2026-05-08,3324,1070.0,1105.0,1035.0,1065.0,4159009,1120.0,1144.0,1086.85
2026-05-11,3324,1070.0,1090.0,1055.0,1070.0,3407320,1096.0,1129.5,1090.85
2026-05-12,3324,1080.0,1085.0,1055.0,1060.0,2834049,1074.0,1117.5,1096.85
2026-05-13,3324,1055.0,1065.0,1040.0,1065.0,1938973,1066.0,1109.5,1101.85
2026-05-14,3324,1085.0,1095.0,1015.0,1015.0,4282773,1055.0,1095.0,1104.0
2026-05-15,3324,1040.0,1050.0,990.0,995.0,2759717,1041.0,1080.5,1101.5
2026-05-18,3324,980.0,994.0,941.0,982.0,2867514,1023.4,1059.7,1098.85
2026-05-19,3324,986.0,986.0,964.0,966.0,2597144,1004.6,1039.3,1095.15
2026-05-20,3324,970.0,972.0,936.0,939.0,3038788,979.4,1022.7,1089.6
2026-05-21,3324,964.0,1015.0,957.0,1000.0,2657956,976.4,1015.7,1081.85
2026-05-22,3324,1035.0,1040.0,1005.0,1010.0,3661887,979.4,1010.2,1077.1
2026-05-25,3324,1035.0,1040.0,1010.0,1010.0,2310307,985.0,1004.2,1066.85
2026-05-26,3324,1030.0,1045.0,1010.0,1040.0,2791270,999.8,1002.2,1059.85
2026-05-27,3324,1070.0,1080.0,1025.0,1035.0,2875309,1019.0,999.2,1054.35
2026-05-28,3324,1050.0,1070.0,1000.0,1005.0,3211817,1020.0,998.2,1046.6
2026-05-29,3324,1035.0,1080.0,1020.0,1065.0,2917123,1031.0,1005.2,1042.85
2026-06-01,3324,1085.0,1165.0,1080.0,1145.0,6075499,1058.0,1021.5,1040.6
2026-06-02,3324,1155.0,1220.0,1135.0,1165.0,7263935,1083.0,1041.4,1040.35
2026-06-03,3324,1210.0,1280.0,1190.0,1280.0,9226481,1132.0,1075.5,1049.1
2026-06-04,3324,1265.0,1295.0,1180.0,1185.0,7020883,1168.0,1094.0,1054.85
2026-06-05,3324,1165.0,1165.0,1080.0,1110.0,4595986,1177.0,1104.0,1057.1
2026-06-08,3324,1000.0,1100.0,1000.0,1095.0,3434311,1167.0,1112.5,1058.35
2026-06-09,3324,1120.0,1125.0,1055.0,1110.0,4040875,1156.0,1119.5,1060.85
2026-06-10,3324,1070.0,1075.0,1010.0,1010.0,4123637,1102.0,1117.0,1058.1
2026-06-11,3324,1000.0,1030.0,961.0,998.0,3259083,1064.6,1116.3,1057.25
2026-06-12,3324,1050.0,1065.0,1020.0,1055.0,2241949,1053.6,1115.3,1060.25
2026-06-15,3324,1085.0,1090.0,1050.0,1055.0,1992707,1045.6,1106.3,1063.9
2026-06-16,3324,1070.0,1075.0,1050.0,1050.0,1283875,1033.6,1094.8,1068.1
2026-06-17,3324,1035.0,1065.0,1030.0,1050.0,1439345,1041.6,1071.8,1073.65
2026-06-18,3324,1065.0,1085.0,1055.0,1070.0,1440386,1056.0,1060.3,1077.15
2026-06-22,3324,1095.0,1105.0,1070.0,1075.0,2296215,1060.0,1056.8,1080.4
2026-06-23,3324,1075.0,1080.0,1025.0,1025.0,2338535,1054.0,1049.8,1081.15
2026-06-24,3324,1000.0,1065.0,995.0,1055.0,2090705,1055.0,1044.3,1081.9
2026-06-25,3324,1070.0,1075.0,1010.0,1010.0,2172002,1047.0,1044.3,1080.65
2026-06-26,3324,1005.0,1005.0,968.0,970.0,2816203,1027.0,1041.5,1078.9
2026-06-29,3324,974.0,1010.0,974.0,995.0,1376509,1011.0,1035.5,1075.4
2026-06-30,3324,1010.0,1035.0,1000.0,1010.0,2637258,1008.0,1031.0,1068.65
2026-07-01,3324,1025.0,1040.0,1000.0,1010.0,1917818,999.0,1027.0,1060.9
2026-07-02,3324,994.0,1040.0,977.0,1040.0,2354140,1005.0,1026.0,1048.9
2026-07-03,3324,1020.0,1030.0,1010.0,1020.0,1394228,1015.0,1021.0,1040.65
2026-07-06,3324,1035.0,1035.0,1005.0,1010.0,1143386,1018.0,1014.5,1035.65
2026-07-07,3324,1005.0,1020.0,960.0,970.0,2392143,1010.0,1009.0,1029.4
2026-07-08,3324,960.0,960.0,904.0,925.0,3639441,993.0,996.0,1020.15
2026-07-09,3324,932.0,942.0,920.0,920.0,1498090,969.0,987.0,1015.65
2026-07-13,3324,921.0,924.0,896.0,905.0,1243607,946.0,980.5,1011.0
2026-07-14,3324,899.0,904.0,819.0,864.0,2494834,916.8,967.4,1001.45
2026-07-15,3324,872.0,905.0,872.0,896.0,1083883,902.0,956.0,993.5
2026-07-16,3324,905.0,922.0,885.0,902.0,1558141,897.4,945.2,986.1
2026-07-17,3324,879.0,930.0,869.0,913.0,3918811,896.0,932.5,979.25
2026-07-20,3324,913.0,918.0,831.0,858.0,2399275,886.6,916.3,968.65
2026-07-21,3324,873.0,930.0,870.0,926.0,2021916,899.0,907.9,961.2
2026-07-22,3324,937.0,948.0,907.0,908.0,1920876,901.4,901.7,955.35
2026-07-23,3324,928.0,959.0,922.0,923.0,3239879,905.6,901.5,948.75
2026-07-24,3324,916.0,990.0,906.0,943.0,4342842,911.6,903.8,945.4
2026-07-27,3324,943.0,943.0,890.0,930.0,1831325,926.0,906.3,943.4
2026-07-28,3324,878.0,893.0,867.0,870.0,2051838,914.8,906.9,937.15
2026-07-29,3324,864.0,894.0,816.0,855.0,3259500,904.2,902.8,929.4
2026-07-30,3324,834.0,872.0,810.0,820.0,2139384,883.6,894.6,919.9
2026-07-31,3324,894.0,902.0,887.0,902.0,1627617,875.4,893.5,913.0
2026-08-03,3324,907.0,985.0,907.0,944.0,2906260,878.2,902.1,909.2
2026-08-04,3324,950.0,983.0,939.0,944.0,2390396,893.0,903.9,905.9
2026-08-05,3324,974.0,995.0,965.0,965.0,2637990,915.0,909.6,905.65
2026-08-06,3324,1020.0,1060.0,1000.0,1060.0,7690164,963.0,923.3,912.4
2026-08-07,3324,1060.0,1075.0,1000.0,1015.0,4609452,985.6,930.5,917.15
2026-08-10,3324,1025.0,1080.0,1005.0,1010.0,3460516,998.8,938.5,922.4
2026-08-11,3324,1015.0,1050.0,1000.0,1045.0,2336940,1019.0,956.0,931.45
2026-08-12,3324,1035.0,1070.0,1035.0,1050.0,2014910,1036.0,975.5,939.15
2026-08-13,3324,1065.0,1080.0,1025.0,1035.0,4531135,1031.0,997.0,945.8
2026-08-14,3324,1050.0,1050.0,1005.0,1010.0,2160468,1030.0,1007.8,950.65
2026-08-17,3324,1015.0,1035.0,1000.0,1005.0,1511677,1029.0,1013.9,958.0
2026-08-18,3324,1015.0,1020.0,978.0,978.0,1655266,1015.6,1017.3,960.6
2026-08-19,3324,962.0,1005.0,955.0,989.0,1541613,1003.4,1019.7,964.65
2026-08-20,3324,1000.0,1005.0,970.0,993.0,1248698,995.0,1013.0,968.15
2026-08-21,3324,987.0,991.0,965.0,969.0,1195617,986.8,1008.4,969.45
2026-08-24,3324,973.0,1050.0,970.0,1015.0,2610664,988.8,1008.9,973.7
2026-08-25,3324,1005.0,1075.0,993.0,1065.0,4011479,1006.2,1010.9,983.45
2026-08-26,3324,1070.0,1085.0,1055.0,1075.0,3898741,1023.4,1013.4,994.45
2026-08-27,3324,1080.0,1120.0,1055.0,1060.0,4185697,1036.8,1015.9,1006.45
2026-08-28,3324,1075.0,1155.0,1075.0,1140.0,6469042,1071.0,1028.9,1018.35
2026-08-31,3324,1130.0,1250.0,1125.0,1250.0,9673341,1118.0,1053.4,1033.65
2026-09-01,3324,1300.0,1375.0,1300.0,1375.0,9282828,1180.0,1093.1,1055.2
2026-09-02,3324,1375.0,1465.0,1370.0,1435.0,11001859,1252.0,1137.7,1078.7
2026-09-03,3324,1435.0,1455.0,1320.0,1350.0,2235101,1310.0,1173.4,1093.2
2026-09-04,3324,1465.0,1485.0,1410.0,1485.0,3081121,1379.0,1225.0,1116.7
2026-09-07,3324,1505.0,1505.0,1425.0,1440.0,2118477,1417.0,1267.5,1138.2
2026-09-08,3324,1425.0,1425.0,1300.0,1340.0,2306103,1410.0,1295.0,1152.95
2026-09-09,3324,1375.0,1400.0,1320.0,1385.0,1436893,1400.0,1326.0,1169.7
2026-09-10,3324,1355.0,1440.0,1355.0,1440.0,803261,1418.0,1364.0,1189.95
2026-09-11,3324,1400.0,1405.0,1325.0,1360.0,1080574,1393.0,1386.0,1207.45
2026-09-14,3324,1335.0,1355.0,1280.0,1305.0,948015,1366.0,1391.5,1222.45
2026-09-15,3324,1310.0,1365.0,1240.0,1260.0,4312127,1350.0,1380.0,1236.55
2026-09-16,3324,1275.0,1375.0,1255.0,1360.0,4834419,1345.0,1372.5,1255.1
2026-09-17,3324,1375.0,1460.0,1335.0,1385.0,6498032,1334.0,1376.0,1274.7
2026-09-18,3324,1480.0,1515.0,1420.0,1480.0,8418099,1358.0,1375.5,1300.25
2026-09-21,3324,1500.0,1535.0,1460.0,1520.0,4072868,1401.0,1383.5,1325.5
2026-09-22,3324,1580.0,1630.0,1545.0,1600.0,5557781,1469.0,1409.5,1352.25
2026-09-23,3324,1605.0,1630.0,1555.0,1595.0,4107062,1516.0,1430.5,1378.25
2026-09-24,3324,1595.0,1750.0,1590.0,1710.0,6451510,1581.0,1457.5,1410.75
2026-02-23,3105,270.0,270.5,266.5,270.5,37644216,,,
2026-02-24,3105,274.5,297.5,274.0,297.5,15291945,,,
2026-02-25,3105,319.0,325.5,306.5,322.0,40259686,,,
2026-02-26,3105,331.0,348.5,321.0,338.0,43275611,,,
2026-03-02,3105,331.0,354.0,330.0,331.5,37580369,311.9,,
2026-03-03,3105,341.0,352.5,309.0,326.0,12600132,323.0,,
2026-03-04,3105,310.0,310.5,293.5,293.5,12088698,322.2,,
2026-03-05,3105,311.0,315.5,282.5,300.0,8084795,317.8,,
2026-03-06,3105,289.0,305.0,289.0,298.5,3803282,309.9,,
2026-03-09,3105,269.0,269.0,269.0,269.0,2858930,297.4,304.65,
2026-03-10,3105,281.0,281.0,260.0,272.0,7953975,286.6,304.8,
2026-03-11,3105,283.0,299.0,283.0,299.0,7172398,287.7,304.95,
2026-03-12,3105,295.0,321.0,295.0,306.5,7821429,289.0,303.4,
2026-03-13,3105,297.0,315.0,297.0,313.0,4980342,291.9,300.9,
2026-03-16,3105,314.0,314.0,300.5,303.5,7437443,298.8,298.1,
2026-03-17,3105,303.0,316.5,290.5,293.5,25842962,303.1,294.85,
2026-03-18,3105,302.0,322.5,298.0,322.5,23588902,307.8,297.75,
2026-03-19,3105,332.5,354.5,332.0,354.5,44153671,317.4,303.2,
2026-03-20,3105,372.0,381.0,340.0,344.0,62153027,323.6,307.75,
2026-03-23,3105,313.5,332.0,311.0,315.0,28406033,325.9,312.35,308.5
2026-03-24,3105,330.0,334.5,306.0,313.5,37867086,329.9,316.5,310.65
2026-03-25,3105,344.5,344.5,344.5,344.5,5358592,334.3,321.05,313.0
2026-03-26,3105,350.0,377.5,348.5,358.5,47694304,335.1,326.25,314.825
2026-03-27,3105,343.0,387.5,340.0,382.5,60854277,342.8,333.2,317.05
2026-03-30,3105,373.0,397.5,358.5,390.5,52926924,357.9,341.9,320.0
2026-03-31,3105,372.5,385.5,351.5,351.5,50309134,365.5,347.7,321.275
2026-04-01,3105,375.0,385.0,370.0,376.5,49497421,371.9,353.1,325.425
2026-04-02,3105,384.0,404.0,374.0,376.0,59229604,375.4,355.25,329.225
2026-04-07,3105,396.5,413.0,391.0,407.0,37457551,380.3,361.55,334.65
2026-04-08,3105,430.5,445.0,424.5,440.0,40094354,390.2,374.05,343.2
2026-04-09,3105,443.5,453.5,431.5,436.0,33459066,407.1,386.3,351.4
2026-04-10,3105,447.0,474.0,434.0,464.0,48045837,424.6,398.25,359.65
2026-04-13,3105,466.0,481.0,458.0,458.0,34579202,441.0,408.2,367.225
2026-04-14,3105,468.0,472.0,437.0,457.0,34742955,451.0,415.65,374.425
2026-04-15,3105,459.0,472.0,444.0,446.5,31848526,452.3,421.25,381.575
2026-04-16,3105,448.0,491.0,447.5,490.5,51229921,463.2,435.15,391.425
2026-04-17,3105,511.0,539.0,503.0,539.0,29993418,478.2,451.4,402.25
2026-04-20,3105,546.0,592.0,539.0,592.0,42870386,505.0,473.0,414.125
2026-04-21,3105,625.0,637.0,585.0,617.0,54738249,537.0,494.0,427.775
2026-04-22,3105,615.0,626.0,598.0,600.0,28328078,567.7,510.0,442.025
2026-04-23,3105,612.0,622.0,540.0,560.0,52013798,581.6,522.4,454.35
2026-04-24,3105,576.0,604.0,533.0,547.0,51177734,583.2,530.7,464.475
2026-04-27,3105,555.0,560.0,492.5,492.5,28693600,563.3,534.15,471.175
2026-04-28,3105,493.5,512.0,484.0,499.5,33028046,539.8,538.4,477.025
2026-04-29,3105,499.5,516.0,491.0,502.0,15832071,520.2,543.95,482.6
2026-04-30,3105,530.0,552.0,528.0,536.0,29315001,515.4,548.5,491.825
2026-05-04,3105,553.0,557.0,510.0,524.0,42680984,510.8,547.0,499.2
2026-05-05,3105,524.0,566.0,516.0,555.0,35735187,523.3,543.3,508.15
2026-05-06,3105,555.0,556.0,499.5,500.0,44321529,523.4,531.6,512.8
2026-05-07,3105,496.0,522.0,473.0,500.0,39417631,523.0,521.6,515.8
2026-05-08,3105,494.5,518.0,481.5,492.5,25292484,514.3,514.85,518.625
2026-05-11,3105,500.0,538.0,493.5,526.0,25292817,514.7,512.75,521.725
2026-05-12,3105,555.0,559.0,510.0,512.0,32042990,506.1,514.7,524.425
2026-05-13,3105,506.0,515.0,488.0,495.5,21286707,505.2,514.3,526.35
2026-05-14,3105,503.0,504.0,482.0,483.5,20779188,501.9,512.45,528.2
2026-05-15,3105,490.0,492.5,452.0,458.5,28148641,495.1,504.7,526.6
2026-05-18,3105,448.0,461.0,436.0,450.5,17645122,480.0,497.35,522.175
2026-05-19,3105,450.5,473.0,446.5,456.5,18529101,468.9,487.5,515.4
2026-05-20,3105,459.5,478.0,442.5,446.5,28369839,459.1,482.15,506.875
2026-05-21,3105,459.5,489.0,456.5,483.0,24546474,459.0,480.45,501.025
2026-05-22,3105,506.0,531.0,499.5,531.0,28968844,473.5,484.3,499.575
2026-05-25,3105,551.0,565.0,538.0,543.0,42354061,492.0,486.0,499.375
2026-05-26,3105,551.0,562.0,517.0,562.0,33746431,513.1,491.0,502.85
2026-05-27,3105,571.0,588.0,545.0,560.0,48184495,535.8,497.45,505.875
2026-05-28,3105,558.0,582.0,520.0,528.0,48753688,544.8,501.9,507.175
2026-05-29,3105,542.0,544.0,516.0,527.0,26012181,544.0,508.75,506.725
2026-06-01,3105,528.0,546.0,522.0,530.0,23881951,541.4,516.7,507.025
2026-06-02,3105,538.0,554.0,515.0,519.0,33278775,532.8,522.95,505.225
2026-06-03,3105,545.0,564.0,508.0,515.0,40450723,523.8,529.8,505.975
2026-06-04,3105,515.0,533.0,486.0,487.5,28501055,515.7,530.25,505.35
2026-06-05,3105,486.5,498.0,451.0,483.5,30445072,507.0,525.5,504.9
2026-06-08,3105,435.5,461.5,435.5,451.5,20983500,491.3,516.35,501.175
2026-06-09,3105,462.0,496.5,454.5,496.5,15424546,486.8,509.8,500.4
2026-06-10,3105,493.5,524.0,476.0,478.0,35496681,479.4,501.6,499.525
2026-06-11,3105,497.5,503.0,460.5,481.5,20255974,478.2,496.95,499.425
2026-06-12,3105,513.0,516.0,496.5,505.0,17931949,482.5,494.75,501.75
2026-06-15,3105,524.0,528.0,499.5,511.0,23766586,494.4,492.85,504.775
2026-06-16,3105,515.0,525.0,493.0,493.0,21684549,493.7,490.25,506.6
2026-06-17,3105,488.0,520.0,481.0,519.0,22465486,501.9,490.65,510.225
2026-06-18,3105,522.0,557.0,521.0,528.0,40139349,511.2,494.7,512.475
2026-06-22,3105,545.0,550.0,522.0,541.0,28073339,518.4,500.45,512.975
2026-06-23,3105,531.0,573.0,522.0,522.0,41748072,520.6,507.5,511.925
2026-06-24,3105,516.0,516.0,472.0,478.0,38525876,517.6,505.65,507.725
2026-06-25,3105,486.5,486.5,458.0,463.0,21419879,506.4,504.15,502.875
2026-06-26,3105,458.0,463.5,421.0,424.0,33903540,485.6,498.4,497.675
2026-06-29,3105,416.0,427.5,399.0,412.0,25732281,459.8,489.1,491.925
2026-06-30,3105,423.0,434.5,412.5,426.0,18516932,440.6,480.6,486.725
2026-07-01,3105,436.0,439.5,415.5,417.5,16197389,428.5,473.05,481.65
2026-07-02,3105,404.0,411.0,399.5,411.0,12887596,418.1,462.25,476.45
2026-07-03,3105,408.0,422.0,400.5,411.0,17409399,415.5,450.55,472.625
2026-07-06,3105,422.0,435.5,407.0,421.0,17274395,417.3,438.55,469.5
2026-07-07,3105,424.0,447.5,400.5,409.5,35377424,414.0,427.3,467.4
2026-07-08,3105,411.0,421.5,400.0,413.5,16651881,413.2,420.85,463.25
2026-07-09,3105,418.0,427.0,405.5,406.0,13207457,412.2,415.15,459.65
2026-07-13,3105,412.0,418.0,400.5,403.0,13034963,410.6,413.05,455.725
2026-07-14,3105,401.0,404.5,363.0,378.5,22301594,402.1,409.7,449.4
2026-07-15,3105,387.0,394.0,379.0,386.0,14873333,397.4,405.7,443.15
2026-07-16,3105,380.5,381.0,364.5,369.0,11076373,388.5,400.85,436.95
2026-07-17,3105,344.5,350.0,332.5,332.5,13974379,373.8,393.0,427.625
2026-07-20,3105,325.5,336.0,302.5,313.5,19712763,355.9,383.25,416.9
2026-07-21,3105,322.0,340.0,319.5,339.5,11351900,348.1,375.1,406.825
2026-07-22,3105,360.0,373.0,356.0,359.0,15463637,342.7,370.05,398.675
2026-07-23,3105,361.5,385.0,354.0,364.5,22171020,341.8,365.15,393.0
2026-07-24,3105,354.0,371.5,337.5,341.5,20817849,343.6,358.7,386.925
2026-07-27,3105,313.5,368.0,307.5,355.0,37397591,351.9,353.9,383.475
2026-07-28,3105,336.0,349.5,322.5,323.0,23506032,348.6,348.35,379.025
2026-07-29,3105,326.5,333.0,291.0,291.0,28296335,335.0,338.85,372.275
2026-07-30,3105,276.5,301.0,262.0,268.0,25773046,315.7,328.75,364.8
2026-07-31,3105,294.0,294.5,280.0,294.5,14988185,306.3,324.95,358.975
2026-08-03,3105,298.5,320.5,298.5,311.0,18433072,297.5,324.7,353.975
2026-08-04,3105,320.0,342.0,313.5,342.0,19015702,301.3,324.95,350.025
2026-08-05,3105,376.0,376.0,376.0,376.0,2862561,318.3,326.65,348.35
2026-08-06,3105,378.0,394.0,365.5,382.0,41008384,341.1,328.4,346.775
2026-08-07,3105,384.5,394.5,359.5,366.0,23872604,355.4,330.85,344.775
2026-08-10,3105,379.0,401.0,374.0,385.5,25703158,370.3,333.9,343.9
2026-08-11,3105,377.5,382.5,361.5,371.0,16830059,376.1,338.7,343.525
2026-08-12,3105,372.0,408.0,370.5,400.0,30375615,380.9,349.6,344.225
2026-08-13,3105,406.5,417.5,383.0,387.0,39599877,381.9,361.5,345.125
2026-08-14,3105,389.0,389.5,375.0,378.0,15209920,384.3,369.85,347.4
2026-08-17,3105,391.0,404.5,388.5,398.0,25290270,386.8,378.55,351.625
2026-08-18,3105,400.0,406.0,373.5,374.5,28852069,387.5,381.8,353.375
2026-08-19,3105,353.5,374.0,351.0,363.5,17947311,380.2,380.55,353.6
2026-08-20,3105,370.0,379.0,359.5,379.0,15797053,378.6,380.25,354.325
2026-08-21,3105,377.0,385.5,365.5,373.0,22049298,377.6,380.95,355.9
2026-08-24,3105,370.5,372.5,355.0,355.0,12164169,369.0,377.9,355.9
2026-08-25,3105,350.5,381.5,349.5,379.0,16441553,369.9,378.7,358.7
2026-08-26,3105,378.0,405.0,374.0,405.0,32598964,378.2,379.2,364.4
2026-08-27,3105,413.0,445.5,412.0,445.5,37532390,391.5,385.05,373.275
2026-08-28,3105,449.5,461.5,434.5,439.0,49190657,404.7,391.15,380.5
2026-08-31,3105,434.5,471.0,425.0,447.5,51770736,423.2,396.1,387.325
2026-09-01,3105,448.5,492.0,444.0,492.0,56845208,445.8,407.85,394.825
2026-09-02,3105,484.0,492.0,468.0,469.5,41973805,458.7,418.45,399.5
2026-09-03,3105,478.0,490.0,440.0,446.5,41028057,458.9,425.2,402.725
2026-09-04,3105,465.0,465.0,438.5,449.5,24240777,461.0,432.85,406.9
2026-09-07,3105,453.5,463.0,446.5,450.5,19649017,461.6,442.4,410.15
2026-09-08,3105,457.0,458.0,440.0,441.5,17327103,451.5,448.65,413.675
2026-09-09,3105,462.0,478.0,457.5,464.0,36406744,450.4,454.55,416.875
2026-09-10,3105,462.5,465.0,452.0,461.5,15187006,453.4,456.15,420.6
2026-09-11,3105,449.5,450.0,435.0,437.5,14614190,451.0,456.0,423.575
2026-09-14,3105,423.0,451.0,420.0,444.0,13606699,449.7,455.65,425.875
2026-09-15,3105,447.5,476.0,445.5,454.0,35941582,452.2,451.85,429.85
2026-09-16,3105,469.0,473.0,454.0,472.5,29234902,453.9,452.15,435.3
2026-09-17,3105,482.0,507.0,469.0,471.0,47614133,455.8,454.6,439.9
2026-09-18,3105,487.5,502.0,467.0,500.0,44401092,468.3,459.65,446.25
2026-09-21,3105,497.0,504.0,486.0,490.5,23656194,477.6,463.65,453.025
2026-09-22,3105,501.0,515.0,489.0,501.0,33954584,487.0,469.6,459.125
2026-09-23,3105,507.0,518.0,486.5,497.0,27447172,491.9,472.9,463.725
2026-09-24,3105,495.5,506.0,482.0,502.0,21692103,498.1,476.95,466.55
2026-02-23,3653,3365.0,3365.0,3075.0,3080.0,2198920,,,
2026-02-24,3653,3125.0,3125.0,2910.0,2940.0,2150844,,,
2026-02-25,3653,2990.0,3145.0,2925.0,3130.0,1858827,,,
2026-02-26,3653,3120.0,3190.0,3055.0,3120.0,1292986,,,
2026-03-02,3653,3045.0,3120.0,2980.0,3045.0,1014337,3063.0,,
2026-03-03,3653,3060.0,3165.0,3025.0,3040.0,1255200,3055.0,,
2026-03-04,3653,2960.0,2975.0,2855.0,2880.0,1459543,3043.0,,
2026-03-05,3653,3035.0,3160.0,3035.0,3140.0,1846870,3045.0,,
2026-03-06,3653,3250.0,3450.0,3155.0,3415.0,4048300,3104.0,,
2026-03-09,3653,3075.0,3270.0,3075.0,3180.0,2893688,3131.0,3097.0,
2026-03-10,3653,3450.0,3495.0,3360.0,3495.0,2743045,3222.0,3138.5,
2026-03-11,3653,3475.0,3545.0,3375.0,3485.0,3220181,3343.0,3193.0,
2026-03-12,3653,3450.0,3450.0,3310.0,3440.0,2167226,3403.0,3224.0,
2026-03-13,3653,3410.0,3420.0,3225.0,3245.0,2263723,3369.0,3236.5,
2026-03-16,3653,3285.0,3520.0,3270.0,3390.0,1809148,3411.0,3271.0,
2026-03-17,3653,3520.0,3725.0,3500.0,3725.0,1783263,3457.0,3339.5,
2026-03-18,3653,3970.0,4020.0,3865.0,3980.0,2068959,3556.0,3449.5,
2026-03-19,3653,3905.0,4055.0,3875.0,3900.0,1229615,3648.0,3525.5,
2026-03-20,3653,3910.0,3920.0,3810.0,3850.0,1149545,3769.0,3569.0,
2026-03-23,3653,3605.0,3895.0,3605.0,3850.0,1335878,3861.0,3636.0,3366.5
2026-03-24,3653,4090.0,4195.0,3950.0,3950.0,2080424,3906.0,3681.5,3410.0
2026-03-25,3653,4150.0,4170.0,3910.0,3945.0,1119596,3899.0,3727.5,3460.25
2026-03-26,3653,3945.0,4060.0,3870.0,3940.0,1294550,3907.0,3777.5,3500.75
2026-03-27,3653,3840.0,4090.0,3840.0,4040.0,1269685,3945.0,3857.0,3546.75
2026-03-30,3653,3970.0,4080.0,3820.0,3890.0,1272254,3953.0,3907.0,3589.0
2026-03-31,3653,3850.0,3970.0,3745.0,3795.0,1995849,3922.0,3914.0,3626.75
2026-04-01,3653,3980.0,4050.0,3950.0,3950.0,1416825,3923.0,3911.0,3680.25
2026-04-02,3653,4055.0,4065.0,3710.0,3710.0,1635526,3877.0,3892.0,3708.75
2026-04-07,3653,3850.0,3850.0,3610.0,3760.0,1859509,3821.0,3883.0,3726.0
2026-04-08,3653,3950.0,4045.0,3925.0,4010.0,1649302,3845.0,3899.0,3767.5
2026-04-09,3653,4160.0,4270.0,3980.0,4240.0,1612721,3934.0,3928.0,3804.75
2026-04-10,3653,4240.0,4290.0,4010.0,4125.0,1546069,3969.0,3946.0,3836.75
2026-04-13,3653,4125.0,4135.0,4000.0,4045.0,794823,4036.0,3956.5,3867.0
2026-04-14,3653,4100.0,4135.0,4000.0,4000.0,852925,4084.0,3952.5,3904.75
2026-04-15,3653,4015.0,4160.0,3980.0,4155.0,1185531,4113.0,3979.0,3943.0
2026-04-16,3653,4300.0,4430.0,4165.0,4380.0,1568897,4141.0,4037.5,3975.75
2026-04-17,3653,4425.0,4720.0,4375.0,4565.0,1407455,4229.0,4099.0,4005.0
2026-04-20,3653,4750.0,5020.0,4700.0,5020.0,1237358,4424.0,4230.0,4061.0
2026-04-21,3653,5200.0,5520.0,5135.0,5370.0,1623127,4698.0,4391.0,4137.0
2026-04-22,3653,5500.0,5570.0,5300.0,5410.0,1061369,4949.0,4531.0,4215.0
2026-04-23,3653,5555.0,5685.0,5150.0,5310.0,1475527,5135.0,4638.0,4283.0
2026-04-24,3653,5500.0,5575.0,5260.0,5370.0,469524,5296.0,4762.5,4354.25
2026-04-27,3653,5500.0,5500.0,4920.0,4960.0,574108,5284.0,4854.0,4405.25
2026-04-28,3653,4905.0,5000.0,4870.0,4950.0,499182,5200.0,4949.0,4450.75
2026-04-29,3653,4980.0,5445.0,4980.0,5445.0,468659,5207.0,5078.0,4528.5
2026-04-30,3653,5405.0,5435.0,5305.0,5380.0,417950,5221.0,5178.0,4607.75
2026-05-04,3653,5265.0,5320.0,5210.0,5300.0,342059,5207.0,5251.5,4675.25
2026-05-05,3653,5200.0,5200.0,4780.0,4780.0,1333464,5171.0,5227.5,4728.75
2026-05-06,3653,4305.0,4305.0,4305.0,4305.0,920109,5042.0,5121.0,4756.0
2026-05-07,3653,3875.0,3875.0,3875.0,3875.0,1885313,4728.0,4967.5,4749.25
2026-05-08,3653,3775.0,4010.0,3490.0,3650.0,5820794,4382.0,4801.5,4719.75
2026-05-11,3653,3710.0,4015.0,3700.0,4015.0,4163150,4125.0,4666.0,4714.25
2026-05-12,3653,4050.0,4150.0,3865.0,3920.0,3524136,3953.0,4562.0,4708.0
2026-05-13,3653,3800.0,3800.0,3530.0,3530.0,1282165,3798.0,4420.0,4684.5
2026-05-14,3653,3640.0,3640.0,3310.0,3365.0,1062721,3696.0,4212.0,4645.0
2026-05-15,3653,3365.0,3470.0,3350.0,3465.0,816195,3659.0,4020.5,4599.25
2026-05-18,3653,3305.0,3345.0,3200.0,3270.0,1062497,3510.0,3817.5,4534.5
2026-05-19,3653,3260.0,3260.0,2995.0,3090.0,1137582,3344.0,3648.5,4438.0
2026-05-20,3653,3010.0,3030.0,2800.0,3030.0,1475086,3244.0,3521.0,4321.0
2026-05-21,3653,3280.0,3330.0,3220.0,3330.0,521459,3237.0,3466.5,4217.0
2026-05-22,3653,3505.0,3660.0,3475.0,3660.0,638947,3276.0,3467.5,4134.5
2026-05-25,3653,3750.0,3770.0,3700.0,3770.0,693208,3376.0,3443.0,4054.5
2026-05-26,3653,3830.0,3830.0,3670.0,3670.0,692286,3492.0,3418.0,3990.0
2026-05-27,3653,3795.0,4015.0,3650.0,3670.0,3139136,3620.0,3432.0,3926.0
2026-05-28,3653,3700.0,3830.0,3460.0,3500.0,2199582,3654.0,3445.5,3828.75
2026-05-29,3653,3580.0,3600.0,3415.0,3545.0,2343319,3631.0,3453.5,3737.0
2026-06-01,3653,3550.0,3895.0,3550.0,3840.0,2419419,3645.0,3510.5,3664.0
2026-06-02,3653,3995.0,4165.0,3880.0,3990.0,2994152,3709.0,3600.5,3624.5
2026-06-03,3653,4040.0,4210.0,3860.0,3905.0,1925173,3756.0,3688.0,3604.5
2026-06-04,3653,3800.0,3875.0,3695.0,3730.0,1442589,3802.0,3728.0,3597.25
2026-06-05,3653,3550.0,3680.0,3460.0,3620.0,1169958,3817.0,3724.0,3595.75
2026-06-08,3653,3260.0,3860.0,3260.0,3820.0,2195430,3813.0,3729.0,3586.0
2026-06-09,3653,3915.0,4060.0,3855.0,3935.0,2263039,3802.0,3755.5,3586.75
2026-06-10,3653,3800.0,4000.0,3740.0,3800.0,2153645,3781.0,3768.5,3600.25
2026-06-11,3653,3800.0,3860.0,3420.0,3620.0,2496268,3759.0,3780.5,3613.0
2026-06-12,3653,3755.0,3820.0,3495.0,3690.0,1850384,3773.0,3795.0,3624.25
2026-06-15,3653,3800.0,3970.0,3775.0,3835.0,1451242,3776.0,3794.5,3652.5
2026-06-16,3653,3940.0,3950.0,3765.0,3785.0,1083519,3746.0,3774.0,3687.25
2026-06-17,3653,3730.0,3990.0,3720.0,3990.0,1554824,3784.0,3782.5,3735.25
2026-06-18,3653,3990.0,4230.0,3935.0,3965.0,2001751,3853.0,3806.0,3767.0
2026-06-22,3653,4015.0,4030.0,3820.0,3840.0,1448778,3883.0,3828.0,3776.0
2026-06-23,3653,3925.0,3965.0,3800.0,3840.0,1032686,3884.0,3830.0,3779.5
2026-06-24,3653,3790.0,3815.0,3555.0,3640.0,2301864,3855.0,3800.5,3778.0
2026-06-25,3653,3685.0,3690.0,3375.0,3390.0,2805528,3735.0,3759.5,3764.0
2026-06-26,3653,3385.0,3525.0,3380.0,3405.0,1905135,3623.0,3738.0,3759.25
2026-06-29,3653,3470.0,3480.0,3280.0,3320.0,1116741,3519.0,3701.0,3748.0
2026-06-30,3653,3400.0,3485.0,3370.0,3430.0,768655,3437.0,3660.5,3727.5
2026-07-01,3653,3540.0,3580.0,3395.0,3400.0,745081,3389.0,3622.0,3698.0
2026-07-02,3653,3320.0,3495.0,3245.0,3475.0,600976,3406.0,3570.5,3676.5
2026-07-03,3653,3360.0,3475.0,3310.0,3420.0,1138823,3409.0,3516.0,3661.0
2026-07-06,3653,3475.0,3475.0,3320.0,3320.0,756812,3409.0,3464.0,3646.0
2026-07-07,3653,3315.0,3355.0,3170.0,3195.0,1091256,3362.0,3399.5,3614.75
2026-07-08,3653,3305.0,3340.0,3120.0,3200.0,749763,3322.0,3355.5,3578.0
2026-07-09,3653,3280.0,3290.0,3180.0,3205.0,527813,3268.0,3337.0,3548.25
2026-07-13,3653,3200.0,3280.0,3080.0,3195.0,803353,3223.0,3316.0,3527.0
2026-07-14,3653,3205.0,3250.0,2990.0,3070.0,1077017,3173.0,3291.0,3496.0
2026-07-15,3653,3140.0,3310.0,3085.0,3280.0,970413,3190.0,3276.0,3468.25
2026-07-16,3653,3260.0,3470.0,3230.0,3395.0,1052764,3229.0,3275.5,3448.75
2026-07-17,3653,3260.0,3350.0,3150.0,3210.0,1110713,3230.0,3249.0,3409.75
2026-07-20,3653,3175.0,3280.0,3060.0,3200.0,1510316,3231.0,3227.0,3371.5
2026-07-21,3653,3205.0,3520.0,3205.0,3520.0,2017560,3321.0,3247.0,3355.5
2026-07-22,3653,3545.0,3615.0,3405.0,3500.0,2074379,3365.0,3277.5,3338.5
2026-07-23,3653,3615.0,3820.0,3600.0,3710.0,2190495,3428.0,3328.5,3342.0
2026-07-24,3653,3650.0,3690.0,3365.0,3430.0,1931238,3472.0,3351.0,3344.0
2026-07-27,3653,3475.0,3580.0,3420.0,3525.0,785394,3537.0,3384.0,3350.0
2026-07-28,3653,3370.0,3450.0,3300.0,3370.0,1632331,3507.0,3414.0,3352.5
2026-07-29,3653,3360.0,3510.0,3230.0,3310.0,2191298,3469.0,3417.0,3346.5
2026-07-30,3653,3150.0,3330.0,3100.0,3135.0,1698046,3354.0,3391.0,3333.25
2026-07-31,3653,3440.0,3445.0,3330.0,3445.0,915510,3357.0,3414.5,3331.75
2026-08-03,3653,3695.0,3785.0,3655.0,3770.0,1821608,3406.0,3471.5,3349.25
2026-08-04,3653,3710.0,4145.0,3710.0,4145.0,2786267,3561.0,3534.0,3390.5
2026-08-05,3653,4200.0,4430.0,4180.0,4340.0,3016143,3767.0,3618.0,3447.75
2026-08-06,3653,4295.0,4595.0,4230.0,4450.0,2141656,4030.0,3692.0,3510.25
2026-08-07,3653,4595.0,4600.0,4320.0,4380.0,1730866,4217.0,3787.0,3569.0
2026-08-10,3653,4470.0,4470.0,4050.0,4135.0,1452577,4290.0,3848.0,3616.0
2026-08-11,3653,4165.0,4170.0,3895.0,4065.0,1085610,4274.0,3917.5,3665.75
2026-08-12,3653,4125.0,4470.0,4125.0,4470.0,815990,4300.0,4033.5,3725.25
2026-08-13,3653,4500.0,4670.0,4415.0,4635.0,985672,4337.0,4183.5,3787.25
2026-08-14,3653,4695.0,4860.0,4530.0,4855.0,1318120,4432.0,4324.5,3869.5
2026-08-17,3653,5340.0,5340.0,5340.0,5340.0,1197711,4673.0,4481.5,3976.5
2026-08-18,3653,5370.0,5485.0,5120.0,5150.0,3457799,4890.0,4582.0,4058.0
2026-08-19,3653,4895.0,5540.0,4890.0,5460.0,2804186,5088.0,4694.0,4156.0
2026-08-20,3653,5605.0,5620.0,5335.0,5600.0,1922068,5281.0,4809.0,4250.5
2026-08-21,3653,5530.0,5560.0,5330.0,5395.0,1267177,5389.0,4910.5,4348.75
2026-08-24,3653,5280.0,5490.0,5110.0,5155.0,1962404,5352.0,5012.5,4430.25
2026-08-25,3653,5070.0,5205.0,4910.0,5205.0,1225543,5363.0,5126.5,4522.0
2026-08-26,3653,5155.0,5725.0,5140.0,5725.0,1732681,5416.0,5252.0,4642.75
2026-08-27,3653,5955.0,5980.0,5595.0,5645.0,1914739,5425.0,5353.0,4768.25
2026-08-28,3653,5750.0,5960.0,5690.0,5785.0,939998,5503.0,5446.0,4885.25
2026-08-31,3653,5710.0,6045.0,5690.0,5990.0,1749901,5670.0,5511.0,4996.25
2026-09-01,3653,6075.0,6095.0,5820.0,5885.0,981544,5806.0,5584.5,5083.25
2026-09-02,3653,5755.0,5850.0,5660.0,5770.0,1290114,5815.0,5615.5,5154.75
2026-09-03,3653,5770.0,5820.0,5590.0,5615.0,902445,5809.0,5617.0,5213.0
2026-09-04,3653,5835.0,5995.0,5725.0,5875.0,943058,5827.0,5665.0,5287.75
2026-09-07,3653,6000.0,6000.0,5600.0,5655.0,802151,5760.0,5715.0,5363.75
2026-09-08,3653,5700.0,5720.0,5480.0,5550.0,990252,5693.0,5749.5,5438.0
2026-09-09,3653,5705.0,5845.0,5600.0,5760.0,1235699,5691.0,5753.0,5502.5
2026-09-10,3653,5735.0,5885.0,5705.0,5790.0,633019,5726.0,5767.5,5560.25
2026-09-11,3653,5650.0,5875.0,5615.0,5765.0,707675,5704.0,5765.5,5605.75
2026-09-14,3653,5580.0,5920.0,5500.0,5820.0,988731,5737.0,5748.5,5629.75
2026-09-15,3653,5735.0,5765.0,5240.0,5310.0,2469366,5689.0,5691.0,5637.75
2026-09-16,3653,5320.0,5540.0,5210.0,5240.0,1608326,5585.0,5638.0,5626.75
2026-09-17,3653,5400.0,5605.0,5320.0,5355.0,970920,5498.0,5612.0,5614.5
2026-09-18,3653,5520.0,5650.0,5415.0,5525.0,1052328,5450.0,5577.0,5621.0
2026-09-21,3653,5765.0,5890.0,5700.0,5790.0,972711,5444.0,5590.5,5652.75
2026-09-22,3653,5985.0,6050.0,5780.0,5830.0,916002,5548.0,5618.5,5684.0
2026-09-23,3653,6005.0,6410.0,5930.0,6410.0,1525519,5782.0,5683.5,5718.25
2026-09-24,3653,6560.0,6920.0,6215.0,6920.0,2756489,6095.0,5796.5,5782.0
2026-02-23,3017,1650.0,1650.0,1515.0,1520.0,6287420,,,
2026-02-24,3017,1535.0,1560.0,1510.0,1550.0,4176128,,,
2026-02-25,3017,1565.0,1695.0,1560.0,1675.0,8984346,,,
2026-02-26,3017,1680.0,1785.0,1665.0,1765.0,10544482,,,
2026-03-02,3017,1720.0,1800.0,1715.0,1765.0,5311930,1655.0,,
2026-03-03,3017,1830.0,1910.0,1780.0,1795.0,8804200,1710.0,,
2026-03-04,3017,1775.0,1795.0,1670.0,1750.0,6886787,1750.0,,
2026-03-05,3017,1860.0,1900.0,1795.0,1820.0,5484692,1779.0,,
2026-03-06,3017,1810.0,1885.0,1785.0,1845.0,4254526,1795.0,,
2026-03-09,3017,1665.0,1700.0,1665.0,1665.0,4090895,1775.0,1715.0,
2026-03-10,3017,1735.0,1745.0,1665.0,1695.0,6547366,1755.0,1732.5,
2026-03-11,3017,1740.0,1860.0,1740.0,1860.0,5418586,1777.0,1763.5,
2026-03-12,3017,1900.0,1955.0,1870.0,1875.0,6700536,1788.0,1783.5,
2026-03-13,3017,1855.0,1930.0,1815.0,1865.0,5993158,1792.0,1793.5,
2026-03-16,3017,1890.0,1920.0,1830.0,1830.0,4314909,1825.0,1800.0,
2026-03-17,3017,1870.0,1970.0,1860.0,1905.0,5606630,1867.0,1811.0,
2026-03-18,3017,1935.0,1955.0,1850.0,1850.0,5543887,1865.0,1821.0,
2026-03-19,3017,1835.0,2035.0,1835.0,2015.0,10256997,1893.0,1840.5,
2026-03-20,3017,2010.0,2060.0,1945.0,2050.0,6991270,1930.0,1861.0,
2026-03-23,3017,1985.0,2045.0,1955.0,1995.0,5032899,1963.0,1894.0,1804.5
2026-03-24,3017,2020.0,2030.0,1915.0,1945.0,6721340,1971.0,1919.0,1825.75
2026-03-25,3017,2020.0,2100.0,2015.0,2100.0,5596612,2021.0,1943.0,1853.25
2026-03-26,3017,2200.0,2310.0,2175.0,2275.0,8504254,2073.0,1983.0,1883.25
2026-03-27,3017,2200.0,2225.0,2120.0,2195.0,5491400,2102.0,2016.0,1904.75
2026-03-30,3017,2115.0,2155.0,2075.0,2135.0,3278469,2130.0,2046.5,1923.25
2026-03-31,3017,2100.0,2115.0,1945.0,1990.0,5757841,2139.0,2055.0,1933.0
2026-04-01,3017,2120.0,2135.0,2065.0,2110.0,4034786,2141.0,2081.0,1951.0
2026-04-02,3017,2140.0,2150.0,2065.0,2070.0,3100871,2100.0,2086.5,1963.5
2026-04-07,3017,2150.0,2175.0,2015.0,2030.0,4775019,2067.0,2084.5,1972.75
2026-04-08,3017,2200.0,2230.0,2150.0,2230.0,3868944,2086.0,2108.0,2001.0
2026-04-09,3017,2260.0,2290.0,2200.0,2235.0,4576820,2135.0,2137.0,2028.0
2026-04-10,3017,2305.0,2320.0,2230.0,2265.0,3201925,2166.0,2153.5,2048.25
2026-04-13,3017,2280.0,2280.0,2185.0,2200.0,3120709,2192.0,2146.0,2064.5
2026-04-14,3017,2260.0,2345.0,2260.0,2310.0,3772108,2248.0,2157.5,2086.75
2026-04-15,3017,2375.0,2375.0,2310.0,2325.0,3238805,2267.0,2176.5,2111.5
2026-04-16,3017,2380.0,2515.0,2365.0,2440.0,4611118,2308.0,2221.5,2138.25
2026-04-17,3017,2435.0,2485.0,2375.0,2400.0,3933545,2335.0,2250.5,2165.75
2026-04-20,3017,2410.0,2515.0,2395.0,2490.0,3547518,2393.0,2292.5,2189.5
2026-04-21,3017,2560.0,2585.0,2450.0,2565.0,4107167,2444.0,2346.0,2215.25
2026-04-22,3017,2585.0,2800.0,2580.0,2695.0,5151543,2518.0,2392.5,2250.25
2026-04-23,3017,2770.0,2875.0,2585.0,2680.0,6812966,2566.0,2437.0,2287.0
2026-04-24,3017,2770.0,2945.0,2760.0,2945.0,5243084,2675.0,2505.0,2329.25
2026-04-27,3017,2990.0,3010.0,2820.0,2835.0,6583986,2744.0,2568.5,2357.25
2026-04-28,3017,2885.0,2990.0,2755.0,2780.0,5933190,2787.0,2615.5,2386.5
2026-04-29,3017,2735.0,2895.0,2735.0,2835.0,4122743,2815.0,2666.5,2421.5
2026-04-30,3017,2840.0,2870.0,2805.0,2835.0,3420271,2846.0,2706.0,2463.75
2026-05-04,3017,2920.0,2975.0,2815.0,2885.0,3728835,2834.0,2754.5,2502.5
2026-05-05,3017,2815.0,2845.0,2655.0,2705.0,8453094,2808.0,2776.0,2534.25
2026-05-06,3017,2680.0,2685.0,2435.0,2435.0,11438234,2739.0,2763.0,2554.5
2026-05-07,3017,2445.0,2500.0,2380.0,2415.0,11314013,2655.0,2735.0,2563.75
2026-05-08,3017,2405.0,2500.0,2350.0,2445.0,5937295,2577.0,2711.5,2574.25
2026-05-11,3017,2485.0,2590.0,2455.0,2555.0,6204661,2511.0,2672.5,2588.75
2026-05-12,3017,2625.0,2625.0,2520.0,2520.0,5010847,2474.0,2641.0,2604.75
2026-05-13,3017,2545.0,2625.0,2500.0,2585.0,6267261,2504.0,2621.5,2618.5
2026-05-14,3017,2700.0,2775.0,2555.0,2555.0,7168071,2532.0,2593.5,2630.0
2026-05-15,3017,2690.0,2735.0,2445.0,2455.0,6646560,2534.0,2555.5,2630.75
2026-05-18,3017,2350.0,2435.0,2300.0,2410.0,4751185,2505.0,2508.0,2631.25
2026-05-19,3017,2455.0,2470.0,2370.0,2390.0,3542685,2479.0,2476.5,2626.25
2026-05-20,3017,2425.0,2435.0,2325.0,2340.0,3568975,2430.0,2467.0,2615.0
2026-05-21,3017,2445.0,2515.0,2415.0,2495.0,3762794,2418.0,2475.0,2605.0
2026-05-22,3017,2550.0,2610.0,2470.0,2545.0,5501063,2436.0,2485.0,2598.25
2026-05-25,3017,2625.0,2640.0,2545.0,2575.0,5688149,2469.0,2487.0,2579.75
2026-05-26,3017,2590.0,2750.0,2570.0,2725.0,6239924,2536.0,2507.5,2574.25
2026-05-27,3017,2800.0,2835.0,2695.0,2700.0,4384212,2608.0,2519.0,2570.25
2026-05-28,3017,2740.0,2795.0,2540.0,2580.0,5097423,2625.0,2521.5,2557.5
2026-05-29,3017,2680.0,2730.0,2615.0,2665.0,9351169,2649.0,2542.5,2549.0
2026-06-01,3017,2705.0,2835.0,2705.0,2785.0,5090031,2691.0,2580.0,2544.0
2026-06-02,3017,2800.0,2835.0,2650.0,2700.0,4220815,2686.0,2611.0,2543.75
2026-06-03,3017,2750.0,2965.0,2700.0,2855.0,6908395,2717.0,2662.5,2564.75
2026-06-04,3017,2805.0,2820.0,2675.0,2710.0,4446507,2743.0,2684.0,2579.5
2026-06-05,3017,2680.0,2680.0,2505.0,2600.0,4900550,2730.0,2689.5,2587.25
2026-06-08,3017,2340.0,2570.0,2340.0,2570.0,4356915,2687.0,2689.0,2588.0
2026-06-09,3017,2575.0,2575.0,2440.0,2545.0,6361937,2656.0,2671.0,2589.25
2026-06-10,3017,2490.0,2505.0,2350.0,2360.0,5878553,2557.0,2637.0,2578.0
2026-06-11,3017,2340.0,2445.0,2260.0,2335.0,4531372,2482.0,2612.5,2567.0
2026-06-12,3017,2465.0,2480.0,2380.0,2405.0,2490291,2443.0,2586.5,2564.5
2026-06-15,3017,2475.0,2475.0,2410.0,2410.0,2107865,2411.0,2549.0,2564.5
2026-06-16,3017,2455.0,2470.0,2370.0,2370.0,3025487,2376.0,2516.0,2563.5
2026-06-17,3017,2365.0,2440.0,2330.0,2365.0,3829529,2377.0,2467.0,2564.75
2026-06-18,3017,2400.0,2425.0,2365.0,2400.0,3318114,2390.0,2436.0,2560.0
2026-06-22,3017,2465.0,2490.0,2380.0,2420.0,3254412,2393.0,2418.0,2553.75
2026-06-23,3017,2455.0,2475.0,2400.0,2425.0,3079821,2396.0,2403.5,2546.25
2026-06-24,3017,2355.0,2590.0,2335.0,2530.0,6494281,2428.0,2402.0,2536.5
2026-06-25,3017,2595.0,2635.0,2485.0,2505.0,3833150,2456.0,2416.5,2526.75
2026-06-26,3017,2475.0,2475.0,2255.0,2255.0,6567236,2427.0,2408.5,2510.5
2026-06-29,3017,2220.0,2315.0,2220.0,2300.0,3084014,2403.0,2398.0,2492.25
2026-06-30,3017,2380.0,2530.0,2370.0,2525.0,4835330,2423.0,2409.5,2479.25
2026-07-01,3017,2615.0,2665.0,2500.0,2620.0,5567033,2441.0,2434.5,2475.25
2026-07-02,3017,2565.0,2745.0,2525.0,2740.0,5061323,2488.0,2472.0,2469.5
2026-07-03,3017,2690.0,2780.0,2665.0,2760.0,4659120,2589.0,2508.0,2472.0
2026-07-06,3017,2790.0,2790.0,2615.0,2670.0,3733969,2663.0,2533.0,2475.5
2026-07-07,3017,2670.0,2670.0,2410.0,2450.0,4349877,2648.0,2535.5,2469.5
2026-07-08,3017,2425.0,2440.0,2290.0,2325.0,4441500,2589.0,2515.0,2458.5
2026-07-09,3017,2380.0,2435.0,2335.0,2350.0,2889551,2511.0,2499.5,2458.0
2026-07-13,3017,2420.0,2420.0,2210.0,2225.0,2704759,2404.0,2496.5,2452.5
2026-07-14,3017,2185.0,2220.0,2015.0,2120.0,4396274,2294.0,2478.5,2438.25
2026-07-15,3017,2140.0,2200.0,2120.0,2165.0,2129895,2237.0,2442.5,2426.0
2026-07-16,3017,2275.0,2290.0,2155.0,2225.0,4220745,2217.0,2403.0,2418.75
2026-07-17,3017,2160.0,2335.0,2145.0,2200.0,5543230,2187.0,2349.0,2410.5
2026-07-20,3017,2210.0,2240.0,2015.0,2135.0,4416999,2169.0,2286.5,2397.25
2026-07-21,3017,2190.0,2340.0,2175.0,2320.0,3736446,2209.0,2251.5,2392.25
2026-07-22,3017,2385.0,2390.0,2255.0,2265.0,4356001,2229.0,2233.0,2384.25
2026-07-23,3017,2350.0,2490.0,2350.0,2440.0,7157581,2272.0,2244.5,2379.75
2026-07-24,3017,2375.0,2510.0,2355.0,2380.0,4515686,2308.0,2247.5,2373.5
2026-07-27,3017,2375.0,2420.0,2310.0,2400.0,2367643,2361.0,2265.0,2380.75
2026-07-28,3017,2285.0,2325.0,2225.0,2240.0,3173558,2345.0,2277.0,2377.75
2026-07-29,3017,2225.0,2245.0,2020.0,2095.0,6379050,2311.0,2270.0,2356.25
2026-07-30,3017,2055.0,2200.0,2030.0,2110.0,4483632,2245.0,2258.5,2330.75
2026-07-31,3017,2320.0,2320.0,2275.0,2320.0,2498885,2233.0,2270.5,2309.75
2026-08-03,3017,2400.0,2550.0,2400.0,2550.0,4533982,2263.0,2312.0,2299.25
2026-08-04,3017,2595.0,2675.0,2560.0,2600.0,5548736,2335.0,2340.0,2295.75
2026-08-05,3017,2660.0,2775.0,2640.0,2730.0,5823988,2462.0,2386.5,2309.75
2026-08-06,3017,2730.0,2965.0,2730.0,2940.0,9418730,2628.0,2436.5,2340.5
2026-08-07,3017,2935.0,2935.0,2750.0,2785.0,4140360,2721.0,2477.0,2362.25
2026-08-10,3017,2865.0,2890.0,2755.0,2765.0,3326767,2764.0,2513.5,2389.25
2026-08-11,3017,2705.0,2800.0,2625.0,2760.0,3159103,2796.0,2565.5,2421.25
2026-08-12,3017,2765.0,2915.0,2755.0,2910.0,4218037,2832.0,2647.0,2458.5
2026-08-13,3017,3030.0,3200.0,2925.0,3200.0,10569479,2884.0,2756.0,2507.25
2026-08-14,3017,3250.0,3320.0,3170.0,3235.0,7354711,2974.0,2847.5,2559.0
2026-08-17,3017,3230.0,3230.0,3115.0,3150.0,3126245,3051.0,2907.5,2609.75
2026-08-18,3017,3150.0,3180.0,2990.0,3035.0,3613625,3106.0,2951.0,2645.5
2026-08-19,3017,2915.0,3160.0,2900.0,3095.0,3982151,3143.0,2987.5,2687.0
2026-08-20,3017,3175.0,3175.0,2925.0,2985.0,3219927,3100.0,2992.0,2714.25
2026-08-21,3017,2995.0,3035.0,2850.0,2865.0,2515057,3026.0,3000.0,2738.5
2026-08-24,3017,2865.0,2935.0,2830.0,2855.0,2274318,2967.0,3009.0,2761.25
2026-08-25,3017,2835.0,2950.0,2740.0,2950.0,2905308,2950.0,3028.0,2796.75
2026-08-26,3017,2880.0,3155.0,2850.0,3155.0,5242984,2962.0,3052.5,2849.75
2026-08-27,3017,3305.0,3440.0,3265.0,3340.0,6114908,3033.0,3066.5,2911.25
2026-08-28,3017,3360.0,3450.0,3320.0,3360.0,4035280,3132.0,3079.0,2963.25
2026-08-31,3017,3280.0,3425.0,3250.0,3425.0,4468442,3246.0,3106.5,3007.0
2026-09-01,3017,3435.0,3465.0,3350.0,3410.0,3084829,3338.0,3144.0,3047.5
2026-09-02,3017,3365.0,3490.0,3280.0,3310.0,3136748,3369.0,3165.5,3076.5
2026-09-03,3017,3395.0,3525.0,3290.0,3300.0,4418016,3361.0,3197.0,3094.5
2026-09-04,3017,3465.0,3570.0,3410.0,3570.0,4515440,3403.0,3267.5,3133.75
2026-09-07,3017,3595.0,3595.0,3410.0,3420.0,3303272,3402.0,3324.0,3166.5
2026-09-08,3017,3455.0,3455.0,3245.0,3285.0,3350997,3377.0,3357.5,3192.75
2026-09-09,3017,3285.0,3395.0,3265.0,3380.0,2364600,3391.0,3380.0,3216.25
2026-09-10,3017,3405.0,3470.0,3380.0,3460.0,2574023,3423.0,3392.0,3229.25
2026-09-11,3017,3360.0,3390.0,3300.0,3370.0,2111512,3383.0,3393.0,3236.0
2026-09-14,3017,3255.0,3360.0,3210.0,3310.0,2215371,3361.0,3381.5,3244.0
2026-09-15,3017,3265.0,3300.0,3100.0,3115.0,3217593,3327.0,3352.0,3248.0
2026-09-16,3017,3115.0,3225.0,3100.0,3175.0,2744795,3286.0,3338.5,3252.0
2026-09-17,3017,3285.0,3350.0,3175.0,3185.0,3034388,3231.0,3327.0,3262.0
2026-09-18,3017,3345.0,3450.0,3290.0,3430.0,3785048,3243.0,3313.0,3290.25
2026-09-21,3017,3480.0,3495.0,3365.0,3415.0,1743425,3264.0,3312.5,3318.25
2026-09-22,3017,3500.0,3505.0,3385.0,3390.0,2288258,3319.0,3323.0,3340.25
2026-09-23,3017,3425.0,3590.0,3410.0,3470.0,2649367,3378.0,3332.0,3356.0
2026-09-24,3017,3460.0,3600.0,3455.0,3555.0,2261001,3452.0,3341.5,3366.75
2026-02-23,2317,229.5,231.0,227.0,228.5,89438337,,,
2026-02-24,2317,229.5,232.5,228.0,232.0,68380419,,,
2026-02-25,2317,235.0,247.0,234.5,246.5,168289021,,,
2026-02-26,2317,253.5,253.5,241.5,243.0,122692650,,,
2026-03-02,2317,234.0,241.0,232.5,239.0,75106481,237.8,,
2026-03-03,2317,239.0,240.0,228.0,229.0,87819659,237.9,,
2026-03-04,2317,224.5,225.0,216.5,217.0,122301965,234.9,,
2026-03-05,2317,224.5,228.0,222.0,224.0,55660316,230.4,,
2026-03-06,2317,221.0,223.5,219.0,223.0,37319287,226.4,,
2026-03-09,2317,208.0,212.5,206.0,210.5,93407607,220.7,229.25,
2026-03-10,2317,216.0,216.5,209.5,209.5,69438646,216.8,227.35,
2026-03-11,2317,212.5,220.0,212.5,219.0,54702636,217.2,226.05,
2026-03-12,2317,217.0,218.5,213.0,214.5,45309134,215.3,222.85,
2026-03-13,2317,211.5,216.0,210.0,214.5,36890490,213.6,220.0,
2026-03-16,2317,216.0,217.5,214.0,216.5,38534463,214.8,217.75,
2026-03-17,2317,215.5,216.5,212.0,212.0,110777320,215.3,216.05,
2026-03-18,2317,212.5,213.5,210.0,210.0,77136445,213.5,215.35,
2026-03-19,2317,207.5,207.5,205.0,205.0,89096476,211.6,213.45,
2026-03-20,2317,203.5,205.0,200.5,203.0,92925929,209.3,211.45,
2026-03-23,2317,196.5,197.5,195.0,196.0,78470506,205.2,210.0,219.625
2026-03-24,2317,198.5,199.5,194.0,195.0,56280296,201.8,208.55,217.95
2026-03-25,2317,200.0,201.0,197.0,200.0,43133240,199.8,206.65,216.35
2026-03-26,2317,202.5,206.0,200.5,200.5,41973121,198.9,205.25,214.05
2026-03-27,2317,197.0,200.5,196.5,199.5,29525374,198.2,203.75,211.875
2026-03-30,2317,194.5,195.5,193.0,194.0,46503907,197.8,201.5,209.625
2026-03-31,2317,191.0,192.5,187.5,187.5,95729350,196.3,199.05,207.55
2026-04-01,2317,195.0,197.5,194.5,197.0,45229464,195.7,197.75,206.55
2026-04-02,2317,198.0,199.0,191.5,193.0,41954568,194.2,196.55,205.0
2026-04-07,2317,195.0,195.5,189.5,192.0,36598072,192.7,195.45,203.45
2026-04-08,2317,196.5,202.0,196.5,201.5,66909375,194.2,196.0,203.0
2026-04-09,2317,201.0,201.5,198.0,200.0,43945793,196.7,196.5,202.525
2026-04-10,2317,200.5,202.5,199.5,200.5,60470665,197.4,196.55,201.6
2026-04-13,2317,200.0,202.5,198.5,200.0,37375471,198.8,196.5,200.875
2026-04-14,2317,204.0,208.0,203.5,207.5,58959164,201.9,197.3,200.525
2026-04-15,2317,211.5,211.5,206.5,207.5,71250931,203.1,198.65,200.075
2026-04-16,2317,207.5,211.0,206.0,207.0,45261862,204.5,200.6,199.825
2026-04-17,2317,207.5,209.5,203.5,206.0,48943270,205.6,201.5,199.625
2026-04-20,2317,206.0,209.5,204.5,207.5,39312365,207.1,202.95,199.75
2026-04-21,2317,210.0,213.0,209.5,211.0,59285018,207.8,204.85,200.15
2026-04-22,2317,213.0,223.5,212.5,221.0,140959574,210.5,206.8,201.4
2026-04-23,2317,229.5,233.0,218.0,225.0,172706743,214.1,209.3,202.9
2026-04-24,2317,227.0,227.0,218.0,221.5,77230253,217.2,211.4,203.975
2026-04-27,2317,224.0,230.0,220.0,228.0,109457408,221.3,214.2,205.35
2026-04-28,2317,230.0,234.0,225.0,225.5,104089860,224.2,216.0,206.65
2026-04-29,2317,226.0,226.0,222.0,225.0,43603455,225.0,217.75,208.2
2026-04-30,2317,224.5,230.0,219.5,219.5,73683654,223.9,219.0,209.8
2026-05-04,2317,224.0,229.5,223.5,227.5,57506042,225.1,221.15,211.325
2026-05-05,2317,227.5,240.0,227.0,239.5,162873566,227.4,224.35,213.65
2026-05-06,2317,246.5,253.0,245.0,252.0,240330399,232.7,228.45,216.65
2026-05-07,2317,255.0,258.0,250.0,253.5,128767846,238.4,231.7,219.25
2026-05-08,2317,254.0,256.0,245.5,250.0,102375417,244.5,234.2,221.75
2026-05-11,2317,256.5,258.0,251.0,252.0,63063740,249.4,237.25,224.325
2026-05-12,2317,254.0,254.0,246.0,250.0,84325367,251.5,239.45,226.825
2026-05-13,2317,246.5,251.0,242.5,251.0,72415109,251.3,242.0,229.0
2026-05-14,2317,255.0,255.0,244.0,244.5,73360409,249.5,243.95,230.85
2026-05-15,2317,249.0,260.0,247.0,248.5,138413483,249.2,246.85,232.925
2026-05-18,2317,251.0,251.0,241.0,248.5,63512356,248.5,248.95,235.05
2026-05-19,2317,251.0,254.0,244.0,245.0,70223341,247.5,249.5,236.925
2026-05-20,2317,246.5,246.5,239.5,240.0,62650287,245.3,248.3,238.375
2026-05-21,2317,245.0,249.0,244.0,247.5,51483466,245.9,247.7,239.7
2026-05-22,2317,249.0,251.5,245.0,250.0,56310552,246.2,247.7,240.95
2026-05-25,2317,255.0,263.5,255.0,261.0,122990174,248.7,248.6,242.925
2026-05-26,2317,262.5,263.5,257.0,259.0,55665305,251.5,249.5,244.475
2026-05-27,2317,263.0,269.0,261.0,264.0,78352856,256.3,250.8,246.4
2026-05-28,2317,265.0,269.5,259.5,263.0,73792269,259.4,252.65,248.3
2026-05-29,2317,269.0,289.0,268.0,289.0,289511198,267.2,256.7,251.775
2026-06-01,2317,302.0,304.5,293.0,293.5,205766647,273.7,261.2,255.075
2026-06-02,2317,297.5,302.0,293.0,301.5,113076476,282.2,266.85,258.175
2026-06-03,2317,306.0,314.0,299.0,309.0,149620933,291.2,273.75,261.025
2026-06-04,2317,309.0,309.0,293.0,293.0,110760779,297.2,278.3,263.0
2026-06-05,2317,290.5,292.5,278.0,284.5,93158859,296.3,281.75,264.725
2026-06-08,2317,257.5,272.0,257.5,269.5,117863651,291.5,282.6,265.6
2026-06-09,2317,270.5,277.5,268.5,277.5,74649081,286.7,284.45,266.975
2026-06-10,2317,271.0,274.0,262.5,263.0,93369272,277.5,284.35,267.575
2026-06-11,2317,260.0,262.5,251.5,258.5,97550509,270.6,283.9,268.275
2026-06-12,2317,266.5,269.0,260.0,260.5,60260948,265.8,281.05,268.875
2026-06-15,2317,271.0,272.5,265.0,267.5,54689024,265.4,278.45,269.825
2026-06-16,2317,270.0,271.0,265.5,269.0,56878574,263.7,275.2,271.025
2026-06-17,2317,266.0,272.0,264.0,272.0,42755242,265.5,271.5,272.625
2026-06-18,2317,270.5,271.5,268.5,268.5,68996866,267.5,269.05,273.675
2026-06-22,2317,270.0,275.5,268.5,268.5,67145972,269.1,267.45,274.6
2026-06-23,2317,270.0,270.5,259.0,259.5,92063800,267.5,266.45,274.525
2026-06-24,2317,255.0,261.0,255.0,256.0,63690545,264.9,264.3,274.375
2026-06-25,2317,260.5,262.5,257.5,257.5,43578494,262.0,263.75,274.05
2026-06-26,2317,255.5,255.5,248.0,248.5,80450955,258.0,262.75,273.325
2026-06-29,2317,250.0,252.0,246.0,246.5,49210311,253.6,261.35,271.2
2026-06-30,2317,251.5,255.5,249.0,251.0,52952173,251.9,259.7,269.075
2026-07-01,2317,255.0,255.5,248.0,248.0,65880617,250.3,257.6,266.4
2026-07-02,2317,239.0,243.0,238.0,239.0,67897136,246.6,254.3,262.9
2026-07-03,2317,237.0,241.0,236.0,240.5,51008242,245.0,251.5,260.275
2026-07-06,2317,243.5,247.5,240.5,242.0,43693584,244.1,248.85,258.15
2026-07-07,2317,243.0,243.0,236.0,237.0,51778760,241.3,246.6,256.525
2026-07-08,2317,240.0,240.5,234.0,237.5,37939126,239.2,244.75,254.525
2026-07-09,2317,238.0,240.0,234.5,237.5,40528079,238.9,242.75,253.25
2026-07-13,2317,242.0,242.5,236.5,236.5,37504587,238.1,241.55,252.15
2026-07-14,2317,236.0,237.0,230.0,235.5,48112076,236.8,240.45,250.9
2026-07-15,2317,236.0,241.0,235.5,239.0,36108846,237.2,239.25,249.475
2026-07-16,2317,240.5,244.0,238.0,242.5,39074704,238.2,238.7,248.15
2026-07-17,2317,238.0,241.5,233.0,234.0,69006897,237.5,238.2,246.25
2026-07-20,2317,235.5,238.5,230.5,234.5,48579978,237.1,237.6,244.55
2026-07-21,2317,238.0,247.0,236.5,246.0,51471036,239.2,238.0,243.425
2026-07-22,2317,249.0,259.0,248.0,251.5,67787081,241.7,239.45,243.025
2026-07-23,2317,256.5,259.5,253.5,257.5,63787974,244.7,241.45,243.1
2026-07-24,2317,254.0,256.0,251.5,252.5,33694573,248.4,242.95,242.85
2026-07-27,2317,253.0,254.5,246.0,253.0,35908207,252.1,244.6,243.075
2026-07-28,2317,246.0,247.0,238.0,238.0,52860433,250.5,244.85,242.65
2026-07-29,2317,240.0,246.5,231.0,237.0,84937463,247.6,244.65,241.95
2026-07-30,2317,236.0,237.5,226.5,229.5,77132664,242.0,243.35,241.025
2026-07-31,2317,245.0,252.0,242.5,250.5,99413798,241.6,245.0,241.6
2026-08-03,2317,244.5,254.0,242.5,253.0,52666207,241.6,246.85,242.225
2026-08-04,2317,249.0,254.5,246.0,250.0,41095656,244.0,247.25,242.625
2026-08-05,2317,257.0,260.5,256.0,258.5,72633762,248.3,247.95,243.7
2026-08-06,2317,258.5,265.0,257.5,264.5,82178728,255.3,248.65,245.05
2026-08-07,2317,265.5,267.0,258.0,260.0,38813488,257.2,249.4,246.175
2026-08-10,2317,262.5,266.5,262.0,264.5,34854398,259.5,250.55,247.575
2026-08-11,2317,266.0,266.0,260.5,263.0,24592444,262.1,253.05,248.95
2026-08-12,2317,264.5,270.5,264.0,270.0,60316168,264.4,256.35,250.5
2026-08-13,2317,274.5,274.5,261.0,262.0,96829809,263.9,259.6,251.475
2026-08-14,2317,262.0,264.5,257.5,259.5,51013887,263.8,260.5,252.75
2026-08-17,2317,259.5,261.0,255.0,255.0,35551968,261.9,260.7,253.775
2026-08-18,2317,255.0,256.5,247.5,249.0,50539577,259.1,260.6,253.925
2026-08-19,2317,245.0,247.0,242.5,245.0,36592747,254.1,259.25,253.6
2026-08-20,2317,250.5,250.5,244.0,246.5,26344428,251.0,257.45,253.05
2026-08-21,2317,245.0,247.0,243.0,245.5,25420299,248.2,256.0,252.7
2026-08-24,2317,246.0,246.5,243.5,243.5,23690554,245.9,253.9,252.225
2026-08-25,2317,242.0,243.5,238.0,243.0,36819297,244.7,251.9,252.475
2026-08-26,2317,243.0,248.0,241.5,246.5,24910439,245.0,249.55,252.95
2026-08-27,2317,248.5,256.5,248.5,252.0,42280355,246.1,248.55,254.075
2026-08-28,2317,255.5,256.5,251.0,253.0,31847341,247.6,247.9,254.2
2026-08-31,2317,249.5,251.0,246.0,250.0,35223300,248.9,247.4,254.05
2026-09-01,2317,253.0,256.0,251.0,256.0,34131729,251.5,248.1,254.35
2026-09-02,2317,253.0,255.0,250.5,251.0,29265369,252.4,248.7,253.975
2026-09-03,2317,253.5,254.5,247.5,247.5,29851493,251.5,248.8,253.125
2026-09-04,2317,252.5,256.0,251.0,256.0,49402342,252.1,249.85,252.925
2026-09-07,2317,258.5,259.0,252.5,256.0,34027046,253.3,251.1,252.5
2026-09-08,2317,256.0,256.0,250.0,251.5,40240647,252.4,251.95,251.925
2026-09-09,2317,250.5,254.0,250.5,252.0,21343799,252.6,252.5,251.025
2026-09-10,2317,250.5,252.0,247.5,251.0,40233640,253.3,252.4,250.475
2026-09-11,2317,247.5,249.5,247.0,248.0,24164352,251.7,251.9,249.9
2026-09-14,2317,244.5,249.5,243.5,248.5,25260973,250.2,251.75,249.575
2026-09-15,2317,247.5,250.0,246.5,246.5,15812094,249.2,250.8,249.45
2026-09-16,2317,247.5,248.5,246.0,248.0,19737377,248.4,250.5,249.6
2026-09-17,2317,249.5,253.5,249.5,250.5,26522419,248.3,250.8,249.8
2026-09-18,2317,252.5,253.0,249.0,250.5,44803117,248.8,250.25,250.05
2026-09-21,2317,251.5,252.0,249.0,250.0,16771284,249.1,249.65,250.375
2026-09-22,2317,252.0,254.0,250.5,253.0,38635614,250.4,249.8,250.875
2026-09-23,2317,255.0,257.0,255.0,256.0,35754545,252.0,250.2,251.35
2026-09-24,2317,253.0,253.0,249.5,250.5,34510344,252.0,250.15,251.275
2026-02-23,8996,895.0,899.0,854.0,879.0,4157759,,,
2026-02-24,8996,890.0,959.0,886.0,931.0,5135014,,,
2026-02-25,8996,932.0,932.0,908.0,911.0,545533,,,
2026-02-26,8996,911.0,933.0,879.0,879.0,412819,,,
2026-03-02,8996,856.0,899.0,856.0,879.0,400439,895.8,,
2026-03-03,8996,870.0,888.0,831.0,831.0,617744,886.2,,
2026-03-04,8996,830.0,830.0,749.0,749.0,812862,849.8,,
2026-03-05,8996,806.0,806.0,716.0,777.0,557774,823.0,,
2026-03-06,8996,770.0,790.0,755.0,777.0,296134,802.6,,
2026-03-09,8996,700.0,701.0,700.0,700.0,683271,766.8,831.3,
2026-03-10,8996,738.0,770.0,738.0,769.0,522139,754.4,820.3,
2026-03-11,8996,775.0,838.0,775.0,834.0,434890,771.4,810.6,
2026-03-12,8996,840.0,917.0,840.0,917.0,6276791,799.4,811.2,
2026-03-13,8996,930.0,945.0,892.0,899.0,5567619,823.8,813.2,
2026-03-16,8996,903.0,932.0,881.0,925.0,3608585,868.8,817.8,
2026-03-17,8996,950.0,979.0,916.0,918.0,4977594,898.6,826.5,
2026-03-18,8996,955.0,979.0,922.0,952.0,3284054,922.2,846.8,
2026-03-19,8996,940.0,980.0,937.0,951.0,3349102,929.0,864.2,
2026-03-20,8996,970.0,1005.0,909.0,911.0,5996854,931.4,877.6,
2026-03-23,8996,820.0,833.0,820.0,820.0,3506645,910.4,889.6,860.45
2026-03-24,8996,826.0,826.0,738.0,772.0,7880953,881.2,889.9,855.1
2026-03-25,8996,795.0,840.0,776.0,820.0,4099697,854.8,888.5,849.55
2026-03-26,8996,838.0,875.0,830.0,845.0,3439060,833.6,881.3,846.25
2026-03-27,8996,820.0,870.0,815.0,865.0,2701247,824.4,877.9,845.55
2026-03-30,8996,854.0,904.0,852.0,895.0,4647163,839.4,874.9,846.35
2026-03-31,8996,899.0,905.0,837.0,846.0,4906831,854.2,867.7,847.1
2026-04-01,8996,892.0,920.0,871.0,908.0,5012666,871.8,863.3,855.05
2026-04-02,8996,915.0,936.0,865.0,866.0,4300820,876.0,854.8,859.5
2026-04-07,8996,893.0,942.0,891.0,904.0,3604956,883.8,854.1,865.85
2026-04-08,8996,955.0,961.0,892.0,921.0,5753842,889.0,864.2,876.9
2026-04-09,8996,955.0,1010.0,955.0,1010.0,5061367,921.8,888.0,888.95
2026-04-10,8996,1050.0,1070.0,994.0,1040.0,4825086,948.2,910.0,899.25
2026-04-13,8996,1050.0,1115.0,1025.0,1095.0,4049529,994.0,935.0,908.15
2026-04-14,8996,1200.0,1200.0,1100.0,1115.0,4873953,1036.2,960.0,918.95
2026-04-15,8996,1200.0,1200.0,1100.0,1100.0,1420833,1072.0,980.5,927.7
2026-04-16,8996,1100.0,1140.0,1050.0,1115.0,1627804,1093.0,1007.4,937.55
2026-04-17,8996,1085.0,1220.0,1085.0,1220.0,1479470,1129.0,1038.6,950.95
2026-04-20,8996,1240.0,1240.0,1130.0,1200.0,1773813,1150.0,1072.0,963.4
2026-04-21,8996,1215.0,1215.0,1160.0,1215.0,1063325,1170.0,1103.1,978.6
2026-04-22,8996,1220.0,1250.0,1195.0,1195.0,813213,1189.0,1130.5,997.35
2026-04-23,8996,1210.0,1245.0,1080.0,1210.0,1444952,1208.0,1150.5,1019.25
2026-04-24,8996,1185.0,1185.0,1100.0,1125.0,1488109,1189.0,1159.0,1034.5
2026-04-27,8996,1095.0,1155.0,1055.0,1070.0,1132133,1163.0,1156.5,1045.75
2026-04-28,8996,1115.0,1175.0,1060.0,1175.0,1512071,1155.0,1162.5,1061.25
2026-04-29,8996,1190.0,1240.0,1135.0,1140.0,4265378,1144.0,1166.5,1073.5
2026-04-30,8996,1195.0,1250.0,1175.0,1250.0,3576601,1152.0,1180.0,1093.7
2026-05-04,8996,1255.0,1310.0,1220.0,1245.0,5011036,1176.0,1182.5,1110.55
2026-05-05,8996,1240.0,1270.0,1175.0,1190.0,3057018,1200.0,1181.5,1126.75
2026-05-06,8996,1220.0,1240.0,1080.0,1165.0,4149458,1198.0,1176.5,1139.8
2026-05-07,8996,1160.0,1160.0,1070.0,1075.0,3857848,1185.0,1164.5,1147.5
2026-05-08,8996,1055.0,1065.0,1000.0,1015.0,3937724,1138.0,1145.0,1147.75
2026-05-11,8996,1025.0,1065.0,1010.0,1055.0,3040869,1100.0,1138.0,1148.5
2026-05-12,8996,1095.0,1110.0,1050.0,1055.0,2887103,1073.0,1136.5,1146.5
2026-05-13,8996,1055.0,1095.0,1010.0,1025.0,2388327,1045.0,1121.5,1142.0
2026-05-14,8996,1050.0,1090.0,1030.0,1065.0,2203520,1043.0,1114.0,1140.25
2026-05-15,8996,1070.0,1100.0,1030.0,1040.0,2136575,1048.0,1093.0,1136.5
2026-05-18,8996,1030.0,1060.0,980.0,1045.0,2982420,1046.0,1073.0,1127.75
2026-05-19,8996,1025.0,1065.0,1025.0,1040.0,1401290,1043.0,1058.0,1119.75
2026-05-20,8996,1050.0,1095.0,990.0,994.0,3534418,1036.8,1040.9,1108.7
2026-05-21,8996,1040.0,1075.0,1025.0,1065.0,2153462,1036.8,1039.9,1102.2
2026-05-22,8996,1110.0,1170.0,1110.0,1170.0,3643258,1062.8,1055.4,1100.2
2026-05-25,8996,1185.0,1210.0,1130.0,1135.0,4034815,1080.8,1063.4,1100.7
2026-05-26,8996,1170.0,1245.0,1165.0,1245.0,4733421,1121.8,1082.4,1109.45
2026-05-27,8996,1260.0,1260.0,1175.0,1215.0,4104752,1166.0,1101.4,1111.45
2026-05-28,8996,1195.0,1205.0,1095.0,1095.0,4103657,1172.0,1104.4,1109.2
2026-05-29,8996,1120.0,1125.0,1065.0,1090.0,2618890,1156.0,1109.4,1101.2
2026-06-01,8996,1080.0,1100.0,1040.0,1045.0,2391569,1138.0,1109.4,1091.2
2026-06-02,8996,1050.0,1080.0,1030.0,1050.0,2096821,1099.0,1110.4,1084.2
2026-06-03,8996,1090.0,1155.0,1085.0,1095.0,3008464,1075.0,1120.5,1080.7
2026-06-04,8996,1065.0,1170.0,1065.0,1120.0,3673778,1080.0,1126.0,1082.95
2026-06-05,8996,1120.0,1155.0,1065.0,1125.0,2885310,1087.0,1121.5,1088.45
2026-06-08,8996,1015.0,1230.0,1015.0,1210.0,5831697,1120.0,1129.0,1096.2
2026-06-09,8996,1220.0,1330.0,1205.0,1330.0,5821711,1176.0,1137.5,1109.95
2026-06-10,8996,1335.0,1385.0,1215.0,1220.0,6537670,1201.0,1138.0,1119.7
2026-06-11,8996,1250.0,1250.0,1110.0,1140.0,4040924,1205.0,1142.5,1123.45
2026-06-12,8996,1215.0,1225.0,1135.0,1145.0,3113938,1209.0,1148.0,1128.7
2026-06-15,8996,1195.0,1255.0,1190.0,1255.0,1450761,1218.0,1169.0,1139.2
2026-06-16,8996,1310.0,1380.0,1265.0,1380.0,3490273,1228.0,1202.0,1156.2
2026-06-17,8996,1400.0,1515.0,1395.0,1515.0,4404786,1287.0,1244.0,1182.25
2026-06-18,8996,1555.0,1660.0,1555.0,1590.0,5947423,1377.0,1291.0,1208.5
2026-06-22,8996,1680.0,1680.0,1520.0,1555.0,3842264,1459.0,1334.0,1227.75
2026-06-23,8996,1500.0,1510.0,1420.0,1450.0,3344487,1498.0,1358.0,1243.5
2026-06-24,8996,1415.0,1500.0,1375.0,1450.0,859746,1512.0,1370.0,1253.75
2026-06-25,8996,1485.0,1485.0,1410.0,1460.0,501103,1501.0,1394.0,1266.0
2026-06-26,8996,1445.0,1460.0,1360.0,1370.0,1090661,1457.0,1417.0,1279.75
2026-06-29,8996,1370.0,1475.0,1370.0,1475.0,669708,1441.0,1450.0,1299.0
2026-06-30,8996,1450.0,1590.0,1450.0,1550.0,900881,1461.0,1479.5,1324.25
2026-07-01,8996,1620.0,1620.0,1540.0,1555.0,678047,1482.0,1497.0,1349.5
2026-07-02,8996,1510.0,1510.0,1410.0,1415.0,1166307,1473.0,1487.0,1365.5
2026-07-03,8996,1405.0,1420.0,1315.0,1380.0,1321026,1475.0,1466.0,1378.5
2026-07-06,8996,1430.0,1440.0,1380.0,1425.0,742141,1465.0,1453.0,1393.5
2026-07-07,8996,1455.0,1455.0,1325.0,1335.0,758662,1422.0,1441.5,1399.75
2026-07-08,8996,1335.0,1415.0,1295.0,1320.0,2225037,1375.0,1428.5,1399.25
2026-07-09,8996,1350.0,1350.0,1220.0,1230.0,1967686,1338.0,1405.5,1399.75
2026-07-13,8996,1240.0,1305.0,1225.0,1240.0,1677436,1310.0,1392.5,1404.75
2026-07-14,8996,1225.0,1235.0,1120.0,1175.0,2559666,1260.0,1362.5,1406.25
2026-07-15,8996,1195.0,1215.0,1160.0,1185.0,930230,1230.0,1326.0,1402.75
2026-07-16,8996,1165.0,1170.0,1110.0,1125.0,1138248,1191.0,1283.0,1390.0
2026-07-17,8996,1025.0,1060.0,1015.0,1015.0,1707983,1148.0,1243.0,1365.0
2026-07-20,8996,932.0,997.0,914.0,971.0,3790952,1094.2,1202.1,1334.05
2026-07-21,8996,1000.0,1010.0,955.0,983.0,2272350,1055.8,1157.9,1305.45
2026-07-22,8996,1070.0,1080.0,1030.0,1080.0,2245700,1034.8,1132.4,1286.95
2026-07-23,8996,1085.0,1150.0,1050.0,1075.0,3510085,1024.8,1107.9,1268.2
2026-07-24,8996,1055.0,1105.0,1000.0,1005.0,2181789,1022.8,1085.4,1245.45
2026-07-27,8996,1055.0,1085.0,969.0,995.0,2480883,1027.6,1060.9,1226.7
2026-07-28,8996,955.0,960.0,906.0,906.0,2221630,1012.2,1034.0,1198.25
2026-07-29,8996,932.0,948.0,830.0,859.0,4770970,968.0,1001.4,1163.7
2026-07-30,8996,845.0,875.0,774.0,778.0,4186280,908.6,966.7,1124.85
2026-07-31,8996,855.0,855.0,855.0,855.0,803625,878.6,950.7,1096.85
2026-08-03,8996,889.0,940.0,888.0,940.0,1244282,867.6,947.6,1074.85
2026-08-04,8996,1000.0,1030.0,990.0,1030.0,3449430,892.4,952.3,1055.1
2026-08-05,8996,1050.0,1085.0,1030.0,1035.0,6155836,927.6,947.8,1040.1
2026-08-06,8996,1055.0,1135.0,1040.0,1135.0,4365556,999.0,953.8,1030.85
2026-08-07,8996,1080.0,1135.0,1040.0,1045.0,4580949,1037.0,957.8,1021.6
2026-08-10,8996,1065.0,1110.0,1060.0,1075.0,2177049,1064.0,965.8,1013.35
2026-08-11,8996,1060.0,1080.0,1045.0,1065.0,1153343,1071.0,981.7,1007.85
2026-08-12,8996,1070.0,1170.0,1065.0,1170.0,2782316,1098.0,1012.8,1007.1
2026-08-13,8996,1235.0,1285.0,1195.0,1285.0,3925113,1128.0,1063.5,1015.1
2026-08-14,8996,1325.0,1330.0,1245.0,1280.0,6188946,1175.0,1106.0,1028.35
2026-08-17,8996,1270.0,1290.0,1195.0,1215.0,2877863,1203.0,1133.5,1040.55
2026-08-18,8996,1265.0,1265.0,1165.0,1175.0,2317593,1225.0,1148.0,1050.15
2026-08-19,8996,1105.0,1155.0,1105.0,1135.0,2003400,1218.0,1158.0,1052.9
2026-08-20,8996,1180.0,1185.0,1090.0,1135.0,2441302,1188.0,1158.0,1055.9
2026-08-21,8996,1105.0,1125.0,1085.0,1090.0,1864549,1150.0,1162.5,1060.15
2026-08-24,8996,1090.0,1195.0,1070.0,1145.0,3292497,1136.0,1169.5,1067.65
2026-08-25,8996,1120.0,1215.0,1120.0,1215.0,5250848,1144.0,1184.5,1083.1
2026-08-26,8996,1195.0,1210.0,1150.0,1195.0,3093732,1156.0,1187.0,1099.9
2026-08-27,8996,1210.0,1310.0,1190.0,1310.0,6206231,1191.0,1189.5,1126.5
2026-08-28,8996,1275.0,1300.0,1250.0,1265.0,4224888,1226.0,1188.0,1147.0
2026-08-31,8996,1240.0,1240.0,1140.0,1175.0,3492957,1232.0,1184.0,1158.75
2026-09-01,8996,1175.0,1200.0,1150.0,1175.0,2309421,1224.0,1184.0,1166.0
2026-09-02,8996,1165.0,1285.0,1155.0,1265.0,4591240,1238.0,1197.0,1177.5
2026-09-03,8996,1285.0,1310.0,1185.0,1185.0,4551450,1213.0,1202.0,1180.0
2026-09-04,8996,1255.0,1300.0,1170.0,1300.0,5561008,1220.0,1223.0,1192.75
2026-09-07,8996,1390.0,1410.0,1205.0,1240.0,8775069,1233.0,1232.5,1201.0
2026-09-08,8996,1240.0,1285.0,1205.0,1225.0,4527634,1243.0,1233.5,1209.0
2026-09-09,8996,1255.0,1345.0,1240.0,1345.0,6087009,1259.0,1248.5,1217.75
2026-09-10,8996,1320.0,1340.0,1280.0,1300.0,4932329,1282.0,1247.5,1218.5
2026-09-11,8996,1270.0,1365.0,1230.0,1330.0,5053896,1288.0,1254.0,1221.0
2026-09-14,8996,1295.0,1295.0,1205.0,1235.0,6220878,1287.0,1260.0,1222.0
2026-09-15,8996,1245.0,1260.0,1200.0,1220.0,973745,1286.0,1264.5,1224.25
2026-09-16,8996,1230.0,1300.0,1230.0,1300.0,1197638,1277.0,1268.0,1232.5
2026-09-17,8996,1330.0,1360.0,1285.0,1300.0,1360555,1277.0,1279.5,1240.75
2026-09-18,8996,1350.0,1430.0,1330.0,1430.0,2477151,1297.0,1292.5,1257.75
2026-09-21,8996,1430.0,1520.0,1405.0,1505.0,2063073,1351.0,1319.0,1275.75
2026-09-22,8996,1520.0,1655.0,1490.0,1655.0,5780868,1438.0,1362.0,1297.75
2026-09-23,8996,1640.0,1640.0,1515.0,1540.0,5776754,1486.0,1381.5,1315.0
2026-09-24,8996,1555.0,1560.0,1480.0,1530.0,2887200,1532.0,1404.5,1326.0
2026-02-23,6770,65.8,68.9,65.3,67.0,257714887,,,
2026-02-24,6770,67.9,73.7,66.1,73.7,337047858,,,
2026-02-25,6770,74.7,77.0,72.6,76.8,487502723,,,
2026-02-26,6770,76.8,78.9,75.4,76.7,322304137,,,
2026-03-02,6770,71.4,77.8,71.4,74.8,248095174,73.8,,
2026-03-03,6770,76.2,77.0,67.4,68.2,373534446,74.03999999999999,,
2026-03-04,6770,63.2,65.4,61.4,61.4,210778981,71.58000000000001,,
2026-03-05,6770,66.4,67.4,63.4,64.4,211842643,69.1,,
2026-03-06,6770,63.9,66.3,63.3,64.3,144135138,66.62,,
2026-03-09,6770,58.0,59.4,57.9,59.4,135415285,63.54,68.67,
2026-03-10,6770,63.8,64.2,60.5,62.2,140297005,62.339999999999996,68.19,
2026-03-11,6770,64.0,67.5,63.5,66.3,169992993,63.32000000000001,67.45,
2026-03-12,6770,66.6,66.8,63.1,63.1,171086491,63.06,66.08,
2026-03-13,6770,62.0,64.8,61.9,64.3,135963192,63.05999999999999,64.84,
2026-03-16,6770,65.7,67.4,65.1,65.2,254597003,64.22,63.879999999999995,
2026-03-17,6770,67.1,71.7,66.8,71.7,393355372,66.12,64.22999999999999,
2026-03-18,6770,76.0,76.2,70.7,71.9,404267429,67.24000000000001,65.28,
2026-03-19,6770,70.1,77.8,68.6,75.0,513362980,69.62,66.34,
2026-03-20,6770,77.1,78.0,71.7,75.5,529033042,71.86000000000001,67.46000000000001,
2026-03-23,6770,71.0,72.3,68.6,69.1,243486481,72.64,68.42999999999999,68.55
2026-03-24,6770,71.3,71.4,62.5,62.7,369690172,70.84,68.48,68.33500000000001
2026-03-25,6770,64.1,66.2,62.1,65.0,278832681,69.46,68.35,67.9
2026-03-26,6770,65.3,67.5,62.8,62.8,289190595,67.02,68.32000000000001,67.2
2026-03-27,6770,60.5,61.2,57.1,59.2,222663654,63.760000000000005,67.81,66.325
2026-03-30,6770,57.5,60.1,57.0,58.1,206031533,61.56,67.1,65.49
2026-03-31,6770,55.0,55.7,52.4,53.1,207091698,59.64000000000001,65.24,64.735
2026-04-01,6770,57.0,57.0,54.3,54.9,148151777,57.620000000000005,63.54,64.41
2026-04-02,6770,56.5,57.2,53.5,53.5,155762985,55.760000000000005,61.39,63.864999999999995
2026-04-07,6770,55.0,55.4,52.7,54.0,96302858,54.720000000000006,59.239999999999995,63.35
2026-04-08,6770,55.9,57.9,55.8,57.6,115253686,54.620000000000005,58.089999999999996,63.260000000000005
2026-04-09,6770,58.0,58.0,53.8,54.0,134072246,54.8,57.21999999999999,62.85
2026-04-10,6770,54.9,57.0,54.1,55.4,134034940,54.9,56.260000000000005,62.30499999999999
2026-04-13,6770,55.4,55.5,53.6,54.5,101937555,55.1,55.42999999999999,61.875
2026-04-14,6770,55.5,56.4,54.5,54.6,109787192,55.220000000000006,54.970000000000006,61.39000000000001
2026-04-15,6770,55.8,56.2,53.1,53.2,101747295,54.339999999999996,54.48,60.79
2026-04-16,6770,53.3,54.3,52.4,54.0,85975346,54.339999999999996,54.56999999999999,59.904999999999994
2026-04-17,6770,53.6,54.3,52.5,52.6,87074889,53.779999999999994,54.339999999999996,58.94
2026-04-20,6770,52.7,52.9,51.0,51.4,99368654,53.160000000000004,54.129999999999995,57.75999999999999
2026-04-21,6770,52.5,54.3,52.5,54.0,109355837,53.04,54.129999999999995,56.68499999999999
2026-04-22,6770,56.0,58.5,54.9,57.0,219996918,53.8,54.06999999999999,56.08
2026-04-23,6770,58.9,59.1,52.0,52.9,209440294,53.580000000000005,53.96,55.589999999999996
2026-04-24,6770,53.8,53.8,51.6,52.9,81283272,53.64,53.71,54.985
2026-04-27,6770,53.3,56.2,53.0,54.5,145171547,54.260000000000005,53.71,54.57000000000001
2026-04-28,6770,55.2,55.7,54.2,55.0,101666278,54.46,53.75,54.36
2026-04-29,6770,54.8,55.2,53.5,53.5,63666631,53.760000000000005,53.779999999999994,54.13000000000001
2026-04-30,6770,53.9,54.0,51.8,51.9,94428431,53.56,53.56999999999999,54.06999999999999
2026-05-04,6770,52.7,53.5,51.6,53.1,97020345,53.6,53.620000000000005,53.980000000000004
2026-05-05,6770,53.4,55.5,52.9,55.4,106346121,53.779999999999994,54.019999999999996,54.075
2026-05-06,6770,58.8,59.8,56.3,58.1,255770836,54.4,54.42999999999999,54.28000000000001
2026-05-07,6770,60.5,63.9,58.0,63.9,312338758,56.48,55.11999999999999,54.59499999999999
2026-05-08,6770,65.0,66.5,60.1,61.4,442180347,58.379999999999995,55.970000000000006,54.964999999999996
2026-05-11,6770,64.9,66.0,62.5,62.5,283121477,60.260000000000005,56.93000000000001,55.32000000000001
2026-05-12,6770,63.0,63.3,60.4,62.1,170376997,61.6,57.69,55.7
2026-05-13,6770,60.7,60.8,59.0,60.5,118112300,62.08,58.239999999999995,55.99499999999999
2026-05-14,6770,61.8,63.4,60.8,62.2,196451270,61.739999999999995,59.11,56.44500000000001
2026-05-15,6770,63.0,67.0,62.3,62.8,356822147,62.02,60.2,56.885000000000005
2026-05-18,6770,62.0,63.1,59.2,62.0,127532182,61.92,61.089999999999996,57.355
2026-05-19,6770,61.5,62.3,58.1,58.5,143820864,61.2,61.4,57.71
2026-05-20,6770,58.7,59.4,56.6,57.8,84341651,60.660000000000004,61.370000000000005,57.9
2026-05-21,6770,59.3,61.2,58.9,59.1,96108084,60.04,60.89000000000001,58.00500000000001
2026-05-22,6770,60.3,64.8,60.2,63.8,218295235,60.239999999999995,61.129999999999995,58.55
2026-05-25,6770,65.0,68.2,62.3,67.6,321963402,61.35999999999999,61.64,59.28499999999999
2026-05-26,6770,69.9,73.6,68.0,70.8,354361201,63.81999999999999,62.510000000000005,60.1
2026-05-27,6770,75.9,77.0,72.6,74.8,414941224,67.22,63.94000000000001,61.089999999999996
2026-05-28,6770,75.6,82.2,73.5,80.7,742969935,71.53999999999999,65.78999999999999,62.45
2026-05-29,6770,85.4,88.7,78.8,88.7,829646406,76.52000000000001,68.38000000000001,64.28999999999999
2026-06-01,6770,93.2,94.5,87.0,87.0,770941542,80.4,70.88000000000001,65.98499999999999
2026-06-02,6770,87.0,88.6,83.7,85.9,106203381,83.42,73.62,67.51
2026-06-03,6770,88.0,88.0,84.1,84.6,64659229,85.38,76.3,68.835
2026-06-04,6770,82.9,83.4,80.2,81.0,73514423,85.44000000000001,78.49,69.69
2026-06-05,6770,77.0,77.0,73.0,74.6,112133197,82.61999999999999,79.57000000000001,70.35
2026-06-08,6770,67.2,68.3,67.2,67.5,104480847,78.72,79.55999999999999,70.6
2026-06-09,6770,70.4,71.5,69.9,71.5,57680845,75.84,79.63,71.07000000000001
2026-06-10,6770,67.0,67.8,64.4,64.4,132801225,71.8,78.59,71.265
2026-06-11,6770,62.6,65.1,62.1,64.4,70706900,68.48,76.96000000000001,71.375
2026-06-12,6770,68.0,68.0,67.0,67.2,65105100,67.0,74.81,71.595
2026-06-15,6770,69.6,73.9,69.6,73.3,87139878,68.16,73.44,72.16
2026-06-16,6770,75.0,77.6,71.0,71.0,291491338,68.06,71.95,72.785
2026-06-17,6770,70.1,72.5,69.4,70.2,187705638,69.22,70.51,73.405
2026-06-18,6770,71.5,75.3,70.7,74.2,245700060,71.17999999999999,69.83,74.16
2026-06-22,6770,79.5,81.6,78.5,81.6,133236652,74.06,70.53,75.05
2026-06-23,6770,82.8,86.1,78.3,78.6,504938034,75.12,71.64,75.6
2026-06-24,6770,78.0,85.7,77.2,85.7,476043030,78.06,73.06,76.345
2026-06-25,6770,89.3,89.3,82.8,83.2,479667659,80.66,74.94,76.765
2026-06-26,6770,83.2,85.2,78.1,78.3,332913359,81.48,76.33,76.645
2026-06-29,6770,79.9,82.3,77.6,78.9,220163758,80.94,77.5,76.155
2026-06-30,6770,79.9,80.4,77.8,79.7,197058093,81.16000000000001,78.14,75.79
2026-07-01,6770,80.2,80.5,72.7,74.3,264774867,78.88,78.47,75.21000000000001
2026-07-02,6770,70.4,75.8,70.3,74.7,155504558,77.17999999999999,78.91999999999999,74.715
2026-07-03,6770,73.3,75.1,72.1,73.4,101737426,76.2,78.84,74.33500000000001
2026-07-06,6770,74.2,77.4,72.5,72.6,153798168,74.94000000000001,77.94,74.235
2026-07-07,6770,73.0,74.3,69.7,70.1,161281480,73.02,77.09,74.365
2026-07-08,6770,70.8,71.5,67.1,71.2,139718171,72.4,75.64000000000001,74.35
2026-07-09,6770,71.5,74.3,70.9,71.1,156986667,71.67999999999999,74.42999999999999,74.685
2026-07-13,6770,72.4,73.0,68.1,69.0,117782988,70.8,73.5,74.91499999999999
2026-07-14,6770,69.0,70.4,63.4,69.2,175281346,70.11999999999999,72.53,75.015
2026-07-15,6770,74.0,76.1,73.8,76.1,197628288,71.32000000000001,72.17,75.155
2026-07-16,6770,74.9,79.5,74.8,76.5,446262954,72.38,72.39,75.42999999999999
2026-07-17,6770,72.4,73.4,68.9,68.9,273270140,71.94,71.81,75.365
2026-07-20,6770,68.3,68.3,62.2,63.0,179760556,70.74,70.77000000000001,74.80499999999999
2026-07-21,6770,64.0,65.1,63.0,65.1,126328180,69.92,70.02000000000001,73.97999999999999
2026-07-22,6770,67.8,69.6,67.1,67.9,169362718,68.28,69.8,73.44500000000001
2026-07-23,6770,68.1,68.5,64.3,66.0,117399235,66.17999999999999,69.28,72.46000000000001
2026-07-24,6770,64.1,64.4,61.5,61.6,152851625,64.72,68.33000000000001,71.38
2026-07-27,6770,61.6,62.1,59.0,61.9,104654052,64.5,67.62,70.56
2026-07-28,6770,57.5,58.1,55.8,55.8,113517037,62.64,66.28,69.405
2026-07-29,6770,55.1,55.2,50.3,50.4,158698474,59.14,63.71,67.94
2026-07-30,6770,48.0,54.7,48.0,49.55,192111911,55.85,61.015,66.7025
2026-07-31,6770,54.5,54.5,54.5,54.5,25422284,54.42999999999999,59.575,65.6925
2026-08-03,6770,54.0,56.6,53.9,54.7,207280186,52.989999999999995,58.745000000000005,64.75750000000001
2026-08-04,6770,55.0,60.1,54.4,60.1,186379339,53.85,58.24499999999999,64.1325
2026-08-05,6770,63.4,66.1,62.2,66.1,240808216,56.989999999999995,58.065,63.932500000000005
2026-08-06,6770,66.4,68.5,65.0,66.6,444029387,60.4,58.125,63.7025
2026-08-07,6770,67.5,68.4,65.0,65.5,218297117,62.6,58.515,63.4225
2026-08-10,6770,66.6,69.4,66.6,67.6,231526872,65.17999999999999,59.085,63.3525
2026-08-11,6770,66.4,67.5,65.3,67.0,110831134,66.55999999999999,60.205000000000005,63.24249999999999
2026-08-12,6770,68.0,73.7,67.9,73.7,428615022,68.08,62.53499999999999,63.1225
2026-08-13,6770,75.0,77.4,72.7,74.9,471309109,69.74,65.07000000000001,63.042500000000004
2026-08-14,6770,76.6,81.8,76.3,78.4,527933484,72.32000000000001,67.46000000000001,63.5175
2026-08-17,6770,79.9,79.9,74.2,74.6,259955163,73.72,69.45,64.0975
2026-08-18,6770,75.0,75.7,69.5,69.7,226495303,74.26,70.41,64.32750000000001
2026-08-19,6770,67.3,69.6,66.5,66.6,176388814,72.84,70.46000000000001,64.2625
2026-08-20,6770,68.1,69.5,66.2,67.3,165662077,71.32000000000001,70.53,64.3275
2026-08-21,6770,67.0,68.5,66.5,68.4,116273055,69.32000000000001,70.82000000000001,64.6675
2026-08-24,6770,68.4,72.9,67.6,70.8,162099266,68.56,71.14,65.1125
2026-08-25,6770,70.5,71.0,66.6,69.0,158026446,68.42,71.34,65.77250000000001
2026-08-26,6770,69.8,71.4,69.2,70.2,109500620,69.14,70.99000000000001,66.7625
2026-08-27,6770,71.3,72.1,69.6,69.6,118625661,69.6,70.46,67.765
2026-08-28,6770,70.8,73.3,69.9,70.0,127516696,69.92,69.61999999999999,68.53999999999999
2026-08-31,6770,69.0,73.2,68.0,73.0,207576800,70.35999999999999,69.46,69.455
2026-09-01,6770,73.6,73.7,70.4,70.8,151879084,70.72,69.57000000000001,69.99
2026-09-02,6770,70.1,71.4,69.2,70.4,68830476,70.76,69.95,70.205
2026-09-03,6770,71.2,72.0,67.5,67.8,115197089,70.4,70.0,70.265
2026-09-04,6770,69.3,70.0,67.0,68.5,85248242,70.1,70.00999999999999,70.41499999999999
2026-09-07,6770,70.0,73.5,69.3,72.9,242829617,70.08000000000001,70.22,70.68
2026-09-08,6770,73.2,75.3,71.9,72.4,172801850,70.4,70.56,70.95
2026-09-09,6770,72.8,74.3,71.4,72.4,114261094,70.8,70.78,70.885
2026-09-10,6770,72.1,74.2,71.3,73.5,144134387,71.94000000000001,71.17,70.815
2026-09-11,6770,72.1,72.1,69.8,70.7,131561180,72.38000000000001,71.24000000000001,70.43
2026-09-14,6770,69.0,71.4,68.1,70.7,90532617,71.94000000000001,71.01,70.235
2026-09-15,6770,70.0,70.1,66.7,66.9,162022743,70.84,70.62,70.095
2026-09-16,6770,67.8,70.0,67.8,69.9,91880819,70.34,70.57000000000001,70.26
2026-09-17,6770,70.5,72.0,70.1,71.2,119460580,69.88000000000001,70.91,70.45500000000001
2026-09-18,6770,73.0,74.0,72.7,74.0,175587517,70.54,71.46000000000001,70.735
2026-09-21,6770,74.4,74.5,72.5,72.7,93490025,70.94,71.44000000000001,70.83
2026-09-22,6770,73.9,74.7,71.8,71.8,95975202,71.92,71.38,70.97
2026-09-23,6770,73.0,74.0,71.9,73.1,118630577,72.56,71.45,71.115
2026-09-24,6770,72.0,72.1,70.5,72.0,95567951,72.72,71.3,71.235
