驗證Key,日期,最新時間,代號,名稱,股票型態,目前狀態,目前決策,結果分類,盤後驗證結果,驗證狀態,驗證時間,首次價格,驗證價格,目前報酬%,驗證報酬%,最高報酬%,最大回撤%,驗證最高報酬%,驗證最大回撤%,AI總分,風險分,左側低吸分,盤中資金分,漲停前兆分,即時入場分,左側試單價,防守停損,右側加碼價,追價上限,停損距離%,資料來源,同步來源,狀態歷程
2026-06-12_2313,2026-06-12,18:47:01,2313,華通,動能股 / 先看資金,⏳ 到價等確認,嚴格小量等待確認,弱勢/回撤,盤中背景暫估,背景追蹤中,2026-06-12 18:47:01,263.0,263.0,0.0,0.0,6.84,0,6.84,0,71.8,30.0,65.0,45.6,0,45.9,263.00,259.06,291.50,267.73,1.5,盤後AI候選,GitHub Actions background v2.15.4,⏳ 到價等確認 → ⚪ 候選 / 觀察
2026-06-12_2382,2026-06-12,18:47:01,2382,廣達,中大型資金股,⚪ 候選 / 觀察,觀察,追蹤中,盤中背景暫估,背景追蹤中,2026-06-12 18:47:01,372.0,372.0,0.0,0.0,1.75,0,1.75,0,29.2,20.0,63.9,57.2,4.3,46.2,372.00,366.42,384.00,378.70,1.5,盤後AI候選,GitHub Actions background v2.15.4,⚪ 候選 / 觀察
2026-06-12_3441,2026-06-12,18:47:01,3441,聯一光,小型強攻 / 漲停前兆股,⏳ 到價等確認,嚴格小量等待確認,弱勢/回撤,盤中背景暫估,背景追蹤中,2026-06-12 18:47:01,70.0,70.0,0.0,0.0,0,0,0,0,50.0,30.0,65.0,46.6,0,44.1,69.60,68.56,75.50,71.26,2.06,備援池,GitHub Actions background v2.15.4,⏳ 到價等確認
2026-06-12_2330,2026-06-12,18:47:01,2330,台積電,中大型資金股,⚪ 候選 / 觀察,觀察,有效/上漲,盤中背景暫估,背景追蹤中,2026-06-12 18:47:01,2310.0,2310.0,0.0,0.0,0,-0.54,0,-0.54,26.5,20.0,59.7,65.7,21.4,50.8,2290.00,2255.65,2328.48,2351.58,2.35,盤後AI候選,GitHub Actions background v2.15.4,⚪ 候選 / 觀察
2026-06-12_2327,2026-06-12,18:47:01,2327,國巨*,動能股 / 先看資金,⚪ 候選 / 觀察,觀察,追蹤中,盤中背景暫估,背景追蹤中,2026-06-12 18:47:01,855.0,855.0,0.0,0.0,5.5,0,5.5,0,55.3,20.0,60.5,64.1,18.2,52.8,852.00,839.22,919.00,870.39,1.85,盤後AI候選,GitHub Actions background v2.15.4,⚪ 候選 / 觀察 → 🔴 已過熱 / 等回測
2026-06-12_2454,2026-06-12,18:47:01,2454,聯發科,中大型資金股,⚪ 候選 / 觀察,觀察,追蹤中,盤中背景暫估,背景追蹤中,2026-06-12 18:47:01,4180.0,4180.0,0.0,0.0,2.33,0,2.33,0,26.0,20.0,60.3,64.3,18.6,50.0,4165.00,4102.52,4415.00,4255.24,1.85,盤後AI候選,GitHub Actions background v2.15.4,⚪ 候選 / 觀察
2026-06-12_2303,2026-06-12,18:47:01,2303,聯電,動能股 / 先看資金,🔴 已過熱 / 等回測,不可追,有效/上漲,盤中背景暫估,背景追蹤中,2026-06-12 18:47:01,133.5,133.5,0.0,0.0,3.0,0,3.0,0,25.5,30.0,51.4,82.2,54.4,60.2,132.50,130.51,137.50,135.90,2.24,盤後AI候選,GitHub Actions background v2.15.4,🔴 已過熱 / 等回測 → 🔴 接近漲停 / 不追
2026-06-12_2344,2026-06-12,18:47:01,2344,華邦電,動能股 / 先看資金,🔴 接近漲停 / 不追,不可追,接近漲停/大漲,盤中背景暫估,背景追蹤中,2026-06-12 18:47:01,172.0,172.0,0.0,0.0,0,-1.31,0,-1.31,37.0,30.0,35.2,94.6,100,69.1,169.42,166.88,173.38,175.10,2.98,盤後AI候選,GitHub Actions background v2.15.4,🔴 接近漲停 / 不追 → 🔴 已過熱 / 等回測
2026-06-12_2408,2026-06-12,18:47:01,2408,南亞科,動能股 / 先看資金,🔴 接近漲停 / 不追,不可追,接近漲停/大漲,盤中背景暫估,背景追蹤中,2026-06-12 18:47:01,374.0,374.0,0.0,0.0,0,-0.4,0,-0.4,32.0,20.0,35.0,95.0,100,68.7,368.39,362.86,376.99,380.73,2.98,盤後AI候選,GitHub Actions background v2.15.4,🔴 接近漲停 / 不追
2026-06-12_2308,2026-06-12,18:47:01,2308,台達電,中大型資金股,⚪ 候選 / 觀察,觀察,有效/上漲,盤中背景暫估,背景追蹤中,2026-06-12 18:47:01,2215.0,2215.0,0.0,0.0,0,-0.34,0,-0.34,21.0,20.0,49.9,65.2,20.4,46.5,2181.78,2149.05,2280.00,2254.87,2.98,盤後AI候選,GitHub Actions background v2.15.4,⚪ 候選 / 觀察
2026-06-12_0050,2026-06-12,18:47:01,0050,元大台灣50,ETF / 市場動能,⚪ 候選 / 觀察,觀察,追蹤中,盤中背景暫估,背景追蹤中,2026-06-12 18:47:01,101.95,101.95,0.0,0.0,0.25,0,0.25,0,26.5,20.0,60.8,63.4,16.8,49.5,101.55,100.03,103.75,103.79,1.88,盤後AI候選,GitHub Actions background v2.15.4,⚪ 候選 / 觀察
2026-06-12_2317,2026-06-12,18:47:01,2317,鴻海,中大型資金股,⚪ 候選 / 觀察,觀察,追蹤中,盤中背景暫估,背景追蹤中,2026-06-12 18:47:01,260.5,260.5,0.0,0.0,2.02,0,2.02,0,21.0,20.0,63.5,58.1,6.2,45.9,260.00,256.10,269.00,265.19,1.69,盤後AI候選,GitHub Actions background v2.15.4,⚪ 候選 / 觀察
2026-06-12_4958,2026-06-12,18:47:01,4958,臻鼎-KY,動能股 / 先看資金,👀 前兆出現,等低吸,有效/上漲,盤中背景暫估,背景追蹤中,2026-06-12 18:47:01,552.0,552.0,0.0,0.0,0,0,0,0,50.0,30.0,46.3,72.4,34.8,53.5,543.72,535.56,578.00,561.94,2.98,上市成交金額排行,GitHub Actions background v2.15.4,👀 前兆出現
2026-06-12_3037,2026-06-12,18:47:01,3037,欣興,動能股 / 先看資金,⚪ 候選 / 觀察,觀察,有效/上漲,盤中背景暫估,背景追蹤中,2026-06-12 18:47:01,902.0,902.0,0.0,0.0,0.06,0,0.06,0,21.0,20.0,43.8,77.5,45.0,53.5,890.00,876.65,930.00,918.24,2.81,盤後AI候選,GitHub Actions background v2.15.4,⚪ 候選 / 觀察
2026-06-12_3189,2026-06-12,18:47:01,3189,景碩,動能股 / 先看資金,⚪ 候選 / 觀察,觀察,追蹤中,盤中背景暫估,背景追蹤中,2026-06-12 18:47:01,610.0,610.0,0.0,0.0,0,0,0,0,50.0,30.0,55.0,49.2,0,41.5,600.85,591.84,664.00,620.98,2.98,上市成交金額排行,GitHub Actions background v2.15.4,⚪ 候選 / 觀察
2026-06-12_3008,2026-06-12,18:47:01,3008,大立光,動能股 / 先看資金,⏳ 到價等確認,嚴格小量等待確認,弱勢/回撤,盤中背景暫估,背景追蹤中,2026-06-12 18:47:01,4020.0,4020.0,0.0,0.0,2.99,0,2.99,0,50.5,30.0,65.0,41.1,0,42.2,4020.00,3959.70,4355.00,4092.36,1.5,盤後AI候選,GitHub Actions background v2.15.4,⏳ 到價等確認 → ⚪ 候選 / 觀察
2026-06-12_8046,2026-06-12,18:47:01,8046,南電,動能股 / 先看資金,⚪ 候選 / 觀察,觀察,追蹤中,盤中背景暫估,背景追蹤中,2026-06-12 18:47:01,819.0,819.0,0.0,0.0,1.34,0,1.34,0,21.0,20.0,62.0,61.0,11.9,47.5,812.00,799.82,868.00,833.74,2.34,盤後AI候選,GitHub Actions background v2.15.4,⚪ 候選 / 觀察
2026-06-12_8021,2026-06-12,18:47:01,8021,尖點,動能股 / 先看資金,⏳ 到價等確認,嚴格小量等待確認,弱勢/回撤,盤中背景暫估,背景追蹤中,2026-06-12 18:47:01,522.0,522.0,0.0,0.0,4.21,0,4.21,0,65.0,40.0,65.0,29.3,0,39.5,522.00,514.17,627.00,531.40,1.5,盤後AI候選,GitHub Actions background v2.15.4,⏳ 到價等確認
2026-06-12_6669,2026-06-12,18:47:01,6669,緯穎,動能股 / 先看資金,⏳ 到價等確認,嚴格小量等待確認,追蹤中,盤中背景暫估,背景追蹤中,2026-06-12 18:47:01,4850.0,4850.0,0.0,0.0,2.11,0,2.11,0,21.0,20.0,65.0,40.9,0,39.2,4845.00,4772.32,5135.00,4937.30,1.6,盤後AI候選,GitHub Actions background v2.15.4,⏳ 到價等確認 → ⚪ 候選 / 觀察
2026-06-12_2383,2026-06-12,18:47:01,2383,台光電,動能股 / 先看資金,⚪ 候選 / 觀察,觀察,弱勢/回撤,盤中背景暫估,背景追蹤中,2026-06-12 18:47:01,4830.0,4830.0,0.0,0.0,1.97,0,1.97,0,56.0,30.0,55.0,34.2,0,36.8,4757.55,4686.19,5500.00,4916.94,2.98,盤後AI候選,GitHub Actions background v2.15.4,⚪ 候選 / 觀察
2026-06-12_3665,2026-06-12,18:47:01,3665,貿聯-KY,動能股 / 先看資金,🔴 已過熱 / 等回測,不可追,有效/上漲,盤中背景暫估,背景追蹤中,2026-06-12 18:47:01,2310.0,2310.0,0.0,0.0,0,0,0,0,50.0,30.0,41.1,82.8,55.5,59.5,2275.35,2241.22,2350.00,2351.58,2.98,上市成交金額排行,GitHub Actions background v2.15.4,🔴 已過熱 / 等回測
2026-06-12_3042,2026-06-12,18:47:01,3042,晶技,動能股 / 先看資金,⏳ 到價等確認,嚴格小量等待確認,弱勢/回撤,盤中背景暫估,背景追蹤中,2026-06-12 18:47:01,224.5,224.5,0.0,0.0,4.01,0,4.01,0,64.5,20.0,65.0,45.1,0,45.0,224.50,221.13,247.00,228.54,1.5,盤後AI候選,GitHub Actions background v2.15.4,⏳ 到價等確認 → ⚪ 候選 / 觀察
2026-06-12_2368,2026-06-12,18:47:01,2368,金像電,動能股 / 先看資金,⏳ 到價等確認,嚴格小量等待確認,追蹤中,盤中背景暫估,背景追蹤中,2026-06-12 18:47:01,1320.0,1320.0,0.0,0.0,0.19,0,0.19,0,29.2,20.0,65.0,47.6,0,42.3,1305.00,1285.42,1450.00,1343.76,2.62,盤後AI候選,GitHub Actions background v2.15.4,⏳ 到價等確認
2026-06-12_3017,2026-06-12,18:47:01,3017,奇鋐,動能股 / 先看資金,⚪ 候選 / 觀察,觀察,有效/上漲,盤中背景暫估,背景追蹤中,2026-06-12 18:47:01,2405.0,2405.0,0.0,0.0,0.52,0,0.52,0,15.5,20.0,59.0,67.0,24.0,50.4,2380.00,2344.30,2480.00,2448.29,2.52,盤後AI候選,GitHub Actions background v2.15.4,⚪ 候選 / 觀察
2026-06-12_3711,2026-06-12,18:47:01,3711,日月光投控,動能股 / 先看資金,🔴 已過熱 / 等回測,不可追,有效/上漲,盤中背景暫估,背景追蹤中,2026-06-12 18:47:01,590.0,590.0,0.0,0.0,0.68,0,0.68,0,29.2,20.0,38.1,88.8,87.7,64.9,581.15,572.43,596.00,600.62,2.98,盤後AI候選,GitHub Actions background v2.15.4,🔴 已過熱 / 等回測
2026-06-12_3653,2026-06-12,18:47:01,3653,健策,動能股 / 先看資金,⚪ 候選 / 觀察,觀察,追蹤中,盤中背景暫估,背景追蹤中,2026-06-12 18:47:01,3690.0,3690.0,0.0,0.0,0,0,0,0,50.0,30.0,51.1,52.7,15.4,44.4,3634.65,3580.13,3820.00,3756.42,2.98,上市成交金額排行,GitHub Actions background v2.15.4,⚪ 候選 / 觀察
2026-06-12_3231,2026-06-12,18:47:01,3231,緯創,動能股 / 先看資金,⚪ 候選 / 觀察,觀察,追蹤中,盤中背景暫估,背景追蹤中,2026-06-12 18:47:01,156.0,156.0,0.0,0.0,0,0,0,0,50.0,30.0,60.4,64.2,18.4,52.3,156.00,153.66,159.00,158.81,1.5,備援池,GitHub Actions background v2.15.4,⚪ 候選 / 觀察
2026-06-12_3443,2026-06-12,18:47:01,3443,創意,動能股 / 先看資金,🔴 已過熱 / 等回測,不可追,有效/上漲,盤中背景暫估,背景追蹤中,2026-06-12 18:47:01,4380.0,4380.0,0.0,0.0,0.68,0,0.68,0,23.8,20.0,41.6,81.8,53.6,56.3,4314.30,4249.59,4455.00,4458.84,2.98,盤後AI候選,GitHub Actions background v2.15.4,🔴 已過熱 / 等回測
2026-06-12_3661,2026-06-12,18:47:01,3661,世芯-KY,動能股 / 先看資金,⚪ 候選 / 觀察,觀察,追蹤中,盤中背景暫估,背景追蹤中,2026-06-12 18:47:01,4105.0,4105.0,0.0,0.0,0,0,0,0,50.0,30.0,62.8,49.4,8.9,46.1,4105.00,4043.42,4295.00,4178.89,1.5,上市成交金額排行,GitHub Actions background v2.15.4,⚪ 候選 / 觀察
2026-06-12_2345,2026-06-12,18:47:01,2345,智邦,動能股 / 先看資金,⚪ 候選 / 觀察,觀察,有效/上漲,盤中背景暫估,背景追蹤中,2026-06-12 18:47:01,2335.0,2335.0,0.0,0.0,0,-0.32,0,-0.32,21.0,20.0,49.7,65.6,21.1,46.7,2299.97,2265.47,2390.00,2377.03,2.98,盤後AI候選,GitHub Actions background v2.15.4,⚪ 候選 / 觀察
2026-06-12_2881,2026-06-12,18:47:01,2881,富邦金,中大型資金股,⚪ 候選 / 觀察,觀察,弱勢/回撤,盤中背景暫估,背景追蹤中,2026-06-12 18:47:01,122.0,122.0,0.0,0.0,0,0,0,0,50.0,30.0,55.0,43.8,0,39.6,120.50,118.69,129.00,124.20,2.71,上市成交金額排行,GitHub Actions background v2.15.4,⚪ 候選 / 觀察
2026-06-12_3481,2026-06-12,18:47:01,3481,群創,動能股 / 先看資金,👀 前兆出現,等低吸,有效/上漲,盤中背景暫估,背景追蹤中,2026-06-12 18:47:01,48.55,48.55,0.0,0.0,0,0,0,0,50.0,30.0,58.2,68.6,27.3,54.8,48.50,47.77,50.50,49.42,1.61,上市成交金額排行,GitHub Actions background v2.15.4,👀 前兆出現
2026-06-12_2409,2026-06-12,18:47:01,2409,友達,動能股 / 先看資金,⚪ 候選 / 觀察,觀察,追蹤中,盤中背景暫估,背景追蹤中,2026-06-12 18:47:01,23.5,23.5,0.0,0.0,0,0,0,0,50.0,30.0,62.0,61.0,12.1,50.5,23.45,23.10,25.00,23.92,1.7,上市成交金額排行,GitHub Actions background v2.15.4,⚪ 候選 / 觀察
2026-06-12_2360,2026-06-12,18:47:01,2360,致茂,動能股 / 先看資金,⚪ 候選 / 觀察,觀察,有效/上漲,盤中背景暫估,背景追蹤中,2026-06-12 18:47:01,2295.0,2295.0,0.0,0.0,0,0,0,0,50.0,30.0,45.4,64.2,38.3,51.0,2260.57,2226.66,2320.00,2336.31,2.98,上市成交金額排行,GitHub Actions background v2.15.4,⚪ 候選 / 觀察
2026-06-12_2478,2026-06-12,18:47:01,2478,大毅,動能股 / 先看資金,⚪ 候選 / 觀察,觀察,弱勢/回撤,盤中背景暫估,背景追蹤中,2026-06-12 18:47:01,171.5,171.5,0.0,0.0,0,0,0,0,50.0,30.0,55.0,41.5,0,38.8,168.93,166.40,194.50,174.59,2.97,上市成交金額排行,GitHub Actions background v2.15.4,⚪ 候選 / 觀察
2026-06-12_8150,2026-06-12,18:47:01,8150,南茂,動能股 / 先看資金,⏳ 到價等確認,嚴格小量等待確認,追蹤中,盤中背景暫估,背景追蹤中,2026-06-12 18:47:01,97.0,97.0,0.0,0.0,0,0,0,0,50.0,30.0,65.0,54.6,0,46.9,96.70,95.25,104.00,98.75,1.8,上市成交金額排行,GitHub Actions background v2.15.4,⏳ 到價等確認
2026-06-12_3090,2026-06-12,18:47:01,3090,日電貿,動能股 / 先看資金,🔴 接近漲停 / 不追,不可追,接近漲停/大漲,盤中背景暫估,背景追蹤中,2026-06-12 18:47:01,256.0,256.0,0.0,0.0,0,0,0,0,50.0,30.0,35.3,94.5,100,70.4,252.16,248.38,258.05,260.61,2.98,上市成交金額排行,GitHub Actions background v2.15.4,🔴 接近漲停 / 不追
2026-06-12_2404,2026-06-12,18:47:01,2404,漢唐,動能股 / 先看資金,🔴 接近漲停 / 不追,不可追,接近漲停/大漲,盤中背景暫估,背景追蹤中,2026-06-12 18:47:01,1310.0,1310.0,0.0,0.0,0,0,0,0,50.0,30.0,35.8,93.5,100,70.2,1290.35,1270.99,1320.48,1333.58,2.98,上市成交金額排行,GitHub Actions background v2.15.4,🔴 接近漲停 / 不追
2026-06-12_3036,2026-06-12,18:47:01,3036,文曄,動能股 / 先看資金,⏳ 到價等確認,嚴格小量等待確認,追蹤中,盤中背景暫估,背景追蹤中,2026-06-12 18:47:01,228.5,228.5,0.0,0.0,0,0,0,0,50.0,30.0,65.0,48.1,0,44.6,228.50,225.07,240.00,232.61,1.5,上市成交金額排行,GitHub Actions background v2.15.4,⏳ 到價等確認
2026-06-12_4919,2026-06-12,18:47:01,4919,新唐,動能股 / 先看資金,⚪ 候選 / 觀察,觀察,追蹤中,盤中背景暫估,背景追蹤中,2026-06-12 18:47:01,175.5,175.5,0.0,0.0,0,0,0,0,50.0,30.0,61.5,62.0,13.9,51.0,175.50,172.87,188.00,178.66,1.5,上市成交金額排行,GitHub Actions background v2.15.4,⚪ 候選 / 觀察
2026-06-12_6239,2026-06-12,18:47:01,6239,力成,動能股 / 先看資金,👀 前兆出現,等低吸,有效/上漲,盤中背景暫估,背景追蹤中,2026-06-12 18:47:01,347.5,347.5,0.0,0.0,0,0,0,0,50.0,30.0,46.3,72.4,34.8,53.5,342.29,337.16,363.50,353.75,2.98,上市成交金額排行,GitHub Actions background v2.15.4,👀 前兆出現
2026-06-12_2449,2026-06-12,18:47:01,2449,京元電子,動能股 / 先看資金,👀 前兆出現,等低吸,有效/上漲,盤中背景暫估,背景追蹤中,2026-06-12 18:47:01,282.0,282.0,0.0,0.0,0,0,0,0,50.0,30.0,57.6,69.7,29.4,55.5,280.50,276.29,287.00,287.08,2.02,上市成交金額排行,GitHub Actions background v2.15.4,👀 前兆出現
2026-06-12_7769,2026-06-12,18:47:01,7769,鴻勁,動能股 / 先看資金,⚪ 候選 / 觀察,觀察,追蹤中,盤中背景暫估,背景追蹤中,2026-06-12 18:47:01,7210.0,7210.0,0.0,0.0,0,0,0,0,50.0,30.0,60.6,53.8,17.6,48.6,7200.00,7092.00,7545.00,7339.78,1.64,上市成交金額排行,GitHub Actions background v2.15.4,⚪ 候選 / 觀察
2026-06-12_1303,2026-06-12,18:47:01,1303,南亞,動能股 / 先看資金,🔴 接近漲停 / 不追,不可追,接近漲停/大漲,盤中背景暫估,背景追蹤中,2026-06-12 18:47:01,106.5,106.5,0.0,0.0,0,0,0,0,50.0,30.0,35.2,94.6,100,70.4,104.90,103.33,107.35,108.42,2.98,上市成交金額排行,GitHub Actions background v2.15.4,🔴 接近漲停 / 不追
2026-06-12_3450,2026-06-12,18:47:01,3450,聯鈞,動能股 / 先看資金,⚪ 候選 / 觀察,觀察,追蹤中,盤中背景暫估,背景追蹤中,2026-06-12 18:47:01,461.0,461.0,0.0,0.0,1.19,0,1.19,0,21.0,20.0,61.2,62.5,15.0,48.4,461.00,454.08,482.00,469.30,1.5,盤後AI候選,GitHub Actions background v2.15.4,⚪ 候選 / 觀察
2026-06-12_8112,2026-06-12,18:47:01,8112,至上,動能股 / 先看資金,👀 前兆出現,等低吸,有效/上漲,盤中背景暫估,背景追蹤中,2026-06-12 18:47:01,98.8,98.8,0.0,0.0,0,0,0,0,50.0,30.0,58.1,68.8,27.7,55.0,98.20,96.73,104.00,100.58,2.1,上市成交金額排行,GitHub Actions background v2.15.4,👀 前兆出現
2026-06-12_2603,2026-06-12,18:47:01,2603,長榮,動能股 / 先看資金,⚪ 候選 / 觀察,觀察,追蹤中,盤中背景暫估,背景追蹤中,2026-06-12 18:47:01,228.0,228.0,0.0,0.0,0,0,0,0,50.0,30.0,63.2,58.5,7.0,49.0,226.50,223.10,232.00,232.10,2.15,上市成交金額排行,GitHub Actions background v2.15.4,⚪ 候選 / 觀察
2026-06-12_2301,2026-06-12,18:47:01,2301,光寶科,動能股 / 先看資金,👀 前兆出現,等低吸,有效/上漲,盤中背景暫估,背景追蹤中,2026-06-12 18:47:01,217.0,217.0,0.0,0.0,0,0,0,0,50.0,30.0,56.8,71.3,32.6,56.4,214.50,211.28,221.00,220.91,2.64,上市成交金額排行,GitHub Actions background v2.15.4,👀 前兆出現
2026-06-12_2484,2026-06-12,18:47:01,2484,希華,動能股 / 先看資金,🔴 接近漲停 / 不追,不可追,接近漲停/大漲,盤中背景暫估,背景追蹤中,2026-06-12 18:47:01,66.7,66.7,0.0,0.0,0,0,0,0,50.0,30.0,35.2,94.5,100,70.4,65.70,64.71,67.23,67.90,2.98,上市成交金額排行,GitHub Actions background v2.15.4,🔴 接近漲停 / 不追
2026-06-12_6531,2026-06-12,18:47:01,6531,愛普*,動能股 / 先看資金,⚪ 候選 / 觀察,觀察,有效/上漲,盤中背景暫估,背景追蹤中,2026-06-12 18:47:01,932.0,932.0,0.0,0.0,0,0,0,0,50.0,30.0,45.6,73.9,37.8,54.4,920.00,906.20,974.00,948.78,2.77,上市成交金額排行,GitHub Actions background v2.15.4,⚪ 候選 / 觀察
2026-06-12_2883,2026-06-12,18:47:01,2883,凱基金,動能股 / 先看資金,⏳ 到價等確認,嚴格小量等待確認,追蹤中,盤中背景暫估,背景追蹤中,2026-06-12 18:47:01,27.45,27.45,0.0,0.0,0,0,0,0,50.0,30.0,65.0,50.7,0,45.5,27.45,27.04,29.40,27.94,1.49,上市成交金額排行,GitHub Actions background v2.15.4,⏳ 到價等確認
2026-06-12_00919,2026-06-12,18:47:01,00919,群益台灣精選高息,ETF / 市場動能,⏳ 到價等確認,嚴格小量等待確認,追蹤中,盤中背景暫估,背景追蹤中,2026-06-12 18:47:01,30.19,30.19,0.0,0.0,0,0,0,0,50.0,30.0,65.0,55,0,47.0,30.16,29.71,30.96,30.73,1.59,上市成交金額排行,GitHub Actions background v2.15.4,⏳ 到價等確認
2026-06-12_6285,2026-06-12,18:47:01,6285,啟碁,動能股 / 先看資金,⏳ 到價等確認,嚴格小量等待確認,追蹤中,盤中背景暫估,背景追蹤中,2026-06-12 18:47:01,270.0,270.0,0.0,0.0,0,0,0,0,50.0,30.0,65.0,51.3,0,45.7,269.00,264.96,296.00,274.86,1.87,上市成交金額排行,GitHub Actions background v2.15.4,⏳ 到價等確認
2026-06-12_3406,2026-06-12,18:47:01,3406,玉晶光,動能股 / 先看資金,⏳ 到價等確認,嚴格小量等待確認,弱勢/回撤,盤中背景暫估,背景追蹤中,2026-06-12 18:47:01,662.0,662.0,0.0,0.0,0,0,0,0,50.0,30.0,65.0,37.1,0,40.7,657.00,647.14,739.00,673.92,2.24,上市成交金額排行,GitHub Actions background v2.15.4,⏳ 到價等確認
2026-06-12_6515,2026-06-12,18:47:01,6515,穎崴,動能股 / 先看資金,🔴 接近漲停 / 不追,不可追,接近漲停/大漲,盤中背景暫估,背景追蹤中,2026-06-12 18:47:01,9590.0,9590.0,0.0,0.0,0,0,0,0,50.0,30.0,35.0,84.9,100,67.0,9446.15,9304.46,9666.72,9762.62,2.98,上市成交金額排行,GitHub Actions background v2.15.4,🔴 接近漲停 / 不追
2026-06-12_8996,2026-06-12,18:47:01,8996,高力,動能股 / 先看資金,⚪ 候選 / 觀察,觀察,追蹤中,盤中背景暫估,背景追蹤中,2026-06-12 18:47:01,1145.0,1145.0,0.0,0.0,0,0,0,0,50.0,30.0,64.1,56.8,3.5,48.0,1135.00,1117.97,1225.00,1165.61,2.36,上市成交金額排行,GitHub Actions background v2.15.4,⚪ 候選 / 觀察
2026-06-12_6446,2026-06-12,18:47:01,6446,藥華藥,動能股 / 先看資金,⚪ 候選 / 觀察,觀察,追蹤中,盤中背景暫估,背景追蹤中,2026-06-12 18:47:01,949.0,949.0,0.0,0.0,0,0,0,0,50.0,30.0,51.8,51.4,12.9,43.7,934.76,920.74,968.00,966.08,2.98,上市成交金額排行,GitHub Actions background v2.15.4,⚪ 候選 / 觀察
2026-06-12_2455,2026-06-12,18:47:01,2455,全新,動能股 / 先看資金,🔴 接近漲停 / 不追,不可追,接近漲停/大漲,盤中背景暫估,背景追蹤中,2026-06-12 18:47:01,352.0,352.0,0.0,0.0,0,0,0,0,50.0,30.0,35.0,95.0,100,70.5,346.72,341.52,354.82,358.34,2.98,上市成交金額排行,GitHub Actions background v2.15.4,🔴 接近漲停 / 不追
2026-06-12_6770,2026-06-12,18:47:01,6770,力積電,動能股 / 先看資金,👀 前兆出現,等低吸,有效/上漲,盤中背景暫估,背景追蹤中,2026-06-12 18:47:01,67.2,67.2,0.0,0.0,0,0,0,0,50.0,30.0,56.3,72.4,34.8,57.0,67.00,66.00,68.00,68.41,1.79,上市成交金額排行,GitHub Actions background v2.15.4,👀 前兆出現
2026-06-12_2379,2026-06-12,18:47:01,2379,瑞昱,動能股 / 先看資金,⏳ 到價等確認,嚴格小量等待確認,弱勢/回撤,盤中背景暫估,背景追蹤中,2026-06-12 18:47:01,618.0,618.0,0.0,0.0,0,0,0,0,50.0,30.0,65.0,32.4,0,39.1,616.00,606.76,665.00,629.12,1.82,上市成交金額排行,GitHub Actions background v2.15.4,⏳ 到價等確認
2026-06-12_2891,2026-06-12,18:47:01,2891,中信金,中大型資金股,⚪ 候選 / 觀察,觀察,追蹤中,盤中背景暫估,背景追蹤中,2026-06-12 18:47:01,67.6,67.6,0.0,0.0,0,0,0,0,50.0,30.0,64.7,55.6,1.2,47.3,66.90,65.90,69.20,68.82,2.51,上市成交金額排行,GitHub Actions background v2.15.4,⚪ 候選 / 觀察
2026-06-12_2376,2026-06-12,18:47:01,2376,技嘉,動能股 / 先看資金,⚪ 候選 / 觀察,觀察,追蹤中,盤中背景暫估,背景追蹤中,2026-06-12 18:47:01,342.0,342.0,0.0,0.0,0,0,0,0,50.0,30.0,63.8,57.4,4.7,48.4,341.00,335.88,354.00,348.16,1.79,上市成交金額排行,GitHub Actions background v2.15.4,⚪ 候選 / 觀察
2026-06-12_3533,2026-06-12,18:47:01,3533,嘉澤,動能股 / 先看資金,⚪ 候選 / 觀察,觀察,有效/上漲,盤中背景暫估,背景追蹤中,2026-06-12 18:47:01,2240.0,2240.0,0.0,0.0,0,0,0,0,50.0,30.0,46.1,62.7,35.4,50.2,2206.40,2173.30,2290.00,2280.32,2.98,上市成交金額排行,GitHub Actions background v2.15.4,⚪ 候選 / 觀察
2026-06-12_2357,2026-06-12,18:47:01,2357,華碩,動能股 / 先看資金,⚪ 候選 / 觀察,觀察,追蹤中,盤中背景暫估,背景追蹤中,2026-06-12 18:47:01,785.0,785.0,0.0,0.0,0,0,0,0,50.0,30.0,64.7,55.5,1.0,47.3,780.00,768.30,805.00,799.13,2.13,上市成交金額排行,GitHub Actions background v2.15.4,⚪ 候選 / 觀察
2026-06-12_2059,2026-06-12,18:47:01,2059,川湖,動能股 / 先看資金,🔴 已過熱 / 等回測,不可追,有效/上漲,盤中背景暫估,背景追蹤中,2026-06-12 18:47:01,6910.0,6910.0,0.0,0.0,0,0,0,0,50.0,30.0,39.1,76.9,83.8,62.3,6806.35,6704.25,7040.00,7034.38,2.98,上市成交金額排行,GitHub Actions background v2.15.4,🔴 已過熱 / 等回測
2026-06-12_1519,2026-06-12,18:47:01,1519,華城,動能股 / 先看資金,⚪ 候選 / 觀察,觀察,追蹤中,盤中背景暫估,背景追蹤中,2026-06-12 18:47:01,791.0,791.0,0.0,0.0,0,0,0,0,50.0,30.0,60.3,64.3,18.6,52.4,783.00,771.25,813.00,805.24,2.5,上市成交金額排行,GitHub Actions background v2.15.4,⚪ 候選 / 觀察
2026-06-12_6451,2026-06-12,18:47:01,6451,訊芯-KY,動能股 / 先看資金,⚪ 候選 / 觀察,觀察,追蹤中,盤中背景暫估,背景追蹤中,2026-06-12 18:47:01,502.0,502.0,0.0,0.0,0,0,0,0,50.0,30.0,64.0,57.0,4.0,48.1,500.00,492.50,530.00,511.04,1.89,上市成交金額排行,GitHub Actions background v2.15.4,⚪ 候選 / 觀察
2026-06-12_6415,2026-06-12,18:47:01,6415,矽力*-KY,動能股 / 先看資金,⚪ 候選 / 觀察,觀察,追蹤中,盤中背景暫估,背景追蹤中,2026-06-12 18:47:01,487.0,487.0,0.0,0.0,0,0,0,0,50.0,30.0,52.5,60.0,10.0,46.4,479.69,472.49,509.00,495.77,2.98,上市成交金額排行,GitHub Actions background v2.15.4,⚪ 候選 / 觀察
2026-06-12_3167,2026-06-12,18:47:01,3167,大量,動能股 / 先看資金,⏳ 到價等確認,嚴格小量等待確認,弱勢/回撤,盤中背景暫估,背景追蹤中,2026-06-12 18:47:01,806.0,806.0,0.0,0.0,0,0,0,0,50.0,30.0,65.0,35.6,0,40.2,802.00,789.97,905.00,820.51,1.99,上市成交金額排行,GitHub Actions background v2.15.4,⏳ 到價等確認
2026-06-12_2882,2026-06-12,18:47:01,2882,國泰金,中大型資金股,⏳ 到價等確認,嚴格小量等待確認,追蹤中,盤中背景暫估,背景追蹤中,2026-06-12 18:47:01,100.5,100.5,0.0,0.0,0,0,0,0,50.0,30.0,65.0,55,0,47.0,99.70,98.20,105.50,102.31,2.29,上市成交金額排行,GitHub Actions background v2.15.4,⏳ 到價等確認
2026-06-12_009816,2026-06-12,18:47:01,009816,凱基台灣TOP50,ETF / 市場動能,⚪ 候選 / 觀察,觀察,有效/上漲,盤中背景暫估,背景追蹤中,2026-06-12 18:47:01,14.9,14.9,0.0,0.0,0,0,0,0,50.0,30.0,59.9,65.2,20.4,52.9,14.84,14.62,15.19,15.17,1.88,上市成交金額排行,GitHub Actions background v2.15.4,⚪ 候選 / 觀察
2026-06-12_2367,2026-06-12,18:47:01,2367,燿華,動能股 / 先看資金,⏳ 到價等確認,嚴格小量等待確認,弱勢/回撤,盤中背景暫估,背景追蹤中,2026-06-12 18:47:01,62.7,62.7,0.0,0.0,0,0,0,0,50.0,30.0,65.0,43.2,0,42.9,62.70,61.76,68.80,63.83,1.5,上市成交金額排行,GitHub Actions background v2.15.4,⏳ 到價等確認
2026-06-12_0056,2026-06-12,18:47:01,0056,元大高股息,ETF / 市場動能,⚪ 候選 / 觀察,觀察,追蹤中,盤中背景暫估,背景追蹤中,2026-06-12 18:47:01,50.6,50.6,0.0,0.0,0,0,0,0,50.0,30.0,60.9,63.2,16.3,51.7,50.50,49.74,51.65,51.51,1.7,上市成交金額排行,GitHub Actions background v2.15.4,⚪ 候選 / 觀察
2026-06-12_6139,2026-06-12,18:47:01,6139,亞翔,動能股 / 先看資金,🔴 接近漲停 / 不追,不可追,接近漲停/大漲,盤中背景暫估,背景追蹤中,2026-06-12 18:47:01,805.0,805.0,0.0,0.0,0,0,0,0,50.0,30.0,35.1,94.9,100,70.5,792.92,781.03,811.44,819.49,2.98,上市成交金額排行,GitHub Actions background v2.15.4,🔴 接近漲停 / 不追
2026-06-12_2324,2026-06-12,18:47:01,2324,仁寶,動能股 / 先看資金,⚪ 候選 / 觀察,觀察,追蹤中,盤中背景暫估,背景追蹤中,2026-06-12 18:47:01,36.35,36.35,0.0,0.0,0,0,0,0,50.0,30.0,63.9,57.2,4.4,48.3,36.25,35.71,38.10,37.00,1.76,上市成交金額排行,GitHub Actions background v2.15.4,⚪ 候選 / 觀察
2026-06-12_1802,2026-06-12,18:47:01,1802,台玻,動能股 / 先看資金,🔴 已過熱 / 等回測,不可追,有效/上漲,盤中背景暫估,背景追蹤中,2026-06-12 18:47:01,64.1,64.1,0.0,0.0,0,0,0,0,50.0,30.0,38.8,87.4,84.7,66.1,63.14,62.19,64.90,65.25,2.98,上市成交金額排行,GitHub Actions background v2.15.4,🔴 已過熱 / 等回測
2026-06-12_2337,2026-06-12,18:47:01,2337,旺宏,動能股 / 先看資金,⚪ 候選 / 觀察,觀察,有效/上漲,盤中背景暫估,背景追蹤中,2026-06-12 18:47:01,146.5,146.5,0.0,0.0,0,0,0,0,50.0,30.0,45.7,73.6,37.1,54.2,144.30,142.14,148.00,149.14,2.98,上市成交金額排行,GitHub Actions background v2.15.4,⚪ 候選 / 觀察
2026-06-12_2356,2026-06-12,18:47:01,2356,英業達,動能股 / 先看資金,⚪ 候選 / 觀察,觀察,追蹤中,盤中背景暫估,背景追蹤中,2026-06-12 18:47:01,66.2,66.2,0.0,0.0,0,0,0,0,50.0,30.0,62.6,59.9,9.8,49.8,66.10,65.11,69.20,67.39,1.65,上市成交金額排行,GitHub Actions background v2.15.4,⚪ 候選 / 觀察
2026-06-12_4938,2026-06-12,18:47:01,4938,和碩,動能股 / 先看資金,⏳ 到價等確認,嚴格小量等待確認,弱勢/回撤,盤中背景暫估,背景追蹤中,2026-06-12 18:47:01,93.1,93.1,0.0,0.0,0,0,0,0,50.0,30.0,65.0,45.4,0,43.6,93.10,91.70,97.00,94.78,1.5,上市成交金額排行,GitHub Actions background v2.15.4,⏳ 到價等確認
2026-06-12_6282,2026-06-12,18:47:01,6282,康舒,動能股 / 先看資金,⚪ 候選 / 觀察,觀察,追蹤中,盤中背景暫估,背景追蹤中,2026-06-12 18:47:01,58.1,58.1,0.0,0.0,0,0,0,0,50.0,30.0,61.9,61.3,12.6,50.6,58.00,57.13,60.90,59.15,1.67,上市成交金額排行,GitHub Actions background v2.15.4,⚪ 候選 / 觀察
2026-06-12_2481,2026-06-12,18:47:01,2481,強茂,動能股 / 先看資金,⚪ 候選 / 觀察,觀察,有效/上漲,盤中背景暫估,背景追蹤中,2026-06-12 18:47:01,145.0,145.0,0.0,0.0,0,0,0,0,50.0,30.0,43.3,78.4,46.7,56.9,142.82,140.68,150.50,147.61,2.98,上市成交金額排行,GitHub Actions background v2.15.4,⚪ 候選 / 觀察
2026-06-12_6442,2026-06-12,18:47:01,6442,光聖,動能股 / 先看資金,⚪ 候選 / 觀察,觀察,追蹤中,盤中背景暫估,背景追蹤中,2026-06-12 18:47:01,1855.0,1855.0,0.0,0.0,0,0,0,0,50.0,30.0,51.2,52.7,15.4,44.4,1827.17,1799.76,1900.00,1888.39,2.98,上市成交金額排行,GitHub Actions background v2.15.4,⚪ 候選 / 觀察
2026-06-12_6213,2026-06-12,18:47:01,6213,聯茂,動能股 / 先看資金,⚪ 候選 / 觀察,觀察,追蹤中,盤中背景暫估,背景追蹤中,2026-06-12 18:47:01,252.5,252.5,0.0,0.0,0,0,0,0,50.0,30.0,51.4,62.2,14.5,47.7,249.50,245.76,263.50,257.05,2.67,上市成交金額排行,GitHub Actions background v2.15.4,⚪ 候選 / 觀察
2026-06-12_00918,2026-06-12,18:47:01,00918,大華優利高填息30,ETF / 市場動能,⚪ 候選 / 觀察,觀察,追蹤中,盤中背景暫估,背景追蹤中,2026-06-12 18:47:01,30.85,30.85,0.0,0.0,0,0,0,0,50.0,30.0,61.4,62.3,14.6,51.2,30.79,30.33,31.44,31.41,1.69,上市成交金額排行,GitHub Actions background v2.15.4,⚪ 候選 / 觀察
2026-06-12_8028,2026-06-12,18:47:01,8028,昇陽半導體,動能股 / 先看資金,👀 前兆出現,等低吸,有效/上漲,盤中背景暫估,背景追蹤中,2026-06-12 18:47:01,315.0,315.0,0.0,0.0,0,0,0,0,50.0,30.0,46.0,72.9,35.8,53.8,310.27,305.62,328.00,320.67,2.98,上市成交金額排行,GitHub Actions background v2.15.4,👀 前兆出現
2026-06-12_2609,2026-06-12,18:47:01,2609,陽明,動能股 / 先看資金,⚪ 候選 / 觀察,觀察,有效/上漲,盤中背景暫估,背景追蹤中,2026-06-12 18:47:01,52.4,52.4,0.0,0.0,0,0,0,0,50.0,30.0,49.9,65.2,20.3,49.3,51.61,50.84,53.30,53.34,2.98,上市成交金額排行,GitHub Actions background v2.15.4,⚪ 候選 / 觀察
2026-06-12_2493,2026-06-12,18:47:01,2493,揚博,動能股 / 先看資金,🔴 接近漲停 / 不追,不可追,接近漲停/大漲,盤中背景暫估,背景追蹤中,2026-06-12 18:47:01,207.0,207.0,0.0,0.0,0,0,0,0,50.0,30.0,45.4,94.2,100,73.9,207.00,203.90,208.66,210.73,1.5,上市成交金額排行,GitHub Actions background v2.15.4,🔴 接近漲停 / 不追
2026-06-12_2486,2026-06-12,18:47:01,2486,一詮,動能股 / 先看資金,⚪ 候選 / 觀察,觀察,有效/上漲,盤中背景暫估,背景追蹤中,2026-06-12 18:47:01,251.5,251.5,0.0,0.0,0,0,0,0,50.0,30.0,59.7,65.6,21.2,53.1,249.00,245.26,259.00,256.03,2.48,上市成交金額排行,GitHub Actions background v2.15.4,⚪ 候選 / 觀察
2026-06-12_2406,2026-06-12,18:47:01,2406,國碩,動能股 / 先看資金,⏳ 到價等確認,嚴格小量等待確認,追蹤中,盤中背景暫估,背景追蹤中,2026-06-12 18:47:01,39.0,39.0,0.0,0.0,0,0,0,0,50.0,30.0,65.0,50.9,0,45.6,38.70,38.12,43.30,39.70,2.26,上市成交金額排行,GitHub Actions background v2.15.4,⏳ 到價等確認
2026-06-12_6278,2026-06-12,18:47:01,6278,台表科,動能股 / 先看資金,🔴 接近漲停 / 不追,不可追,接近漲停/大漲,盤中背景暫估,背景追蹤中,2026-06-12 18:47:01,211.0,211.0,0.0,0.0,0,0,0,0,50.0,30.0,35.2,94.6,100,70.4,207.84,204.72,212.69,214.80,2.98,上市成交金額排行,GitHub Actions background v2.15.4,🔴 接近漲停 / 不追
2026-06-12_2412,2026-06-12,18:47:01,2412,中華電,動能股 / 先看資金,⏳ 到價等確認,嚴格小量等待確認,追蹤中,盤中背景暫估,背景追蹤中,2026-06-12 18:47:01,145.0,145.0,0.0,0.0,0,0,0,0,50.0,30.0,65.0,55,15,50.0,143.50,141.35,146.16,147.61,2.52,上市成交金額排行,GitHub Actions background v2.15.4,⏳ 到價等確認
2026-06-12_5871,2026-06-12,18:47:01,5871,中租-KY,動能股 / 先看資金,⚪ 候選 / 觀察,觀察,追蹤中,盤中背景暫估,背景追蹤中,2026-06-12 18:47:01,121.5,121.5,0.0,0.0,0,0,0,0,50.0,30.0,55.0,50.1,5.2,42.8,119.68,117.88,122.47,123.69,2.98,上市成交金額排行,GitHub Actions background v2.15.4,⚪ 候選 / 觀察
2026-06-12_6781,2026-06-12,18:47:01,6781,AES-KY,動能股 / 先看資金,⏳ 到價等確認,嚴格小量等待確認,追蹤中,盤中背景暫估,背景追蹤中,2026-06-12 18:47:01,1145.0,1145.0,0.0,0.0,0,0,0,0,50.0,30.0,65.0,41.5,0,42.3,1140.00,1122.90,1190.00,1165.61,1.93,上市成交金額排行,GitHub Actions background v2.15.4,⏳ 到價等確認
2026-06-12_2451,2026-06-12,18:47:01,2451,創見,動能股 / 先看資金,⚪ 候選 / 觀察,觀察,有效/上漲,盤中背景暫估,背景追蹤中,2026-06-12 18:47:01,305.5,305.5,0.0,0.0,0,0,0,0,50.0,30.0,55.8,73.5,37.0,57.6,303.00,298.45,311.00,311.00,2.31,上市成交金額排行,GitHub Actions background v2.15.4,⚪ 候選 / 觀察
2026-06-12_0052,2026-06-12,18:47:01,0052,富邦科技,ETF / 市場動能,⚪ 候選 / 觀察,觀察,追蹤中,盤中背景暫估,背景追蹤中,2026-06-12 18:47:01,59.6,59.6,0.0,0.0,0,0,0,0,50.0,30.0,60.0,65.0,19.9,52.7,59.30,58.41,60.25,60.67,2.0,上市成交金額排行,GitHub Actions background v2.15.4,⚪ 候選 / 觀察
2026-06-12_3048,2026-06-12,18:47:01,3048,益登,動能股 / 先看資金,⏳ 到價等確認,嚴格小量等待確認,弱勢/回撤,盤中背景暫估,背景追蹤中,2026-06-12 18:47:01,73.0,73.0,0.0,0.0,0,0,0,0,50.0,30.0,65.0,44.3,0,43.3,72.50,71.41,77.90,74.31,2.18,上市成交金額排行,GitHub Actions background v2.15.4,⏳ 到價等確認
2026-06-12_6197,2026-06-12,18:47:01,6197,佳必琪,動能股 / 先看資金,⚪ 候選 / 觀察,觀察,有效/上漲,盤中背景暫估,背景追蹤中,2026-06-12 18:47:01,327.5,327.5,0.0,0.0,0,0,0,0,50.0,30.0,48.7,67.6,25.2,50.7,322.59,317.75,335.50,333.39,2.98,上市成交金額排行,GitHub Actions background v2.15.4,⚪ 候選 / 觀察
2026-06-12_3026,2026-06-12,18:47:01,3026,禾伸堂,動能股 / 先看資金,🔴 接近漲停 / 不追,不可追,接近漲停/大漲,盤中背景暫估,背景追蹤中,2026-06-12 18:47:01,764.0,764.0,0.0,0.0,0,0,0,0,50.0,30.0,45.1,94.7,100,74.0,764.00,752.54,770.11,777.75,1.5,上市成交金額排行,GitHub Actions background v2.15.4,🔴 接近漲停 / 不追
2026-06-12_6155,2026-06-12,18:47:01,6155,鈞寶,動能股 / 先看資金,⚪ 候選 / 觀察,觀察,弱勢/回撤,盤中背景暫估,背景追蹤中,2026-06-12 18:47:01,82.0,82.0,0.0,0.0,0,0,0,0,50.0,30.0,55.0,45.0,0,40.0,80.77,79.56,89.50,83.48,2.98,上市成交金額排行,GitHub Actions background v2.15.4,⚪ 候選 / 觀察
2026-06-12_3045,2026-06-12,18:47:01,3045,台灣大,動能股 / 先看資金,⚪ 候選 / 觀察,觀察,追蹤中,盤中背景暫估,背景追蹤中,2026-06-12 18:47:01,119.5,119.5,0.0,0.0,0,0,0,0,50.0,30.0,64.2,56.7,3.4,48.0,118.50,116.72,120.50,121.65,2.33,上市成交金額排行,GitHub Actions background v2.15.4,⚪ 候選 / 觀察
2026-06-12_4967,2026-06-12,18:47:01,4967,十銓,動能股 / 先看資金,⏳ 到價等確認,嚴格小量等待確認,追蹤中,盤中背景暫估,背景追蹤中,2026-06-12 18:47:01,272.0,272.0,0.0,0.0,0,0,0,0,50.0,30.0,65.0,47.1,0,44.2,272.00,267.92,290.00,276.90,1.5,上市成交金額排行,GitHub Actions background v2.15.4,⏳ 到價等確認
2026-06-12_3006,2026-06-12,18:47:01,3006,晶豪科,動能股 / 先看資金,🔴 已過熱 / 等回測,不可追,有效/上漲,盤中背景暫估,背景追蹤中,2026-06-12 18:47:01,217.0,217.0,0.0,0.0,0,0,0,0,50.0,30.0,52.8,79.4,48.9,61.1,215.00,211.78,221.50,220.91,2.41,上市成交金額排行,GitHub Actions background v2.15.4,🔴 已過熱 / 等回測
2026-06-12_8210,2026-06-12,18:47:01,8210,勤誠,動能股 / 先看資金,⚪ 候選 / 觀察,觀察,追蹤中,盤中背景暫估,背景追蹤中,2026-06-12 18:47:01,1475.0,1475.0,0.0,0.0,0,0,0,0,50.0,30.0,50.1,54.7,19.4,45.6,1452.88,1431.09,1520.00,1501.55,2.98,上市成交金額排行,GitHub Actions background v2.15.4,⚪ 候選 / 觀察
2026-06-12_6443,2026-06-12,18:47:01,6443,元晶,動能股 / 先看資金,👀 前兆出現,等低吸,有效/上漲,盤中背景暫估,背景追蹤中,2026-06-12 18:47:01,41.75,41.75,0.0,0.0,0,0,0,0,50.0,30.0,56.2,72.5,35.0,57.1,41.65,41.03,43.80,42.50,1.72,上市成交金額排行,GitHub Actions background v2.15.4,👀 前兆出現
2026-06-12_3715,2026-06-12,18:47:01,3715,定穎投控,動能股 / 先看資金,⚪ 候選 / 觀察,觀察,追蹤中,盤中背景暫估,背景追蹤中,2026-06-12 18:47:01,166.5,166.5,0.0,0.0,0,0,0,0,50.0,30.0,64.4,56.2,2.4,47.7,166.50,164.00,173.00,169.50,1.5,上市成交金額排行,GitHub Actions background v2.15.4,⚪ 候選 / 觀察
2026-06-12_2377,2026-06-12,18:47:01,2377,微星,動能股 / 先看資金,⚪ 候選 / 觀察,觀察,追蹤中,盤中背景暫估,背景追蹤中,2026-06-12 18:47:01,136.5,136.5,0.0,0.0,0,0,0,0,50.0,30.0,60.5,64.0,18.0,52.2,136.50,134.45,143.50,138.96,1.5,上市成交金額排行,GitHub Actions background v2.15.4,⚪ 候選 / 觀察
2026-06-12_7788,2026-06-12,18:47:01,7788,松川精密,動能股 / 先看資金,⏳ 到價等確認,嚴格小量等待確認,追蹤中,盤中背景暫估,背景追蹤中,2026-06-12 18:47:01,266.0,266.0,0.0,0.0,0,0,0,0,50.0,30.0,65.0,47.6,0,44.4,263.00,259.06,286.00,270.79,2.61,上市成交金額排行,GitHub Actions background v2.15.4,⏳ 到價等確認
2026-06-12_3702,2026-06-12,18:47:01,3702,大聯大,動能股 / 先看資金,⏳ 到價等確認,嚴格小量等待確認,弱勢/回撤,盤中背景暫估,背景追蹤中,2026-06-12 18:47:01,105.0,105.0,0.0,0.0,0,0,0,0,50.0,30.0,65.0,42.1,0,42.5,104.00,102.44,111.50,106.89,2.44,上市成交金額排行,GitHub Actions background v2.15.4,⏳ 到價等確認
2026-06-12_4916,2026-06-12,18:47:01,4916,事欣科,動能股 / 先看資金,⏳ 到價等確認,嚴格小量等待確認,弱勢/回撤,盤中背景暫估,背景追蹤中,2026-06-12 18:47:01,107.5,107.5,0.0,0.0,0,0,0,0,50.0,30.0,65.0,30.6,0,38.4,106.50,104.90,120.50,109.44,2.42,上市成交金額排行,GitHub Actions background v2.15.4,⏳ 到價等確認
2026-06-12_2395,2026-06-12,18:47:01,2395,研華,動能股 / 先看資金,⚪ 候選 / 觀察,觀察,追蹤中,盤中背景暫估,背景追蹤中,2026-06-12 18:47:01,473.0,473.0,0.0,0.0,0,0,0,0,50.0,30.0,61.1,52.8,15.5,48.0,469.50,462.46,481.00,481.51,2.23,上市成交金額排行,GitHub Actions background v2.15.4,⚪ 候選 / 觀察
2026-06-12_2353,2026-06-12,18:47:01,2353,宏碁,動能股 / 先看資金,⏳ 到價等確認,嚴格小量等待確認,追蹤中,盤中背景暫估,背景追蹤中,2026-06-12 18:47:01,36.7,36.7,0.0,0.0,0,0,0,0,50.0,30.0,65.0,52.8,0,46.2,36.55,36.00,38.50,37.36,1.91,上市成交金額排行,GitHub Actions background v2.15.4,⏳ 到價等確認
2026-06-12_3034,2026-06-12,18:47:01,3034,聯詠,動能股 / 先看資金,⚪ 候選 / 觀察,觀察,追蹤中,盤中背景暫估,背景追蹤中,2026-06-12 18:47:01,488.5,488.5,0.0,0.0,0,0,0,0,50.0,30.0,64.8,55.4,0.8,47.2,488.50,481.17,507.00,497.29,1.5,上市成交金額排行,GitHub Actions background v2.15.4,⚪ 候選 / 觀察
2026-06-12_3376,2026-06-12,18:47:01,3376,新日興,動能股 / 先看資金,⏳ 到價等確認,嚴格小量等待確認,追蹤中,盤中背景暫估,背景追蹤中,2026-06-12 18:47:01,200.5,200.5,0.0,0.0,0,0,0,0,50.0,30.0,65.0,49.1,0,44.9,200.50,197.49,216.50,204.11,1.5,上市成交金額排行,GitHub Actions background v2.15.4,⏳ 到價等確認
2026-06-12_2887,2026-06-12,18:47:01,2887,台新新光金,動能股 / 先看資金,⚪ 候選 / 觀察,觀察,有效/上漲,盤中背景暫估,背景追蹤中,2026-06-12 18:47:01,30.2,30.2,0.0,0.0,0,0,0,0,50.0,30.0,44.9,75.2,40.3,55.1,29.75,29.30,30.80,30.74,2.98,上市成交金額排行,GitHub Actions background v2.15.4,⚪ 候選 / 觀察
2026-06-12_2885,2026-06-12,18:47:01,2885,元大金,動能股 / 先看資金,👀 前兆出現,等低吸,有效/上漲,盤中背景暫估,背景追蹤中,2026-06-12 18:47:01,63.9,63.9,0.0,0.0,0,0,0,0,50.0,30.0,47.5,69.9,44.8,55.1,62.94,62.00,64.41,65.05,2.97,上市成交金額排行,GitHub Actions background v2.15.4,👀 前兆出現
2026-06-12_00878,2026-06-12,18:47:01,00878,國泰永續高股息,ETF / 市場動能,⚪ 候選 / 觀察,觀察,追蹤中,盤中背景暫估,背景追蹤中,2026-06-12 18:47:01,32.05,32.05,0.0,0.0,0,0,0,0,50.0,30.0,62.2,60.7,11.4,50.3,32.05,31.57,32.46,32.63,1.5,上市成交金額排行,GitHub Actions background v2.15.4,⚪ 候選 / 觀察
2026-06-12_2542,2026-06-12,18:47:01,2542,興富發,動能股 / 先看資金,⏳ 到價等確認,嚴格小量等待確認,追蹤中,盤中背景暫估,背景追蹤中,2026-06-12 18:47:01,44.95,44.95,0.0,0.0,0,0,0,0,50.0,30.0,65.0,51.5,0,45.8,44.90,44.23,47.10,45.76,1.6,上市成交金額排行,GitHub Actions background v2.15.4,⏳ 到價等確認
2026-06-12_6805,2026-06-12,18:47:01,6805,富世達,動能股 / 先看資金,⚪ 候選 / 觀察,觀察,有效/上漲,盤中背景暫估,背景追蹤中,2026-06-12 18:47:01,1825.0,1825.0,0.0,0.0,0,0,0,0,50.0,30.0,46.4,62.2,34.3,49.9,1797.62,1770.66,1855.00,1857.85,2.98,上市成交金額排行,GitHub Actions background v2.15.4,⚪ 候選 / 觀察
2026-06-12_6271,2026-06-12,18:47:01,6271,同欣電,動能股 / 先看資金,🔴 接近漲停 / 不追,不可追,接近漲停/大漲,盤中背景暫估,背景追蹤中,2026-06-12 18:47:01,238.5,238.5,0.0,0.0,0,0,0,0,50.0,30.0,45.2,94.6,100,73.9,237.00,233.44,240.41,242.79,2.12,上市成交金額排行,GitHub Actions background v2.15.4,🔴 接近漲停 / 不追
2026-06-12_2492,2026-06-12,18:47:01,2492,華新科,動能股 / 先看資金,⏳ 到價等確認,嚴格小量等待確認,弱勢/回撤,盤中背景暫估,背景追蹤中,2026-06-12 18:47:01,409.0,409.0,0.0,0.0,0,0,0,0,50.0,30.0,65.0,46.8,0,44.1,409.00,402.87,457.50,416.36,1.5,上市成交金額排行,GitHub Actions background v2.15.4,⏳ 到價等確認
2026-06-12_2355,2026-06-12,18:47:01,2355,敬鵬,動能股 / 先看資金,⚪ 候選 / 觀察,觀察,有效/上漲,盤中背景暫估,背景追蹤中,2026-06-12 18:47:01,61.6,61.6,0.0,0.0,0,0,0,0,50.0,30.0,55.1,74.8,39.5,58.4,61.40,60.48,64.40,62.71,1.82,上市成交金額排行,GitHub Actions background v2.15.4,⚪ 候選 / 觀察
2026-06-12_5269,2026-06-12,18:47:01,5269,祥碩,動能股 / 先看資金,⚪ 候選 / 觀察,觀察,有效/上漲,盤中背景暫估,背景追蹤中,2026-06-12 18:47:01,1375.0,1375.0,0.0,0.0,0,0,0,0,50.0,30.0,58.2,58.5,27.0,51.3,1360.00,1339.60,1395.00,1399.75,2.57,上市成交金額排行,GitHub Actions background v2.15.4,⚪ 候選 / 觀察
2026-06-12_3044,2026-06-12,18:47:01,3044,健鼎,動能股 / 先看資金,⚪ 候選 / 觀察,觀察,有效/上漲,盤中背景暫估,背景追蹤中,2026-06-12 18:47:01,497.0,497.0,0.0,0.0,0,0,0,0,50.0,30.0,59.6,65.8,21.5,53.2,494.50,487.08,509.00,505.95,2.0,上市成交金額排行,GitHub Actions background v2.15.4,⚪ 候選 / 觀察
2026-06-12_6789,2026-06-12,18:47:01,6789,采鈺,動能股 / 先看資金,⚪ 候選 / 觀察,觀察,有效/上漲,盤中背景暫估,背景追蹤中,2026-06-12 18:47:01,481.5,481.5,0.0,0.0,0,0,0,0,50.0,30.0,43.4,78.3,46.6,56.9,474.28,467.17,490.50,490.17,2.98,上市成交金額排行,GitHub Actions background v2.15.4,⚪ 候選 / 觀察
2026-06-12_2618,2026-06-12,18:47:01,2618,長榮航,動能股 / 先看資金,⚪ 候選 / 觀察,觀察,有效/上漲,盤中背景暫估,背景追蹤中,2026-06-12 18:47:01,38.7,38.7,0.0,0.0,0,0,0,0,50.0,30.0,49.7,65.6,21.2,49.6,38.12,37.55,39.40,39.40,2.97,上市成交金額排行,GitHub Actions background v2.15.4,⚪ 候選 / 觀察
2026-06-12_3583,2026-06-12,18:47:01,3583,辛耘,動能股 / 先看資金,⚪ 候選 / 觀察,觀察,追蹤中,盤中背景暫估,背景追蹤中,2026-06-12 18:47:01,803.0,803.0,0.0,0.0,0,0,0,0,50.0,30.0,62.0,51.1,12.2,47.0,803.00,790.96,831.00,817.45,1.5,上市成交金額排行,GitHub Actions background v2.15.4,⚪ 候選 / 觀察
2026-06-12_9910,2026-06-12,18:47:01,9910,豐泰,動能股 / 先看資金,⏳ 到價等確認,嚴格小量等待確認,弱勢/回撤,盤中背景暫估,背景追蹤中,2026-06-12 18:47:01,91.9,91.9,0.0,0.0,0,0,0,0,50.0,30.0,65.0,34.0,0,39.6,91.80,90.42,98.50,93.55,1.61,上市成交金額排行,GitHub Actions background v2.15.4,⏳ 到價等確認
2026-06-12_6830,2026-06-12,18:47:01,6830,汎銓,動能股 / 先看資金,⏳ 到價等確認,嚴格小量等待確認,弱勢/回撤,盤中背景暫估,背景追蹤中,2026-06-12 18:47:01,497.0,497.0,0.0,0.0,0,0,0,0,50.0,30.0,65.0,41.0,0,42.1,495.50,488.07,545.00,505.95,1.8,上市成交金額排行,GitHub Actions background v2.15.4,⏳ 到價等確認
2026-06-12_2884,2026-06-12,18:47:01,2884,玉山金,動能股 / 先看資金,⚪ 候選 / 觀察,觀察,追蹤中,盤中背景暫估,背景追蹤中,2026-06-12 18:47:01,34.35,34.35,0.0,0.0,0,0,0,0,50.0,30.0,62.0,60.9,11.8,50.4,33.95,33.44,34.70,34.97,2.65,上市成交金額排行,GitHub Actions background v2.15.4,⚪ 候選 / 觀察
2026-06-12_2890,2026-06-12,18:47:01,2890,永豐金,動能股 / 先看資金,⚪ 候選 / 觀察,觀察,有效/上漲,盤中背景暫估,背景追蹤中,2026-06-12 18:47:01,34.15,34.15,0.0,0.0,0,0,0,0,50.0,30.0,49.6,65.8,21.7,49.7,33.64,33.14,34.95,34.76,2.96,上市成交金額排行,GitHub Actions background v2.15.4,⚪ 候選 / 觀察
2026-06-12_2464,2026-06-12,18:47:01,2464,盟立,動能股 / 先看資金,⚪ 候選 / 觀察,觀察,有效/上漲,盤中背景暫估,背景追蹤中,2026-06-12 18:47:01,149.0,149.0,0.0,0.0,0,0,0,0,50.0,30.0,45.1,74.7,39.4,54.8,146.76,144.56,153.00,151.68,2.98,上市成交金額排行,GitHub Actions background v2.15.4,⚪ 候選 / 觀察
2026-06-12_006208,2026-06-12,18:47:01,006208,富邦台50,ETF / 市場動能,⚪ 候選 / 觀察,觀察,追蹤中,盤中背景暫估,背景追蹤中,2026-06-12 18:47:01,236.1,236.1,0.0,0.0,0,0,0,0,50.0,30.0,60.6,63.8,17.7,52.1,235.60,232.07,238.95,240.35,1.71,上市成交金額排行,GitHub Actions background v2.15.4,⚪ 候選 / 觀察
2026-06-12_2474,2026-06-12,18:47:01,2474,可成,動能股 / 先看資金,⏳ 到價等確認,嚴格小量等待確認,追蹤中,盤中背景暫估,背景追蹤中,2026-06-12 18:47:01,205.5,205.5,0.0,0.0,0,0,0,0,50.0,30.0,65.0,55,0,47.0,205.00,201.93,211.50,209.20,1.74,上市成交金額排行,GitHub Actions background v2.15.4,⏳ 到價等確認
2026-06-12_2049,2026-06-12,18:47:01,2049,上銀,動能股 / 先看資金,⚪ 候選 / 觀察,觀察,追蹤中,盤中背景暫估,背景追蹤中,2026-06-12 18:47:01,323.5,323.5,0.0,0.0,0,0,0,0,50.0,30.0,51.9,61.3,12.6,47.1,319.50,314.71,332.00,329.32,2.72,上市成交金額排行,GitHub Actions background v2.15.4,⚪ 候選 / 觀察
2026-06-12_2892,2026-06-12,18:47:01,2892,第一金,中大型資金股,⚪ 候選 / 觀察,觀察,追蹤中,盤中背景暫估,背景追蹤中,2026-06-12 18:47:01,31.0,31.0,0.0,0.0,0,0,0,0,50.0,30.0,62.7,59.6,9.1,49.6,30.65,30.19,31.35,31.56,2.61,上市成交金額排行,GitHub Actions background v2.15.4,⚪ 候選 / 觀察
2026-06-12_1714,2026-06-12,18:47:01,1714,和桐,動能股 / 先看資金,⚪ 候選 / 觀察,觀察,有效/上漲,盤中背景暫估,背景追蹤中,2026-06-12 18:47:01,15.2,15.2,0.0,0.0,0,0,0,0,50.0,30.0,43.9,77.2,44.5,56.3,14.97,14.75,15.70,15.47,2.96,上市成交金額排行,GitHub Actions background v2.15.4,⚪ 候選 / 觀察
2026-06-12_3030,2026-06-12,18:47:01,3030,德律,動能股 / 先看資金,⚪ 候選 / 觀察,觀察,有效/上漲,盤中背景暫估,背景追蹤中,2026-06-12 18:47:01,322.5,322.5,0.0,0.0,0,0,0,0,50.0,30.0,48.9,57.2,24.3,47.0,318.00,313.23,336.50,328.31,2.87,上市成交金額排行,GitHub Actions background v2.15.4,⚪ 候選 / 觀察
2026-06-12_3673,2026-06-12,18:47:01,3673,TPK-KY,動能股 / 先看資金,⚪ 候選 / 觀察,觀察,追蹤中,盤中背景暫估,背景追蹤中,2026-06-12 18:47:01,79.8,79.8,0.0,0.0,0,0,0,0,50.0,30.0,62.2,60.6,11.2,50.2,79.50,78.31,83.40,81.24,1.87,上市成交金額排行,GitHub Actions background v2.15.4,⚪ 候選 / 觀察
2026-06-12_6209,2026-06-12,18:47:01,6209,今國光,動能股 / 先看資金,👀 前兆出現,等低吸,有效/上漲,盤中背景暫估,背景追蹤中,2026-06-12 18:47:01,82.4,82.4,0.0,0.0,0,0,0,0,50.0,30.0,47.2,70.6,31.3,52.5,81.16,79.94,84.80,83.88,2.99,上市成交金額排行,GitHub Actions background v2.15.4,👀 前兆出現
2026-06-12_2312,2026-06-12,18:47:01,2312,金寶,動能股 / 先看資金,⚪ 候選 / 觀察,觀察,追蹤中,盤中背景暫估,背景追蹤中,2026-06-12 18:47:01,34.95,34.95,0.0,0.0,0,0,0,0,50.0,30.0,64.7,55.6,1.1,47.3,34.90,34.38,37.30,35.58,1.63,上市成交金額排行,GitHub Actions background v2.15.4,⚪ 候選 / 觀察
2026-06-12_1301,2026-06-12,18:47:01,1301,台塑,動能股 / 先看資金,👀 前兆出現,等低吸,有效/上漲,盤中背景暫估,背景追蹤中,2026-06-12 18:47:01,45.25,45.25,0.0,0.0,0,0,0,0,50.0,30.0,48.4,68.2,41.5,54.1,44.57,43.90,45.61,46.06,2.98,上市成交金額排行,GitHub Actions background v2.15.4,👀 前兆出現
2026-06-12_2347,2026-06-12,18:47:01,2347,聯強,動能股 / 先看資金,⏳ 到價等確認,嚴格小量等待確認,追蹤中,盤中背景暫估,背景追蹤中,2026-06-12 18:47:01,89.1,89.1,0.0,0.0,0,0,0,0,50.0,30.0,65.0,47.5,0,44.4,88.70,87.37,94.00,90.70,1.94,上市成交金額排行,GitHub Actions background v2.15.4,⏳ 到價等確認
2026-06-12_00929,2026-06-12,18:47:01,00929,復華台灣科技優息,ETF / 市場動能,👀 前兆出現,等低吸,有效/上漲,盤中背景暫估,背景追蹤中,2026-06-12 18:47:01,29.51,29.51,0.0,0.0,0,0,0,0,50.0,30.0,57.9,69.2,28.3,55.1,29.45,29.01,29.95,30.04,1.69,上市成交金額排行,GitHub Actions background v2.15.4,👀 前兆出現
2026-06-12_2886,2026-06-12,18:47:01,2886,兆豐金,動能股 / 先看資金,⏳ 到價等確認,嚴格小量等待確認,追蹤中,盤中背景暫估,背景追蹤中,2026-06-12 18:47:01,43.4,43.4,0.0,0.0,0,0,0,0,50.0,30.0,65.0,55,0,47.0,43.10,42.45,43.95,44.18,2.19,上市成交金額排行,GitHub Actions background v2.15.4,⏳ 到價等確認
2026-06-12_00935,2026-06-12,18:47:01,00935,野村臺灣新科技50,ETF / 市場動能,👀 前兆出現,等低吸,有效/上漲,盤中背景暫估,背景追蹤中,2026-06-12 18:47:01,58.85,58.85,0.0,0.0,0,0,0,0,50.0,30.0,58.1,68.7,27.4,54.9,58.40,57.52,59.70,59.91,2.26,上市成交金額排行,GitHub Actions background v2.15.4,👀 前兆出現
2026-06-12_1504,2026-06-12,18:47:01,1504,東元,動能股 / 先看資金,👀 前兆出現,等低吸,有效/上漲,盤中背景暫估,背景追蹤中,2026-06-12 18:47:01,71.0,71.0,0.0,0.0,0,0,0,0,50.0,30.0,47.4,70.2,30.4,52.2,69.94,68.89,72.00,72.28,2.97,上市成交金額排行,GitHub Actions background v2.15.4,👀 前兆出現
2026-06-12_1560,2026-06-12,18:47:01,1560,中砂,動能股 / 先看資金,⚪ 候選 / 觀察,觀察,有效/上漲,盤中背景暫估,背景追蹤中,2026-06-12 18:47:01,652.0,652.0,0.0,0.0,0,0,0,0,50.0,30.0,47.4,60.3,30.6,48.8,642.22,632.59,662.00,663.74,2.98,上市成交金額排行,GitHub Actions background v2.15.4,⚪ 候選 / 觀察
2026-06-12_3135,2026-06-12,18:47:01,3135,凌航,動能股 / 先看資金,⏳ 到價等確認,嚴格小量等待確認,追蹤中,盤中背景暫估,背景追蹤中,2026-06-12 18:47:01,192.5,192.5,0.0,0.0,0,0,0,0,50.0,30.0,65.0,54.0,0,46.6,192.00,189.12,205.00,195.97,1.76,上市成交金額排行,GitHub Actions background v2.15.4,⏳ 到價等確認
2026-06-12_6196,2026-06-12,18:47:01,6196,帆宣,動能股 / 先看資金,🔴 已過熱 / 等回測,不可追,有效/上漲,盤中背景暫估,背景追蹤中,2026-06-12 18:47:01,548.0,548.0,0.0,0.0,0,0,0,0,50.0,30.0,37.5,89.9,89.8,67.6,539.78,531.68,554.00,557.86,2.98,上市成交金額排行,GitHub Actions background v2.15.4,🔴 已過熱 / 等回測
2026-06-12_6257,2026-06-12,18:47:01,6257,矽格,動能股 / 先看資金,🔴 已過熱 / 等回測,不可追,有效/上漲,盤中背景暫估,背景追蹤中,2026-06-12 18:47:01,221.5,221.5,0.0,0.0,0,0,0,0,50.0,30.0,39.4,86.2,82.3,65.4,218.18,214.91,224.00,225.49,2.98,上市成交金額排行,GitHub Actions background v2.15.4,🔴 已過熱 / 等回測
2026-06-12_3706,2026-06-12,18:47:01,3706,神達,動能股 / 先看資金,⏳ 到價等確認,嚴格小量等待確認,追蹤中,盤中背景暫估,背景追蹤中,2026-06-12 18:47:01,85.5,85.5,0.0,0.0,0,0,0,0,50.0,30.0,65.0,50.4,0,45.4,85.50,84.22,89.60,87.04,1.5,上市成交金額排行,GitHub Actions background v2.15.4,⏳ 到價等確認
2026-06-12_8926,2026-06-12,18:47:01,8926,台汽電,動能股 / 先看資金,⏳ 到價等確認,嚴格小量等待確認,追蹤中,盤中背景暫估,背景追蹤中,2026-06-12 18:47:01,74.2,74.2,0.0,0.0,0,0,0,0,50.0,30.0,65.0,48.1,0,44.6,74.00,72.89,78.30,75.54,1.77,上市成交金額排行,GitHub Actions background v2.15.4,⏳ 到價等確認
2026-06-12_2426,2026-06-12,18:47:01,2426,鼎元,動能股 / 先看資金,⚪ 候選 / 觀察,觀察,有效/上漲,盤中背景暫估,背景追蹤中,2026-06-12 18:47:01,68.0,68.0,0.0,0.0,0,0,0,0,50.0,30.0,49.9,65.2,20.5,49.4,66.98,65.98,69.80,69.22,2.97,上市成交金額排行,GitHub Actions background v2.15.4,⚪ 候選 / 觀察
2026-06-12_2485,2026-06-12,18:47:01,2485,兆赫,動能股 / 先看資金,⏳ 到價等確認,嚴格小量等待確認,追蹤中,盤中背景暫估,背景追蹤中,2026-06-12 18:47:01,64.8,64.8,0.0,0.0,0,0,0,0,50.0,30.0,65.0,55,0,47.0,64.40,63.43,68.90,65.97,2.11,上市成交金額排行,GitHub Actions background v2.15.4,⏳ 到價等確認
2026-06-12_3019,2026-06-12,18:47:01,3019,亞光,動能股 / 先看資金,⏳ 到價等確認,嚴格小量等待確認,追蹤中,盤中背景暫估,背景追蹤中,2026-06-12 18:47:01,145.5,145.5,0.0,0.0,0,0,0,0,50.0,30.0,65.0,55,0,47.0,145.50,143.32,151.50,148.12,1.5,上市成交金額排行,GitHub Actions background v2.15.4,⏳ 到價等確認
2026-06-12_1513,2026-06-12,18:47:01,1513,中興電,動能股 / 先看資金,⚪ 候選 / 觀察,觀察,追蹤中,盤中背景暫估,背景追蹤中,2026-06-12 18:47:01,167.0,167.0,0.0,0.0,0,0,0,0,50.0,30.0,61.3,62.3,14.6,51.2,167.00,164.50,170.00,170.01,1.5,上市成交金額排行,GitHub Actions background v2.15.4,⚪ 候選 / 觀察
2026-06-12_1216,2026-06-12,18:47:01,1216,統一,動能股 / 先看資金,⚪ 候選 / 觀察,觀察,追蹤中,盤中背景暫估,背景追蹤中,2026-06-12 18:47:01,76.5,76.5,0.0,0.0,0,0,0,0,50.0,30.0,62.6,59.8,24.5,52.7,75.60,74.47,77.11,77.88,2.65,上市成交金額排行,GitHub Actions background v2.15.4,⚪ 候選 / 觀察
2026-06-12_1605,2026-06-12,18:47:01,1605,華新,動能股 / 先看資金,🔴 接近漲停 / 不追,不可追,接近漲停/大漲,盤中背景暫估,背景追蹤中,2026-06-12 18:47:01,37.7,37.7,0.0,0.0,0,0,0,0,50.0,30.0,35.2,94.6,100,70.4,37.13,36.57,38.00,38.38,3.0,上市成交金額排行,GitHub Actions background v2.15.4,🔴 接近漲停 / 不追
2026-06-12_1402,2026-06-12,18:47:01,1402,遠東新,動能股 / 先看資金,⏳ 到價等確認,嚴格小量等待確認,追蹤中,盤中背景暫估,背景追蹤中,2026-06-12 18:47:01,27.0,27.0,0.0,0.0,0,0,0,0,50.0,30.0,65.0,49.2,0,45.0,26.70,26.30,27.70,27.49,2.59,上市成交金額排行,GitHub Actions background v2.15.4,⏳ 到價等確認
2026-06-12_2413,2026-06-12,18:47:01,2413,環科,動能股 / 先看資金,🔴 已過熱 / 等回測,不可追,有效/上漲,盤中背景暫估,背景追蹤中,2026-06-12 18:47:01,61.2,61.2,0.0,0.0,0,0,0,0,50.0,30.0,42.1,80.7,51.4,58.3,60.28,59.38,63.20,62.30,2.97,上市成交金額排行,GitHub Actions background v2.15.4,🔴 已過熱 / 等回測
2026-06-12_4904,2026-06-12,18:47:01,4904,遠傳,動能股 / 先看資金,⚪ 候選 / 觀察,觀察,追蹤中,盤中背景暫估,背景追蹤中,2026-06-12 18:47:01,109.0,109.0,0.0,0.0,0,0,0,0,50.0,30.0,55.0,55,0,43.5,107.50,105.89,111.00,110.96,2.85,上市成交金額排行,GitHub Actions background v2.15.4,⚪ 候選 / 觀察
2026-06-12_8039,2026-06-12,18:47:01,8039,台虹,動能股 / 先看資金,🔴 接近漲停 / 不追,不可追,接近漲停/大漲,盤中背景暫估,背景追蹤中,2026-06-12 18:47:01,149.5,149.5,0.0,0.0,0,0,0,0,50.0,30.0,35.1,94.7,100,70.5,147.26,145.05,150.70,152.19,2.98,上市成交金額排行,GitHub Actions background v2.15.4,🔴 接近漲停 / 不追
2026-06-12_2855,2026-06-12,18:47:01,2855,統一證,動能股 / 先看資金,⏳ 到價等確認,嚴格小量等待確認,追蹤中,盤中背景暫估,背景追蹤中,2026-06-12 18:47:01,50.5,50.5,0.0,0.0,0,0,0,0,50.0,30.0,65.0,51.8,0,45.9,50.50,49.74,53.40,51.41,1.5,上市成交金額排行,GitHub Actions background v2.15.4,⏳ 到價等確認
2026-06-12_2880,2026-06-12,18:47:01,2880,華南金,動能股 / 先看資金,⚪ 候選 / 觀察,觀察,追蹤中,盤中背景暫估,背景追蹤中,2026-06-12 18:47:01,36.0,36.0,0.0,0.0,0,0,0,0,50.0,30.0,63.0,58.9,7.8,49.3,35.75,35.21,37.00,36.65,2.19,上市成交金額排行,GitHub Actions background v2.15.4,⚪ 候選 / 觀察
2026-06-12_1319,2026-06-12,18:47:01,1319,東陽,動能股 / 先看資金,⏳ 到價等確認,嚴格小量等待確認,弱勢/回撤,盤中背景暫估,背景追蹤中,2026-06-12 18:47:01,99.5,99.5,0.0,0.0,0,0,0,0,50.0,30.0,65.0,45.2,0,43.6,99.50,98.01,103.00,101.29,1.5,上市成交金額排行,GitHub Actions background v2.15.4,⏳ 到價等確認
2026-06-12_2002,2026-06-12,18:47:01,2002,中鋼,動能股 / 先看資金,⚪ 候選 / 觀察,觀察,追蹤中,盤中背景暫估,背景追蹤中,2026-06-12 18:47:01,18.9,18.9,0.0,0.0,0,0,0,0,50.0,30.0,51.2,62.6,15.1,47.8,18.65,18.37,19.05,19.24,2.8,上市成交金額排行,GitHub Actions background v2.15.4,⚪ 候選 / 觀察
2026-06-12_6173,2026-06-12,18:32:28,6173,信昌電,,⚪ 無有效報價,觀察,弱勢/回撤,盤中背景暫估,背景追蹤中,2026-06-12 18:32:28,0.0,0.0,0,0,0,0,0,0,50,30,55.0,0.0,0.0,24.2,0.00,0.00,0.00,0.00,0.0,背景市場池,GitHub Actions background v2.15.4,⚪ 無有效報價
2026-06-12_3105,2026-06-12,18:32:28,3105,穩懋,,⚪ 候選 / 觀察,觀察,有效/上漲,盤中背景暫估,背景追蹤中,2026-06-12 18:32:28,510.0,510.0,0,0,0,0,0,0,50,30,43.2,78.7,47.4,57.1,502.35,494.81,515.00,519.18,2.98,背景市場池,GitHub Actions background v2.15.4,⚪ 候選 / 觀察
2026-06-12_3081,2026-06-12,18:32:28,3081,聯亞,,⚪ 候選 / 觀察,觀察,追蹤中,盤中背景暫估,背景追蹤中,2026-06-12 18:32:28,2200.0,2200.0,0,0,0,0,0,0,50,30,51.8,51.5,13.0,43.7,2167.00,2134.49,2315.00,2239.60,2.98,背景市場池,GitHub Actions background v2.15.4,⚪ 候選 / 觀察
2026-06-12_8299,2026-06-12,18:32:28,8299,群聯,,🔴 已過熱 / 等回測,不可追,有效/上漲,盤中背景暫估,背景追蹤中,2026-06-12 18:32:28,2337.5,2337.5,0,0,0,0,0,0,50,30,42.5,80.0,50.0,57.9,2305.00,2270.43,2395.00,2379.57,2.87,背景市場池,GitHub Actions background v2.15.4,🔴 已過熱 / 等回測
2026-06-12_6147,2026-06-12,18:32:28,6147,頎邦,,🔴 已過熱 / 等回測,不可追,有效/上漲,盤中背景暫估,背景追蹤中,2026-06-12 18:32:28,239.0,239.0,0,0,0,0,0,0,50,30,40.2,84.7,79.4,64.6,235.41,231.88,244.00,243.30,2.98,背景市場池,GitHub Actions background v2.15.4,🔴 已過熱 / 等回測
2026-06-12_6274,2026-06-12,18:32:28,6274,台燿,,⚪ 候選 / 觀察,觀察,追蹤中,盤中背景暫估,背景追蹤中,2026-06-12 18:32:28,1467.5,1467.5,0,0,0,0,0,0,50,30,55.0,53.0,0.0,42.8,1445.49,1423.81,1620.00,1493.91,2.98,背景市場池,GitHub Actions background v2.15.4,⚪ 候選 / 觀察
2026-06-13_2313,2026-06-13,13:13:43,2313,華通,動能股 / 先看資金,⏳ 到價等確認,嚴格小量等待確認,弱勢/回撤,盤中背景暫估,背景追蹤中,2026-06-13 13:13:43,263.0,263.0,0.0,0.0,0,0,0,0,29.2,20.0,65.0,37.6,0,38.8,263.00,259.06,291.50,267.73,1.5,盤後AI候選,GitHub Actions background v2.15.4,⏳ 到價等確認
2026-06-13_2382,2026-06-13,13:13:43,2382,廣達,中大型資金股,⚪ 候選 / 觀察,觀察,追蹤中,盤中背景暫估,背景追蹤中,2026-06-13 13:13:43,372.0,372.0,0.0,0.0,0,0,0,0,32.0,20.0,63.9,57.2,4.3,46.4,372.00,366.42,384.00,378.70,1.5,盤後AI候選,GitHub Actions background v2.15.4,⚪ 候選 / 觀察
2026-06-13_3441,2026-06-13,13:13:43,3441,聯一光,小型強攻 / 漲停前兆股,⏳ 到價等確認,嚴格小量等待確認,弱勢/回撤,盤中背景暫估,背景追蹤中,2026-06-13 13:13:43,70.0,70.0,0.0,0.0,0,0,0,0,50.0,30.0,65.0,46.6,0,44.1,69.60,68.56,75.50,71.26,2.06,備援池,GitHub Actions background v2.15.4,⏳ 到價等確認
2026-06-13_2327,2026-06-13,13:13:43,2327,國巨*,動能股 / 先看資金,⚪ 候選 / 觀察,觀察,追蹤中,盤中背景暫估,背景追蹤中,2026-06-13 13:13:43,855.0,855.0,0.0,0.0,0,0,0,0,55.8,30.0,60.5,64.1,18.2,52.8,852.00,839.22,919.00,870.39,1.85,盤後AI候選,GitHub Actions background v2.15.4,⚪ 候選 / 觀察
2026-06-13_2330,2026-06-13,13:13:43,2330,台積電,中大型資金股,⚪ 候選 / 觀察,觀察,有效/上漲,盤中背景暫估,背景追蹤中,2026-06-13 13:13:43,2310.0,2310.0,0.0,0.0,0,0,0,0,42.2,30.0,59.7,65.7,21.4,52.4,2290.00,2255.65,2328.48,2351.58,2.35,盤後AI候選,GitHub Actions background v2.15.4,⚪ 候選 / 觀察
2026-06-13_2303,2026-06-13,13:13:43,2303,聯電,動能股 / 先看資金,🔴 已過熱 / 等回測,不可追,有效/上漲,盤中背景暫估,背景追蹤中,2026-06-13 13:13:43,133.5,133.5,0.0,0.0,0,0,0,0,45.2,30.0,51.4,82.2,54.4,62.2,132.50,130.51,137.50,135.90,2.24,盤後AI候選,GitHub Actions background v2.15.4,🔴 已過熱 / 等回測
2026-06-13_2454,2026-06-13,13:13:43,2454,聯發科,中大型資金股,⚪ 候選 / 觀察,觀察,追蹤中,盤中背景暫估,背景追蹤中,2026-06-13 13:13:43,4180.0,4180.0,0.0,0.0,0,0,0,0,32.0,20.0,60.3,64.3,18.6,50.6,4165.00,4102.52,4415.00,4255.24,1.85,盤後AI候選,GitHub Actions background v2.15.4,⚪ 候選 / 觀察
2026-06-13_2344,2026-06-13,13:13:43,2344,華邦電,動能股 / 先看資金,🔴 接近漲停 / 不追,不可追,接近漲停/大漲,盤中背景暫估,背景追蹤中,2026-06-13 13:13:43,172.0,172.0,0.0,0.0,0,0,0,0,61.2,30.0,35.2,100,100,73.4,169.42,166.88,173.38,175.10,2.98,盤後AI候選,GitHub Actions background v2.15.4,🔴 接近漲停 / 不追
2026-06-13_2408,2026-06-13,13:13:43,2408,南亞科,動能股 / 先看資金,🔴 接近漲停 / 不追,不可追,接近漲停/大漲,盤中背景暫估,背景追蹤中,2026-06-13 13:13:43,374.0,374.0,0.0,0.0,0,0,0,0,71.8,30.0,35.0,100,100,74.4,368.39,362.86,376.99,380.73,2.98,盤後AI候選,GitHub Actions background v2.15.4,🔴 接近漲停 / 不追
2026-06-13_6239,2026-06-13,13:13:43,6239,力成,動能股 / 先看資金,👀 前兆出現,等低吸,有效/上漲,盤中背景暫估,背景追蹤中,2026-06-13 13:13:43,347.5,347.5,0.0,0.0,0,0,0,0,50.0,30.0,46.3,72.4,34.8,53.5,342.29,337.16,363.50,353.75,2.98,上市成交金額排行,GitHub Actions background v2.15.4,👀 前兆出現
2026-06-13_4958,2026-06-13,13:13:43,4958,臻鼎-KY,動能股 / 先看資金,👀 前兆出現,等低吸,有效/上漲,盤中背景暫估,背景追蹤中,2026-06-13 13:13:43,552.0,552.0,0.0,0.0,0,0,0,0,69.2,30.0,46.3,80.4,34.8,58.2,543.72,535.56,578.00,561.94,2.98,盤後AI候選,GitHub Actions background v2.15.4,👀 前兆出現
2026-06-13_2308,2026-06-13,13:13:43,2308,台達電,中大型資金股,⚪ 候選 / 觀察,觀察,有效/上漲,盤中背景暫估,背景追蹤中,2026-06-13 13:13:43,2215.0,2215.0,0.0,0.0,0,0,0,0,23.8,20.0,49.9,65.2,20.4,46.7,2181.78,2149.05,2280.00,2254.87,2.98,盤後AI候選,GitHub Actions background v2.15.4,⚪ 候選 / 觀察
2026-06-13_2383,2026-06-13,13:13:43,2383,台光電,動能股 / 先看資金,⚪ 候選 / 觀察,觀察,弱勢/回撤,盤中背景暫估,背景追蹤中,2026-06-13 13:13:43,4830.0,4830.0,0.0,0.0,0,0,0,0,21.0,20.0,55.0,34.2,0,33.3,4757.55,4686.19,5500.00,4916.94,2.98,盤後AI候選,GitHub Actions background v2.15.4,⚪ 候選 / 觀察
2026-06-13_3042,2026-06-13,13:13:43,3042,晶技,動能股 / 先看資金,⏳ 到價等確認,嚴格小量等待確認,弱勢/回撤,盤中背景暫估,背景追蹤中,2026-06-13 13:13:43,224.5,224.5,0.0,0.0,0,0,0,0,32.0,30.0,65.0,37.1,0,38.9,224.50,221.13,247.00,228.54,1.5,盤後AI候選,GitHub Actions background v2.15.4,⏳ 到價等確認
2026-06-13_3189,2026-06-13,13:13:43,3189,景碩,動能股 / 先看資金,⚪ 候選 / 觀察,觀察,追蹤中,盤中背景暫估,背景追蹤中,2026-06-13 13:13:43,610.0,610.0,0.0,0.0,0,0,0,0,29.2,20.0,55.0,49.2,0,39.4,600.85,591.84,664.00,620.98,2.98,盤後AI候選,GitHub Actions background v2.15.4,⚪ 候選 / 觀察
2026-06-13_2317,2026-06-13,13:13:43,2317,鴻海,中大型資金股,⚪ 候選 / 觀察,觀察,追蹤中,盤中背景暫估,背景追蹤中,2026-06-13 13:13:43,260.5,260.5,0.0,0.0,0,0,0,0,23.8,20.0,63.5,58.1,6.2,46.2,260.00,256.10,269.00,265.19,1.69,盤後AI候選,GitHub Actions background v2.15.4,⚪ 候選 / 觀察
2026-06-13_8021,2026-06-13,13:13:43,8021,尖點,動能股 / 先看資金,⏳ 到價等確認,嚴格小量等待確認,弱勢/回撤,盤中背景暫估,背景追蹤中,2026-06-13 13:13:43,522.0,522.0,0.0,0.0,0,0,0,0,45.8,20.0,65.0,21.3,0,34.8,522.00,514.17,627.00,531.40,1.5,盤後AI候選,GitHub Actions background v2.15.4,⏳ 到價等確認
2026-06-13_3008,2026-06-13,13:13:43,3008,大立光,動能股 / 先看資金,⏳ 到價等確認,嚴格小量等待確認,弱勢/回撤,盤中背景暫估,背景追蹤中,2026-06-13 13:13:43,4020.0,4020.0,0.0,0.0,0,0,0,0,47.8,30.0,65.0,41.1,0,41.9,4020.00,3959.70,4355.00,4092.36,1.5,盤後AI候選,GitHub Actions background v2.15.4,⏳ 到價等確認
2026-06-13_3037,2026-06-13,13:13:43,3037,欣興,動能股 / 先看資金,⚪ 候選 / 觀察,觀察,有效/上漲,盤中背景暫估,背景追蹤中,2026-06-13 13:13:43,902.0,902.0,0.0,0.0,0,0,0,0,23.8,20.0,43.8,77.5,45.0,53.8,890.00,876.65,930.00,918.24,2.81,盤後AI候選,GitHub Actions background v2.15.4,⚪ 候選 / 觀察
2026-06-13_3711,2026-06-13,13:13:43,3711,日月光投控,動能股 / 先看資金,🔴 已過熱 / 等回測,不可追,有效/上漲,盤中背景暫估,背景追蹤中,2026-06-13 13:13:43,590.0,590.0,0.0,0.0,0,0,0,0,52.2,30.0,38.1,88.8,87.7,67.2,581.15,572.43,596.00,600.62,2.98,盤後AI候選,GitHub Actions background v2.15.4,🔴 已過熱 / 等回測
2026-06-13_8046,2026-06-13,13:13:43,8046,南電,動能股 / 先看資金,⚪ 候選 / 觀察,觀察,追蹤中,盤中背景暫估,背景追蹤中,2026-06-13 13:13:43,819.0,819.0,0.0,0.0,0,0,0,0,23.8,20.0,62.0,61.0,11.9,47.8,812.00,799.82,868.00,833.74,2.34,盤後AI候選,GitHub Actions background v2.15.4,⚪ 候選 / 觀察
2026-06-13_3090,2026-06-13,13:13:43,3090,日電貿,動能股 / 先看資金,🔴 接近漲停 / 不追,不可追,接近漲停/大漲,盤中背景暫估,背景追蹤中,2026-06-13 13:13:43,256.0,256.0,0.0,0.0,0,0,0,0,50.0,30.0,35.3,94.5,100,70.4,252.16,248.38,258.05,260.61,2.98,上市成交金額排行,GitHub Actions background v2.15.4,🔴 接近漲停 / 不追
2026-06-13_3443,2026-06-13,13:13:43,3443,創意,動能股 / 先看資金,🔴 已過熱 / 等回測,不可追,有效/上漲,盤中背景暫估,背景追蹤中,2026-06-13 13:13:43,4380.0,4380.0,0.0,0.0,0,0,0,0,50.0,30.0,41.6,81.8,53.6,58.9,4314.30,4249.59,4455.00,4458.84,2.98,上市成交金額排行,GitHub Actions background v2.15.4,🔴 已過熱 / 等回測
2026-06-13_3665,2026-06-13,13:13:43,3665,貿聯-KY,動能股 / 先看資金,🔴 已過熱 / 等回測,不可追,有效/上漲,盤中背景暫估,背景追蹤中,2026-06-13 13:13:43,2310.0,2310.0,0.0,0.0,0,0,0,0,39.8,20.0,41.1,82.8,55.5,58.4,2275.35,2241.22,2350.00,2351.58,2.98,盤後AI候選,GitHub Actions background v2.15.4,🔴 已過熱 / 等回測
2026-06-13_6669,2026-06-13,13:13:43,6669,緯穎,動能股 / 先看資金,⏳ 到價等確認,嚴格小量等待確認,追蹤中,盤中背景暫估,背景追蹤中,2026-06-13 13:13:43,4850.0,4850.0,0.0,0.0,0,0,0,0,21.0,20.0,65.0,40.9,0,39.2,4845.00,4772.32,5135.00,4937.30,1.6,盤後AI候選,GitHub Actions background v2.15.4,⏳ 到價等確認
2026-06-13_2368,2026-06-13,13:13:43,2368,金像電,動能股 / 先看資金,⏳ 到價等確認,嚴格小量等待確認,追蹤中,盤中背景暫估,背景追蹤中,2026-06-13 13:13:43,1320.0,1320.0,0.0,0.0,0,0,0,0,21.0,20.0,65.0,47.6,0,41.5,1305.00,1285.42,1450.00,1343.76,2.62,盤後AI候選,GitHub Actions background v2.15.4,⏳ 到價等確認
2026-06-13_8150,2026-06-13,13:13:43,8150,南茂,動能股 / 先看資金,⏳ 到價等確認,嚴格小量等待確認,追蹤中,盤中背景暫估,背景追蹤中,2026-06-13 13:13:43,97.0,97.0,0.0,0.0,0,0,0,0,50.0,30.0,65.0,54.6,0,46.9,96.70,95.25,104.00,98.75,1.8,上市成交金額排行,GitHub Actions background v2.15.4,⏳ 到價等確認
2026-06-13_2404,2026-06-13,13:13:43,2404,漢唐,動能股 / 先看資金,🔴 接近漲停 / 不追,不可追,接近漲停/大漲,盤中背景暫估,背景追蹤中,2026-06-13 13:13:43,1310.0,1310.0,0.0,0.0,0,0,0,0,50.0,30.0,35.8,93.5,100,70.2,1290.35,1270.99,1320.48,1333.58,2.98,上市成交金額排行,GitHub Actions background v2.15.4,🔴 接近漲停 / 不追
2026-06-13_0050,2026-06-13,13:13:43,0050,元大台灣50,ETF / 市場動能,⚪ 候選 / 觀察,觀察,追蹤中,盤中背景暫估,背景追蹤中,2026-06-13 13:13:43,101.95,101.95,0.0,0.0,0,0,0,0,42.2,30.0,60.8,63.4,16.8,51.0,101.55,100.03,103.75,103.79,1.88,盤後AI候選,GitHub Actions background v2.15.4,⚪ 候選 / 觀察
2026-06-13_2059,2026-06-13,13:13:43,2059,川湖,動能股 / 先看資金,🔴 已過熱 / 等回測,不可追,有效/上漲,盤中背景暫估,背景追蹤中,2026-06-13 13:13:43,6910.0,6910.0,0.0,0.0,0,0,0,0,50.0,30.0,39.1,76.9,83.8,62.3,6806.35,6704.25,7040.00,7034.38,2.98,上市成交金額排行,GitHub Actions background v2.15.4,🔴 已過熱 / 等回測
2026-06-13_2409,2026-06-13,13:13:43,2409,友達,動能股 / 先看資金,⚪ 候選 / 觀察,觀察,追蹤中,盤中背景暫估,背景追蹤中,2026-06-13 13:13:43,23.5,23.5,0.0,0.0,0,0,0,0,50.0,30.0,62.0,61.0,12.1,50.5,23.45,23.10,25.00,23.92,1.7,上市成交金額排行,GitHub Actions background v2.15.4,⚪ 候選 / 觀察
2026-06-13_6285,2026-06-13,13:13:43,6285,啟碁,動能股 / 先看資金,⏳ 到價等確認,嚴格小量等待確認,追蹤中,盤中背景暫估,背景追蹤中,2026-06-13 13:13:43,270.0,270.0,0.0,0.0,0,0,0,0,50.0,30.0,65.0,51.3,0,45.7,269.00,264.96,296.00,274.86,1.87,上市成交金額排行,GitHub Actions background v2.15.4,⏳ 到價等確認
2026-06-13_8112,2026-06-13,13:13:43,8112,至上,動能股 / 先看資金,👀 前兆出現,等低吸,有效/上漲,盤中背景暫估,背景追蹤中,2026-06-13 13:13:43,98.8,98.8,0.0,0.0,0,0,0,0,50.0,30.0,58.1,68.8,27.7,55.0,98.20,96.73,104.00,100.58,2.1,上市成交金額排行,GitHub Actions background v2.15.4,👀 前兆出現
2026-06-13_3653,2026-06-13,13:13:43,3653,健策,動能股 / 先看資金,⚪ 候選 / 觀察,觀察,追蹤中,盤中背景暫估,背景追蹤中,2026-06-13 13:13:43,3690.0,3690.0,0.0,0.0,0,0,0,0,26.5,20.0,51.1,52.7,15.4,42.1,3634.65,3580.13,3820.00,3756.42,2.98,盤後AI候選,GitHub Actions background v2.15.4,⚪ 候選 / 觀察
2026-06-13_2345,2026-06-13,13:13:43,2345,智邦,動能股 / 先看資金,⚪ 候選 / 觀察,觀察,有效/上漲,盤中背景暫估,背景追蹤中,2026-06-13 13:13:43,2335.0,2335.0,0.0,0.0,0,0,0,0,50.0,30.0,49.7,65.6,21.1,49.6,2299.97,2265.47,2390.00,2377.03,2.98,上市成交金額排行,GitHub Actions background v2.15.4,⚪ 候選 / 觀察
2026-06-13_3017,2026-06-13,13:13:43,3017,奇鋐,動能股 / 先看資金,⚪ 候選 / 觀察,觀察,有效/上漲,盤中背景暫估,背景追蹤中,2026-06-13 13:13:43,2405.0,2405.0,0.0,0.0,0,0,0,0,18.2,20.0,59.0,67.0,24.0,50.7,2380.00,2344.30,2480.00,2448.29,2.52,盤後AI候選,GitHub Actions background v2.15.4,⚪ 候選 / 觀察
2026-06-13_3231,2026-06-13,13:13:43,3231,緯創,動能股 / 先看資金,⚪ 候選 / 觀察,觀察,追蹤中,盤中背景暫估,背景追蹤中,2026-06-13 13:13:43,156.0,156.0,0.0,0.0,0,0,0,0,23.8,20.0,60.4,64.2,18.4,49.7,156.00,153.66,159.00,158.81,1.5,盤後AI候選,GitHub Actions background v2.15.4,⚪ 候選 / 觀察
2026-06-13_6515,2026-06-13,13:13:43,6515,穎崴,動能股 / 先看資金,🔴 接近漲停 / 不追,不可追,接近漲停/大漲,盤中背景暫估,背景追蹤中,2026-06-13 13:13:43,9590.0,9590.0,0.0,0.0,0,0,0,0,50.0,30.0,35.0,84.9,100,67.0,9446.15,9304.46,9666.72,9762.62,2.98,上市成交金額排行,GitHub Actions background v2.15.4,🔴 接近漲停 / 不追
2026-06-13_1303,2026-06-13,13:13:43,1303,南亞,動能股 / 先看資金,🔴 接近漲停 / 不追,不可追,接近漲停/大漲,盤中背景暫估,背景追蹤中,2026-06-13 13:13:43,106.5,106.5,0.0,0.0,0,0,0,0,50.0,30.0,35.2,94.6,100,70.4,104.90,103.33,107.35,108.42,2.98,上市成交金額排行,GitHub Actions background v2.15.4,🔴 接近漲停 / 不追
2026-06-13_2891,2026-06-13,13:13:43,2891,中信金,中大型資金股,⚪ 候選 / 觀察,觀察,追蹤中,盤中背景暫估,背景追蹤中,2026-06-13 13:13:43,67.6,67.6,0.0,0.0,0,0,0,0,50.0,30.0,64.7,55.6,1.2,47.3,66.90,65.90,69.20,68.82,2.51,上市成交金額排行,GitHub Actions background v2.15.4,⚪ 候選 / 觀察
2026-06-13_3661,2026-06-13,13:13:43,3661,世芯-KY,動能股 / 先看資金,⚪ 候選 / 觀察,觀察,追蹤中,盤中背景暫估,背景追蹤中,2026-06-13 13:13:43,4105.0,4105.0,0.0,0.0,0,0,0,0,50.0,30.0,62.8,49.4,8.9,46.1,4105.00,4043.42,4295.00,4178.89,1.5,上市成交金額排行,GitHub Actions background v2.15.4,⚪ 候選 / 觀察
2026-06-13_00919,2026-06-13,13:13:43,00919,群益台灣精選高息,ETF / 市場動能,⏳ 到價等確認,嚴格小量等待確認,追蹤中,盤中背景暫估,背景追蹤中,2026-06-13 13:13:43,30.19,30.19,0.0,0.0,0,0,0,0,50.0,30.0,65.0,55,0,47.0,30.16,29.71,30.96,30.73,1.59,上市成交金額排行,GitHub Actions background v2.15.4,⏳ 到價等確認
2026-06-13_2881,2026-06-13,13:13:43,2881,富邦金,中大型資金股,⚪ 候選 / 觀察,觀察,弱勢/回撤,盤中背景暫估,背景追蹤中,2026-06-13 13:13:43,122.0,122.0,0.0,0.0,0,0,0,0,50.0,30.0,55.0,43.8,0,39.6,120.50,118.69,129.00,124.20,2.71,上市成交金額排行,GitHub Actions background v2.15.4,⚪ 候選 / 觀察
2026-06-13_2887,2026-06-13,13:13:43,2887,台新新光金,動能股 / 先看資金,⚪ 候選 / 觀察,觀察,有效/上漲,盤中背景暫估,背景追蹤中,2026-06-13 13:13:43,30.2,30.2,0.0,0.0,0,0,0,0,50.0,30.0,44.9,75.2,40.3,55.1,29.75,29.30,30.80,30.74,2.98,上市成交金額排行,GitHub Actions background v2.15.4,⚪ 候選 / 觀察
2026-06-13_3167,2026-06-13,13:13:43,3167,大量,動能股 / 先看資金,⏳ 到價等確認,嚴格小量等待確認,弱勢/回撤,盤中背景暫估,背景追蹤中,2026-06-13 13:13:43,806.0,806.0,0.0,0.0,0,0,0,0,50.0,30.0,65.0,35.6,0,40.2,802.00,789.97,905.00,820.51,1.99,上市成交金額排行,GitHub Actions background v2.15.4,⏳ 到價等確認
2026-06-13_2406,2026-06-13,13:13:43,2406,國碩,動能股 / 先看資金,⏳ 到價等確認,嚴格小量等待確認,追蹤中,盤中背景暫估,背景追蹤中,2026-06-13 13:13:43,39.0,39.0,0.0,0.0,0,0,0,0,50.0,30.0,65.0,50.9,0,45.6,38.70,38.12,43.30,39.70,2.26,上市成交金額排行,GitHub Actions background v2.15.4,⏳ 到價等確認
2026-06-13_3481,2026-06-13,13:13:43,3481,群創,動能股 / 先看資金,👀 前兆出現,等低吸,有效/上漲,盤中背景暫估,背景追蹤中,2026-06-13 13:13:43,48.55,48.55,0.0,0.0,0,0,0,0,50.0,30.0,58.2,68.6,27.3,54.8,48.50,47.77,50.50,49.42,1.61,上市成交金額排行,GitHub Actions background v2.15.4,👀 前兆出現
2026-06-13_2449,2026-06-13,13:13:43,2449,京元電子,動能股 / 先看資金,👀 前兆出現,等低吸,有效/上漲,盤中背景暫估,背景追蹤中,2026-06-13 13:13:43,282.0,282.0,0.0,0.0,0,0,0,0,50.0,30.0,57.6,69.7,29.4,55.5,280.50,276.29,287.00,287.08,2.02,上市成交金額排行,GitHub Actions background v2.15.4,👀 前兆出現
2026-06-13_6139,2026-06-13,13:13:43,6139,亞翔,動能股 / 先看資金,🔴 接近漲停 / 不追,不可追,接近漲停/大漲,盤中背景暫估,背景追蹤中,2026-06-13 13:13:43,805.0,805.0,0.0,0.0,0,0,0,0,50.0,30.0,35.1,94.9,100,70.5,792.92,781.03,811.44,819.49,2.98,上市成交金額排行,GitHub Actions background v2.15.4,🔴 接近漲停 / 不追
2026-06-13_7769,2026-06-13,13:13:43,7769,鴻勁,動能股 / 先看資金,⚪ 候選 / 觀察,觀察,追蹤中,盤中背景暫估,背景追蹤中,2026-06-13 13:13:43,7210.0,7210.0,0.0,0.0,0,0,0,0,50.0,30.0,60.6,53.8,17.6,48.6,7200.00,7092.00,7545.00,7339.78,1.64,上市成交金額排行,GitHub Actions background v2.15.4,⚪ 候選 / 觀察
2026-06-13_2478,2026-06-13,13:13:43,2478,大毅,動能股 / 先看資金,⚪ 候選 / 觀察,觀察,弱勢/回撤,盤中背景暫估,背景追蹤中,2026-06-13 13:13:43,171.5,171.5,0.0,0.0,0,0,0,0,50.0,30.0,55.0,41.5,0,38.8,168.93,166.40,194.50,174.59,2.97,上市成交金額排行,GitHub Actions background v2.15.4,⚪ 候選 / 觀察
2026-06-13_6770,2026-06-13,13:13:43,6770,力積電,動能股 / 先看資金,👀 前兆出現,等低吸,有效/上漲,盤中背景暫估,背景追蹤中,2026-06-13 13:13:43,67.2,67.2,0.0,0.0,0,0,0,0,50.0,30.0,56.3,72.4,34.8,57.0,67.00,66.00,68.00,68.41,1.79,上市成交金額排行,GitHub Actions background v2.15.4,👀 前兆出現
2026-06-13_2603,2026-06-13,13:13:43,2603,長榮,動能股 / 先看資金,⚪ 候選 / 觀察,觀察,追蹤中,盤中背景暫估,背景追蹤中,2026-06-13 13:13:43,228.0,228.0,0.0,0.0,0,0,0,0,50.0,30.0,63.2,58.5,7.0,49.0,226.50,223.10,232.00,232.10,2.15,上市成交金額排行,GitHub Actions background v2.15.4,⚪ 候選 / 觀察
2026-06-13_4919,2026-06-13,13:13:43,4919,新唐,動能股 / 先看資金,⚪ 候選 / 觀察,觀察,追蹤中,盤中背景暫估,背景追蹤中,2026-06-13 13:13:43,175.5,175.5,0.0,0.0,0,0,0,0,50.0,30.0,61.5,62.0,13.9,51.0,175.50,172.87,188.00,178.66,1.5,上市成交金額排行,GitHub Actions background v2.15.4,⚪ 候選 / 觀察
2026-06-13_2455,2026-06-13,13:13:43,2455,全新,動能股 / 先看資金,🔴 接近漲停 / 不追,不可追,接近漲停/大漲,盤中背景暫估,背景追蹤中,2026-06-13 13:13:43,352.0,352.0,0.0,0.0,0,0,0,0,50.0,30.0,35.0,95.0,100,70.5,346.72,341.52,354.82,358.34,2.98,上市成交金額排行,GitHub Actions background v2.15.4,🔴 接近漲停 / 不追
2026-06-13_2481,2026-06-13,13:13:43,2481,強茂,動能股 / 先看資金,⚪ 候選 / 觀察,觀察,有效/上漲,盤中背景暫估,背景追蹤中,2026-06-13 13:13:43,145.0,145.0,0.0,0.0,0,0,0,0,50.0,30.0,43.3,78.4,46.7,56.9,142.82,140.68,150.50,147.61,2.98,上市成交金額排行,GitHub Actions background v2.15.4,⚪ 候選 / 觀察
2026-06-13_6531,2026-06-13,13:13:43,6531,愛普*,動能股 / 先看資金,⚪ 候選 / 觀察,觀察,有效/上漲,盤中背景暫估,背景追蹤中,2026-06-13 13:13:43,932.0,932.0,0.0,0.0,0,0,0,0,50.0,30.0,45.6,73.9,37.8,54.4,920.00,906.20,974.00,948.78,2.77,上市成交金額排行,GitHub Actions background v2.15.4,⚪ 候選 / 觀察
2026-06-13_2360,2026-06-13,13:13:43,2360,致茂,動能股 / 先看資金,⚪ 候選 / 觀察,觀察,有效/上漲,盤中背景暫估,背景追蹤中,2026-06-13 13:13:43,2295.0,2295.0,0.0,0.0,0,0,0,0,50.0,30.0,45.4,64.2,38.3,51.0,2260.57,2226.66,2320.00,2336.31,2.98,上市成交金額排行,GitHub Actions background v2.15.4,⚪ 候選 / 觀察
2026-06-13_3532,2026-06-13,13:13:43,3532,台勝科,動能股 / 先看資金,🔴 接近漲停 / 不追,不可追,接近漲停/大漲,盤中背景暫估,背景追蹤中,2026-06-13 13:13:43,326.5,326.5,0.0,0.0,0,0,0,0,50.0,30.0,35.1,94.7,100,70.5,321.60,316.78,329.11,332.38,2.98,上市成交金額排行,GitHub Actions background v2.15.4,🔴 接近漲停 / 不追
2026-06-13_2337,2026-06-13,13:13:43,2337,旺宏,動能股 / 先看資金,⚪ 候選 / 觀察,觀察,有效/上漲,盤中背景暫估,背景追蹤中,2026-06-13 13:13:43,146.5,146.5,0.0,0.0,0,0,0,0,50.0,30.0,45.7,73.6,37.1,54.2,144.30,142.14,148.00,149.14,2.98,上市成交金額排行,GitHub Actions background v2.15.4,⚪ 候選 / 觀察
2026-06-13_2367,2026-06-13,13:13:43,2367,燿華,動能股 / 先看資金,⏳ 到價等確認,嚴格小量等待確認,弱勢/回撤,盤中背景暫估,背景追蹤中,2026-06-13 13:13:43,62.7,62.7,0.0,0.0,0,0,0,0,50.0,30.0,65.0,43.2,0,42.9,62.70,61.76,68.80,63.83,1.5,上市成交金額排行,GitHub Actions background v2.15.4,⏳ 到價等確認
2026-06-13_2301,2026-06-13,13:13:43,2301,光寶科,動能股 / 先看資金,👀 前兆出現,等低吸,有效/上漲,盤中背景暫估,背景追蹤中,2026-06-13 13:13:43,217.0,217.0,0.0,0.0,0,0,0,0,50.0,30.0,56.8,71.3,32.6,56.4,214.50,211.28,221.00,220.91,2.64,上市成交金額排行,GitHub Actions background v2.15.4,👀 前兆出現
2026-06-13_8996,2026-06-13,13:13:43,8996,高力,動能股 / 先看資金,⚪ 候選 / 觀察,觀察,追蹤中,盤中背景暫估,背景追蹤中,2026-06-13 13:13:43,1145.0,1145.0,0.0,0.0,0,0,0,0,50.0,30.0,64.1,56.8,3.5,48.0,1135.00,1117.97,1225.00,1165.61,2.36,上市成交金額排行,GitHub Actions background v2.15.4,⚪ 候選 / 觀察
2026-06-13_2484,2026-06-13,13:13:43,2484,希華,動能股 / 先看資金,🔴 接近漲停 / 不追,不可追,接近漲停/大漲,盤中背景暫估,背景追蹤中,2026-06-13 13:13:43,66.7,66.7,0.0,0.0,0,0,0,0,50.0,30.0,35.2,94.5,100,70.4,65.70,64.71,67.23,67.90,2.98,上市成交金額排行,GitHub Actions background v2.15.4,🔴 接近漲停 / 不追
2026-06-13_3406,2026-06-13,13:13:43,3406,玉晶光,動能股 / 先看資金,⏳ 到價等確認,嚴格小量等待確認,弱勢/回撤,盤中背景暫估,背景追蹤中,2026-06-13 13:13:43,662.0,662.0,0.0,0.0,0,0,0,0,50.0,30.0,65.0,37.1,0,40.7,657.00,647.14,739.00,673.92,2.24,上市成交金額排行,GitHub Actions background v2.15.4,⏳ 到價等確認
2026-06-13_2357,2026-06-13,13:13:43,2357,華碩,動能股 / 先看資金,⚪ 候選 / 觀察,觀察,追蹤中,盤中背景暫估,背景追蹤中,2026-06-13 13:13:43,785.0,785.0,0.0,0.0,0,0,0,0,50.0,30.0,64.7,55.5,1.0,47.3,780.00,768.30,805.00,799.13,2.13,上市成交金額排行,GitHub Actions background v2.15.4,⚪ 候選 / 觀察
2026-06-13_2882,2026-06-13,13:13:43,2882,國泰金,中大型資金股,⏳ 到價等確認,嚴格小量等待確認,追蹤中,盤中背景暫估,背景追蹤中,2026-06-13 13:13:43,100.5,100.5,0.0,0.0,0,0,0,0,50.0,30.0,65.0,55,0,47.0,99.70,98.20,105.50,102.31,2.29,上市成交金額排行,GitHub Actions background v2.15.4,⏳ 到價等確認
2026-06-13_2377,2026-06-13,13:13:43,2377,微星,動能股 / 先看資金,⚪ 候選 / 觀察,觀察,追蹤中,盤中背景暫估,背景追蹤中,2026-06-13 13:13:43,136.5,136.5,0.0,0.0,0,0,0,0,50.0,30.0,60.5,64.0,18.0,52.2,136.50,134.45,143.50,138.96,1.5,上市成交金額排行,GitHub Actions background v2.15.4,⚪ 候選 / 觀察
2026-06-13_6805,2026-06-13,13:13:43,6805,富世達,動能股 / 先看資金,⚪ 候選 / 觀察,觀察,有效/上漲,盤中背景暫估,背景追蹤中,2026-06-13 13:13:43,1825.0,1825.0,0.0,0.0,0,0,0,0,50.0,30.0,46.4,62.2,34.3,49.9,1797.62,1770.66,1855.00,1857.85,2.98,上市成交金額排行,GitHub Actions background v2.15.4,⚪ 候選 / 觀察
2026-06-13_2324,2026-06-13,13:13:43,2324,仁寶,動能股 / 先看資金,⚪ 候選 / 觀察,觀察,追蹤中,盤中背景暫估,背景追蹤中,2026-06-13 13:13:43,36.35,36.35,0.0,0.0,0,0,0,0,50.0,30.0,63.9,57.2,4.4,48.3,36.25,35.71,38.10,37.00,1.76,上市成交金額排行,GitHub Actions background v2.15.4,⚪ 候選 / 觀察
2026-06-13_6155,2026-06-13,13:13:43,6155,鈞寶,動能股 / 先看資金,⚪ 候選 / 觀察,觀察,弱勢/回撤,盤中背景暫估,背景追蹤中,2026-06-13 13:13:43,82.0,82.0,0.0,0.0,0,0,0,0,50.0,30.0,55.0,45.0,0,40.0,80.77,79.56,89.50,83.48,2.98,上市成交金額排行,GitHub Actions background v2.15.4,⚪ 候選 / 觀察
2026-06-13_8210,2026-06-13,13:13:43,8210,勤誠,動能股 / 先看資金,⚪ 候選 / 觀察,觀察,追蹤中,盤中背景暫估,背景追蹤中,2026-06-13 13:13:43,1475.0,1475.0,0.0,0.0,0,0,0,0,50.0,30.0,50.1,54.7,19.4,45.6,1452.88,1431.09,1520.00,1501.55,2.98,上市成交金額排行,GitHub Actions background v2.15.4,⚪ 候選 / 觀察
2026-06-13_3036,2026-06-13,13:13:43,3036,文曄,動能股 / 先看資金,⏳ 到價等確認,嚴格小量等待確認,追蹤中,盤中背景暫估,背景追蹤中,2026-06-13 13:13:43,228.5,228.5,0.0,0.0,0,0,0,0,50.0,30.0,65.0,48.1,0,44.6,228.50,225.07,240.00,232.61,1.5,上市成交金額排行,GitHub Actions background v2.15.4,⏳ 到價等確認
2026-06-13_2379,2026-06-13,13:13:43,2379,瑞昱,動能股 / 先看資金,⏳ 到價等確認,嚴格小量等待確認,弱勢/回撤,盤中背景暫估,背景追蹤中,2026-06-13 13:13:43,618.0,618.0,0.0,0.0,0,0,0,0,50.0,30.0,65.0,32.4,0,39.1,616.00,606.76,665.00,629.12,1.82,上市成交金額排行,GitHub Actions background v2.15.4,⏳ 到價等確認
2026-06-13_2618,2026-06-13,13:13:43,2618,長榮航,動能股 / 先看資金,⚪ 候選 / 觀察,觀察,有效/上漲,盤中背景暫估,背景追蹤中,2026-06-13 13:13:43,38.7,38.7,0.0,0.0,0,0,0,0,50.0,30.0,49.7,65.6,21.2,49.6,38.12,37.55,39.40,39.40,2.97,上市成交金額排行,GitHub Actions background v2.15.4,⚪ 候選 / 觀察
2026-06-13_4967,2026-06-13,13:13:43,4967,十銓,動能股 / 先看資金,⏳ 到價等確認,嚴格小量等待確認,追蹤中,盤中背景暫估,背景追蹤中,2026-06-13 13:13:43,272.0,272.0,0.0,0.0,0,0,0,0,50.0,30.0,65.0,47.1,0,44.2,272.00,267.92,290.00,276.90,1.5,上市成交金額排行,GitHub Actions background v2.15.4,⏳ 到價等確認
2026-06-13_2376,2026-06-13,13:13:43,2376,技嘉,動能股 / 先看資金,⚪ 候選 / 觀察,觀察,追蹤中,盤中背景暫估,背景追蹤中,2026-06-13 13:13:43,342.0,342.0,0.0,0.0,0,0,0,0,50.0,30.0,63.8,57.4,4.7,48.4,341.00,335.88,354.00,348.16,1.79,上市成交金額排行,GitHub Actions background v2.15.4,⚪ 候選 / 觀察
2026-06-13_1802,2026-06-13,13:13:43,1802,台玻,動能股 / 先看資金,🔴 已過熱 / 等回測,不可追,有效/上漲,盤中背景暫估,背景追蹤中,2026-06-13 13:13:43,64.1,64.1,0.0,0.0,0,0,0,0,50.0,30.0,38.8,87.4,84.7,66.1,63.14,62.19,64.90,65.25,2.98,上市成交金額排行,GitHub Actions background v2.15.4,🔴 已過熱 / 等回測
2026-06-13_2356,2026-06-13,13:13:43,2356,英業達,動能股 / 先看資金,⚪ 候選 / 觀察,觀察,追蹤中,盤中背景暫估,背景追蹤中,2026-06-13 13:13:43,66.2,66.2,0.0,0.0,0,0,0,0,50.0,30.0,62.6,59.9,9.8,49.8,66.10,65.11,69.20,67.39,1.65,上市成交金額排行,GitHub Actions background v2.15.4,⚪ 候選 / 觀察
2026-06-13_2355,2026-06-13,13:13:43,2355,敬鵬,動能股 / 先看資金,⚪ 候選 / 觀察,觀察,有效/上漲,盤中背景暫估,背景追蹤中,2026-06-13 13:13:43,61.6,61.6,0.0,0.0,0,0,0,0,50.0,30.0,55.1,74.8,39.5,58.4,61.40,60.48,64.40,62.71,1.82,上市成交金額排行,GitHub Actions background v2.15.4,⚪ 候選 / 觀察
2026-06-13_2883,2026-06-13,13:13:43,2883,凱基金,動能股 / 先看資金,⏳ 到價等確認,嚴格小量等待確認,追蹤中,盤中背景暫估,背景追蹤中,2026-06-13 13:13:43,27.45,27.45,0.0,0.0,0,0,0,0,50.0,30.0,65.0,50.7,0,45.5,27.45,27.04,29.40,27.94,1.49,上市成交金額排行,GitHub Actions background v2.15.4,⏳ 到價等確認
2026-06-13_3048,2026-06-13,13:13:43,3048,益登,動能股 / 先看資金,⏳ 到價等確認,嚴格小量等待確認,弱勢/回撤,盤中背景暫估,背景追蹤中,2026-06-13 13:13:43,73.0,73.0,0.0,0.0,0,0,0,0,50.0,30.0,65.0,44.3,0,43.3,72.50,71.41,77.90,74.31,2.18,上市成交金額排行,GitHub Actions background v2.15.4,⏳ 到價等確認
2026-06-13_8039,2026-06-13,13:13:43,8039,台虹,動能股 / 先看資金,🔴 接近漲停 / 不追,不可追,接近漲停/大漲,盤中背景暫估,背景追蹤中,2026-06-13 13:13:43,149.5,149.5,0.0,0.0,0,0,0,0,50.0,30.0,35.1,94.7,100,70.5,147.26,145.05,150.70,152.19,2.98,上市成交金額排行,GitHub Actions background v2.15.4,🔴 接近漲停 / 不追
2026-06-13_3450,2026-06-13,13:13:43,3450,聯鈞,動能股 / 先看資金,⚪ 候選 / 觀察,觀察,追蹤中,盤中背景暫估,背景追蹤中,2026-06-13 13:13:43,461.0,461.0,0.0,0.0,0,0,0,0,50.0,30.0,61.2,62.5,15.0,51.3,461.00,454.08,482.00,469.30,1.5,上市成交金額排行,GitHub Actions background v2.15.4,⚪ 候選 / 觀察
2026-06-13_6278,2026-06-13,13:13:43,6278,台表科,動能股 / 先看資金,🔴 接近漲停 / 不追,不可追,接近漲停/大漲,盤中背景暫估,背景追蹤中,2026-06-13 13:13:43,211.0,211.0,0.0,0.0,0,0,0,0,50.0,30.0,35.2,94.6,100,70.4,207.84,204.72,212.69,214.80,2.98,上市成交金額排行,GitHub Actions background v2.15.4,🔴 接近漲停 / 不追
2026-06-13_00918,2026-06-13,13:13:43,00918,大華優利高填息30,ETF / 市場動能,⚪ 候選 / 觀察,觀察,追蹤中,盤中背景暫估,背景追蹤中,2026-06-13 13:13:43,30.85,30.85,0.0,0.0,0,0,0,0,50.0,30.0,61.4,62.3,14.6,51.2,30.79,30.33,31.44,31.41,1.69,上市成交金額排行,GitHub Actions background v2.15.4,⚪ 候選 / 觀察
2026-06-13_3034,2026-06-13,13:13:43,3034,聯詠,動能股 / 先看資金,⚪ 候選 / 觀察,觀察,追蹤中,盤中背景暫估,背景追蹤中,2026-06-13 13:13:43,488.5,488.5,0.0,0.0,0,0,0,0,50.0,30.0,64.8,55.4,0.8,47.2,488.50,481.17,507.00,497.29,1.5,上市成交金額排行,GitHub Actions background v2.15.4,⚪ 候選 / 觀察
2026-06-13_8261,2026-06-13,13:13:43,8261,富鼎,動能股 / 先看資金,🔴 接近漲停 / 不追,不可追,接近漲停/大漲,盤中背景暫估,背景追蹤中,2026-06-13 13:13:43,173.5,173.5,0.0,0.0,0,0,0,0,50.0,30.0,35.4,94.2,100,70.4,170.90,168.34,174.89,176.62,2.97,上市成交金額排行,GitHub Actions background v2.15.4,🔴 接近漲停 / 不追
2026-06-13_6213,2026-06-13,13:13:43,6213,聯茂,動能股 / 先看資金,⚪ 候選 / 觀察,觀察,追蹤中,盤中背景暫估,背景追蹤中,2026-06-13 13:13:43,252.5,252.5,0.0,0.0,0,0,0,0,50.0,30.0,51.4,62.2,14.5,47.7,249.50,245.76,263.50,257.05,2.67,上市成交金額排行,GitHub Actions background v2.15.4,⚪ 候選 / 觀察
2026-06-13_4938,2026-06-13,13:13:43,4938,和碩,動能股 / 先看資金,⏳ 到價等確認,嚴格小量等待確認,弱勢/回撤,盤中背景暫估,背景追蹤中,2026-06-13 13:13:43,93.1,93.1,0.0,0.0,0,0,0,0,50.0,30.0,65.0,45.4,0,43.6,93.10,91.70,97.00,94.78,1.5,上市成交金額排行,GitHub Actions background v2.15.4,⏳ 到價等確認
2026-06-13_2890,2026-06-13,13:13:43,2890,永豐金,動能股 / 先看資金,⚪ 候選 / 觀察,觀察,有效/上漲,盤中背景暫估,背景追蹤中,2026-06-13 13:13:43,34.15,34.15,0.0,0.0,0,0,0,0,50.0,30.0,49.6,65.8,21.7,49.7,33.64,33.14,34.95,34.76,2.96,上市成交金額排行,GitHub Actions background v2.15.4,⚪ 候選 / 觀察
2026-06-13_6196,2026-06-13,13:13:43,6196,帆宣,動能股 / 先看資金,🔴 已過熱 / 等回測,不可追,有效/上漲,盤中背景暫估,背景追蹤中,2026-06-13 13:13:43,548.0,548.0,0.0,0.0,0,0,0,0,50.0,30.0,37.5,89.9,89.8,67.6,539.78,531.68,554.00,557.86,2.98,上市成交金額排行,GitHub Actions background v2.15.4,🔴 已過熱 / 等回測
2026-06-13_0056,2026-06-13,13:13:43,0056,元大高股息,ETF / 市場動能,⚪ 候選 / 觀察,觀察,追蹤中,盤中背景暫估,背景追蹤中,2026-06-13 13:13:43,50.6,50.6,0.0,0.0,0,0,0,0,50.0,30.0,60.9,63.2,16.3,51.7,50.50,49.74,51.65,51.51,1.7,上市成交金額排行,GitHub Actions background v2.15.4,⚪ 候選 / 觀察
2026-06-13_3702,2026-06-13,13:13:43,3702,大聯大,動能股 / 先看資金,⏳ 到價等確認,嚴格小量等待確認,弱勢/回撤,盤中背景暫估,背景追蹤中,2026-06-13 13:13:43,105.0,105.0,0.0,0.0,0,0,0,0,50.0,30.0,65.0,42.1,0,42.5,104.00,102.44,111.50,106.89,2.44,上市成交金額排行,GitHub Actions background v2.15.4,⏳ 到價等確認
2026-06-13_6451,2026-06-13,13:13:43,6451,訊芯-KY,動能股 / 先看資金,⚪ 候選 / 觀察,觀察,追蹤中,盤中背景暫估,背景追蹤中,2026-06-13 13:13:43,502.0,502.0,0.0,0.0,0,0,0,0,50.0,30.0,64.0,57.0,4.0,48.1,500.00,492.50,530.00,511.04,1.89,上市成交金額排行,GitHub Actions background v2.15.4,⚪ 候選 / 觀察
2026-06-13_6415,2026-06-13,13:13:43,6415,矽力*-KY,動能股 / 先看資金,⚪ 候選 / 觀察,觀察,追蹤中,盤中背景暫估,背景追蹤中,2026-06-13 13:13:43,487.0,487.0,0.0,0.0,0,0,0,0,50.0,30.0,52.5,60.0,10.0,46.4,479.69,472.49,509.00,495.77,2.98,上市成交金額排行,GitHub Actions background v2.15.4,⚪ 候選 / 觀察
2026-06-13_1605,2026-06-13,13:13:43,1605,華新,動能股 / 先看資金,🔴 接近漲停 / 不追,不可追,接近漲停/大漲,盤中背景暫估,背景追蹤中,2026-06-13 13:13:43,37.7,37.7,0.0,0.0,0,0,0,0,50.0,30.0,35.2,94.6,100,70.4,37.13,36.57,38.00,38.38,3.0,上市成交金額排行,GitHub Actions background v2.15.4,🔴 接近漲停 / 不追
2026-06-13_6944,2026-06-13,13:13:43,6944,兆聯實業,動能股 / 先看資金,⚪ 候選 / 觀察,觀察,有效/上漲,盤中背景暫估,背景追蹤中,2026-06-13 13:13:43,991.0,991.0,0.0,0.0,0,0,0,0,50.0,30.0,43.5,68.0,46.1,53.2,976.13,961.49,1015.00,1008.84,2.98,上市成交金額排行,GitHub Actions background v2.15.4,⚪ 候選 / 觀察
2026-06-13_6257,2026-06-13,13:13:43,6257,矽格,動能股 / 先看資金,🔴 已過熱 / 等回測,不可追,有效/上漲,盤中背景暫估,背景追蹤中,2026-06-13 13:13:43,221.5,221.5,0.0,0.0,0,0,0,0,50.0,30.0,39.4,86.2,82.3,65.4,218.18,214.91,224.00,225.49,2.98,上市成交金額排行,GitHub Actions background v2.15.4,🔴 已過熱 / 等回測
2026-06-13_1714,2026-06-13,13:13:43,1714,和桐,動能股 / 先看資金,⚪ 候選 / 觀察,觀察,有效/上漲,盤中背景暫估,背景追蹤中,2026-06-13 13:13:43,15.2,15.2,0.0,0.0,0,0,0,0,50.0,30.0,43.9,77.2,44.5,56.3,14.97,14.75,15.70,15.47,2.96,上市成交金額排行,GitHub Actions background v2.15.4,⚪ 候選 / 觀察
2026-06-13_3006,2026-06-13,13:13:43,3006,晶豪科,動能股 / 先看資金,🔴 已過熱 / 等回測,不可追,有效/上漲,盤中背景暫估,背景追蹤中,2026-06-13 13:13:43,217.0,217.0,0.0,0.0,0,0,0,0,50.0,30.0,52.8,79.4,48.9,61.1,215.00,211.78,221.50,220.91,2.41,上市成交金額排行,GitHub Actions background v2.15.4,🔴 已過熱 / 等回測
2026-06-13_3026,2026-06-13,13:13:43,3026,禾伸堂,動能股 / 先看資金,🔴 接近漲停 / 不追,不可追,接近漲停/大漲,盤中背景暫估,背景追蹤中,2026-06-13 13:13:43,764.0,764.0,0.0,0.0,0,0,0,0,50.0,30.0,45.1,94.7,100,74.0,764.00,752.54,770.11,777.75,1.5,上市成交金額排行,GitHub Actions background v2.15.4,🔴 接近漲停 / 不追
2026-06-13_6443,2026-06-13,13:13:43,6443,元晶,動能股 / 先看資金,👀 前兆出現,等低吸,有效/上漲,盤中背景暫估,背景追蹤中,2026-06-13 13:13:43,41.75,41.75,0.0,0.0,0,0,0,0,50.0,30.0,56.2,72.5,35.0,57.1,41.65,41.03,43.80,42.50,1.72,上市成交金額排行,GitHub Actions background v2.15.4,👀 前兆出現
2026-06-13_6282,2026-06-13,13:13:43,6282,康舒,動能股 / 先看資金,⚪ 候選 / 觀察,觀察,追蹤中,盤中背景暫估,背景追蹤中,2026-06-13 13:13:43,58.1,58.1,0.0,0.0,0,0,0,0,50.0,30.0,61.9,61.3,12.6,50.6,58.00,57.13,60.90,59.15,1.67,上市成交金額排行,GitHub Actions background v2.15.4,⚪ 候選 / 觀察
2026-06-13_6691,2026-06-13,13:13:43,6691,洋基工程,動能股 / 先看資金,🔴 已過熱 / 等回測,不可追,有效/上漲,盤中背景暫估,背景追蹤中,2026-06-13 13:13:43,689.0,689.0,0.0,0.0,0,0,0,0,50.0,30.0,38.7,87.6,85.3,66.3,678.66,668.48,699.00,701.40,2.98,上市成交金額排行,GitHub Actions background v2.15.4,🔴 已過熱 / 等回測
2026-06-13_6446,2026-06-13,13:13:43,6446,藥華藥,動能股 / 先看資金,⚪ 候選 / 觀察,觀察,追蹤中,盤中背景暫估,背景追蹤中,2026-06-13 13:13:43,949.0,949.0,0.0,0.0,0,0,0,0,50.0,30.0,51.8,51.4,12.9,43.7,934.76,920.74,968.00,966.08,2.98,上市成交金額排行,GitHub Actions background v2.15.4,⚪ 候選 / 觀察
2026-06-13_1519,2026-06-13,13:13:43,1519,華城,動能股 / 先看資金,⚪ 候選 / 觀察,觀察,追蹤中,盤中背景暫估,背景追蹤中,2026-06-13 13:13:43,791.0,791.0,0.0,0.0,0,0,0,0,50.0,30.0,60.3,64.3,18.6,52.4,783.00,771.25,813.00,805.24,2.5,上市成交金額排行,GitHub Actions background v2.15.4,⚪ 候選 / 觀察
2026-06-13_2492,2026-06-13,13:13:43,2492,華新科,動能股 / 先看資金,⏳ 到價等確認,嚴格小量等待確認,弱勢/回撤,盤中背景暫估,背景追蹤中,2026-06-13 13:13:43,409.0,409.0,0.0,0.0,0,0,0,0,50.0,30.0,65.0,46.8,0,44.1,409.00,402.87,457.50,416.36,1.5,上市成交金額排行,GitHub Actions background v2.15.4,⏳ 到價等確認
2026-06-13_009816,2026-06-13,13:13:43,009816,凱基台灣TOP50,ETF / 市場動能,⚪ 候選 / 觀察,觀察,有效/上漲,盤中背景暫估,背景追蹤中,2026-06-13 13:13:43,14.9,14.9,0.0,0.0,0,0,0,0,50.0,30.0,59.9,65.2,20.4,52.9,14.84,14.62,15.19,15.17,1.88,上市成交金額排行,GitHub Actions background v2.15.4,⚪ 候選 / 觀察
2026-06-13_2884,2026-06-13,13:13:43,2884,玉山金,動能股 / 先看資金,⚪ 候選 / 觀察,觀察,追蹤中,盤中背景暫估,背景追蹤中,2026-06-13 13:13:43,34.35,34.35,0.0,0.0,0,0,0,0,50.0,30.0,62.0,60.9,11.8,50.4,33.95,33.44,34.70,34.97,2.65,上市成交金額排行,GitHub Actions background v2.15.4,⚪ 候選 / 觀察
2026-06-13_00878,2026-06-13,13:13:43,00878,國泰永續高股息,ETF / 市場動能,⚪ 候選 / 觀察,觀察,追蹤中,盤中背景暫估,背景追蹤中,2026-06-13 13:13:43,32.05,32.05,0.0,0.0,0,0,0,0,50.0,30.0,62.2,60.7,11.4,50.3,32.05,31.57,32.46,32.63,1.5,上市成交金額排行,GitHub Actions background v2.15.4,⚪ 候選 / 觀察
2026-06-13_2375,2026-06-13,13:13:43,2375,凱美,動能股 / 先看資金,🔴 已過熱 / 等回測,不可追,有效/上漲,盤中背景暫估,背景追蹤中,2026-06-13 13:13:43,172.5,172.5,0.0,0.0,0,0,0,0,50.0,30.0,40.7,83.6,77.1,63.9,169.91,167.36,177.00,175.60,2.98,上市成交金額排行,GitHub Actions background v2.15.4,🔴 已過熱 / 等回測
2026-06-13_2486,2026-06-13,13:13:43,2486,一詮,動能股 / 先看資金,⚪ 候選 / 觀察,觀察,有效/上漲,盤中背景暫估,背景追蹤中,2026-06-13 13:13:43,251.5,251.5,0.0,0.0,0,0,0,0,50.0,30.0,59.7,65.6,21.2,53.1,249.00,245.26,259.00,256.03,2.48,上市成交金額排行,GitHub Actions background v2.15.4,⚪ 候選 / 觀察
2026-06-13_8028,2026-06-13,13:13:43,8028,昇陽半導體,動能股 / 先看資金,👀 前兆出現,等低吸,有效/上漲,盤中背景暫估,背景追蹤中,2026-06-13 13:13:43,315.0,315.0,0.0,0.0,0,0,0,0,50.0,30.0,46.0,72.9,35.8,53.8,310.27,305.62,328.00,320.67,2.98,上市成交金額排行,GitHub Actions background v2.15.4,👀 前兆出現
2026-06-13_2610,2026-06-13,13:13:43,2610,華航,動能股 / 先看資金,⚪ 候選 / 觀察,觀察,有效/上漲,盤中背景暫估,背景追蹤中,2026-06-13 13:13:43,20.4,20.4,0.0,0.0,0,0,0,0,50.0,30.0,45.2,74.5,39.0,54.7,20.09,19.79,20.70,20.77,2.99,上市成交金額排行,GitHub Actions background v2.15.4,⚪ 候選 / 觀察
2026-06-13_3376,2026-06-13,13:13:43,3376,新日興,動能股 / 先看資金,⏳ 到價等確認,嚴格小量等待確認,追蹤中,盤中背景暫估,背景追蹤中,2026-06-13 13:13:43,200.5,200.5,0.0,0.0,0,0,0,0,50.0,30.0,65.0,49.1,0,44.9,200.50,197.49,216.50,204.11,1.5,上市成交金額排行,GitHub Actions background v2.15.4,⏳ 到價等確認
2026-06-13_2609,2026-06-13,13:13:43,2609,陽明,動能股 / 先看資金,⚪ 候選 / 觀察,觀察,有效/上漲,盤中背景暫估,背景追蹤中,2026-06-13 13:13:43,52.4,52.4,0.0,0.0,0,0,0,0,50.0,30.0,49.9,65.2,20.3,49.3,51.61,50.84,53.30,53.34,2.98,上市成交金額排行,GitHub Actions background v2.15.4,⚪ 候選 / 觀察
2026-06-13_2464,2026-06-13,13:13:43,2464,盟立,動能股 / 先看資金,⚪ 候選 / 觀察,觀察,有效/上漲,盤中背景暫估,背景追蹤中,2026-06-13 13:13:43,149.0,149.0,0.0,0.0,0,0,0,0,50.0,30.0,45.1,74.7,39.4,54.8,146.76,144.56,153.00,151.68,2.98,上市成交金額排行,GitHub Actions background v2.15.4,⚪ 候選 / 觀察
2026-06-13_6442,2026-06-13,13:13:43,6442,光聖,動能股 / 先看資金,⚪ 候選 / 觀察,觀察,追蹤中,盤中背景暫估,背景追蹤中,2026-06-13 13:13:43,1855.0,1855.0,0.0,0.0,0,0,0,0,50.0,30.0,51.2,52.7,15.4,44.4,1827.17,1799.76,1900.00,1888.39,2.98,上市成交金額排行,GitHub Actions background v2.15.4,⚪ 候選 / 觀察
2026-06-13_4916,2026-06-13,13:13:43,4916,事欣科,動能股 / 先看資金,⏳ 到價等確認,嚴格小量等待確認,弱勢/回撤,盤中背景暫估,背景追蹤中,2026-06-13 13:13:43,107.5,107.5,0.0,0.0,0,0,0,0,50.0,30.0,65.0,30.6,0,38.4,106.50,104.90,120.50,109.44,2.42,上市成交金額排行,GitHub Actions background v2.15.4,⏳ 到價等確認
2026-06-13_6197,2026-06-13,13:13:43,6197,佳必琪,動能股 / 先看資金,⚪ 候選 / 觀察,觀察,有效/上漲,盤中背景暫估,背景追蹤中,2026-06-13 13:13:43,327.5,327.5,0.0,0.0,0,0,0,0,50.0,30.0,48.7,67.6,25.2,50.7,322.59,317.75,335.50,333.39,2.98,上市成交金額排行,GitHub Actions background v2.15.4,⚪ 候選 / 觀察
2026-06-13_2353,2026-06-13,13:13:43,2353,宏碁,動能股 / 先看資金,⏳ 到價等確認,嚴格小量等待確認,追蹤中,盤中背景暫估,背景追蹤中,2026-06-13 13:13:43,36.7,36.7,0.0,0.0,0,0,0,0,50.0,30.0,65.0,52.8,0,46.2,36.55,36.00,38.50,37.36,1.91,上市成交金額排行,GitHub Actions background v2.15.4,⏳ 到價等確認
2026-06-13_2886,2026-06-13,13:13:43,2886,兆豐金,動能股 / 先看資金,⏳ 到價等確認,嚴格小量等待確認,追蹤中,盤中背景暫估,背景追蹤中,2026-06-13 13:13:43,43.4,43.4,0.0,0.0,0,0,0,0,50.0,30.0,65.0,55,0,47.0,43.10,42.45,43.95,44.18,2.19,上市成交金額排行,GitHub Actions background v2.15.4,⏳ 到價等確認
2026-06-13_2451,2026-06-13,13:13:43,2451,創見,動能股 / 先看資金,⚪ 候選 / 觀察,觀察,有效/上漲,盤中背景暫估,背景追蹤中,2026-06-13 13:13:43,305.5,305.5,0.0,0.0,0,0,0,0,50.0,30.0,55.8,73.5,37.0,57.6,303.00,298.45,311.00,311.00,2.31,上市成交金額排行,GitHub Actions background v2.15.4,⚪ 候選 / 觀察
2026-06-13_6706,2026-06-13,13:13:43,6706,惠特,動能股 / 先看資金,👀 前兆出現,等低吸,有效/上漲,盤中背景暫估,背景追蹤中,2026-06-13 13:13:43,167.0,167.0,0.0,0.0,0,0,0,0,50.0,30.0,47.5,69.9,29.8,52.1,164.50,162.03,177.00,170.01,2.98,上市成交金額排行,GitHub Actions background v2.15.4,👀 前兆出現
2026-06-13_3706,2026-06-13,13:13:43,3706,神達,動能股 / 先看資金,⏳ 到價等確認,嚴格小量等待確認,追蹤中,盤中背景暫估,背景追蹤中,2026-06-13 13:13:43,85.5,85.5,0.0,0.0,0,0,0,0,50.0,30.0,65.0,50.4,0,45.4,85.50,84.22,89.60,87.04,1.5,上市成交金額排行,GitHub Actions background v2.15.4,⏳ 到價等確認
2026-06-13_2426,2026-06-13,13:13:43,2426,鼎元,動能股 / 先看資金,⚪ 候選 / 觀察,觀察,有效/上漲,盤中背景暫估,背景追蹤中,2026-06-13 13:13:43,68.0,68.0,0.0,0.0,0,0,0,0,50.0,30.0,49.9,65.2,20.5,49.4,66.98,65.98,69.80,69.22,2.97,上市成交金額排行,GitHub Actions background v2.15.4,⚪ 候選 / 觀察
2026-06-13_3533,2026-06-13,13:13:43,3533,嘉澤,動能股 / 先看資金,⚪ 候選 / 觀察,觀察,有效/上漲,盤中背景暫估,背景追蹤中,2026-06-13 13:13:43,2240.0,2240.0,0.0,0.0,0,0,0,0,50.0,30.0,46.1,62.7,35.4,50.2,2206.40,2173.30,2290.00,2280.32,2.98,上市成交金額排行,GitHub Actions background v2.15.4,⚪ 候選 / 觀察
2026-06-13_2892,2026-06-13,13:13:43,2892,第一金,中大型資金股,⚪ 候選 / 觀察,觀察,追蹤中,盤中背景暫估,背景追蹤中,2026-06-13 13:13:43,31.0,31.0,0.0,0.0,0,0,0,0,50.0,30.0,62.7,59.6,9.1,49.6,30.65,30.19,31.35,31.56,2.61,上市成交金額排行,GitHub Actions background v2.15.4,⚪ 候選 / 觀察
2026-06-13_6409,2026-06-13,13:13:43,6409,旭隼,動能股 / 先看資金,🔴 接近漲停 / 不追,不可追,接近漲停/大漲,盤中背景暫估,背景追蹤中,2026-06-13 13:13:43,930.0,930.0,0.0,0.0,0,0,0,0,50.0,30.0,35.1,84.7,100,67.0,916.05,902.31,937.44,946.74,2.98,上市成交金額排行,GitHub Actions background v2.15.4,🔴 接近漲停 / 不追
2026-06-13_2885,2026-06-13,13:13:43,2885,元大金,動能股 / 先看資金,👀 前兆出現,等低吸,有效/上漲,盤中背景暫估,背景追蹤中,2026-06-13 13:13:43,63.9,63.9,0.0,0.0,0,0,0,0,50.0,30.0,47.5,69.9,44.8,55.1,62.94,62.00,64.41,65.05,2.97,上市成交金額排行,GitHub Actions background v2.15.4,👀 前兆出現
2026-06-13_2312,2026-06-13,13:13:43,2312,金寶,動能股 / 先看資金,⚪ 候選 / 觀察,觀察,追蹤中,盤中背景暫估,背景追蹤中,2026-06-13 13:13:43,34.95,34.95,0.0,0.0,0,0,0,0,50.0,30.0,64.7,55.6,1.1,47.3,34.90,34.38,37.30,35.58,1.63,上市成交金額排行,GitHub Actions background v2.15.4,⚪ 候選 / 觀察
2026-06-13_3576,2026-06-13,13:13:43,3576,聯合再生,動能股 / 先看資金,🔴 接近漲停 / 不追,不可追,接近漲停/大漲,盤中背景暫估,背景追蹤中,2026-06-13 13:13:43,19.8,19.8,0.0,0.0,0,0,0,0,50.0,30.0,35.0,95.0,100,70.5,19.50,19.21,19.96,20.16,2.98,上市成交金額排行,GitHub Actions background v2.15.4,🔴 接近漲停 / 不追
2026-06-13_2542,2026-06-13,13:13:43,2542,興富發,動能股 / 先看資金,⏳ 到價等確認,嚴格小量等待確認,追蹤中,盤中背景暫估,背景追蹤中,2026-06-13 13:13:43,44.95,44.95,0.0,0.0,0,0,0,0,50.0,30.0,65.0,51.5,0,45.8,44.90,44.23,47.10,45.76,1.6,上市成交金額排行,GitHub Actions background v2.15.4,⏳ 到價等確認
2026-06-13_2413,2026-06-13,13:13:43,2413,環科,動能股 / 先看資金,🔴 已過熱 / 等回測,不可追,有效/上漲,盤中背景暫估,背景追蹤中,2026-06-13 13:13:43,61.2,61.2,0.0,0.0,0,0,0,0,50.0,30.0,42.1,80.7,51.4,58.3,60.28,59.38,63.20,62.30,2.97,上市成交金額排行,GitHub Actions background v2.15.4,🔴 已過熱 / 等回測
2026-06-13_6781,2026-06-13,13:13:43,6781,AES-KY,動能股 / 先看資金,⏳ 到價等確認,嚴格小量等待確認,追蹤中,盤中背景暫估,背景追蹤中,2026-06-13 13:13:43,1145.0,1145.0,0.0,0.0,0,0,0,0,50.0,30.0,65.0,41.5,0,42.3,1140.00,1122.90,1190.00,1165.61,1.93,上市成交金額排行,GitHub Actions background v2.15.4,⏳ 到價等確認
2026-06-13_2880,2026-06-13,13:13:43,2880,華南金,動能股 / 先看資金,⚪ 候選 / 觀察,觀察,追蹤中,盤中背景暫估,背景追蹤中,2026-06-13 13:13:43,36.0,36.0,0.0,0.0,0,0,0,0,50.0,30.0,63.0,58.9,7.8,49.3,35.75,35.21,37.00,36.65,2.19,上市成交金額排行,GitHub Actions background v2.15.4,⚪ 候選 / 觀察
2026-06-13_6271,2026-06-13,13:13:43,6271,同欣電,動能股 / 先看資金,🔴 接近漲停 / 不追,不可追,接近漲停/大漲,盤中背景暫估,背景追蹤中,2026-06-13 13:13:43,238.5,238.5,0.0,0.0,0,0,0,0,50.0,30.0,45.2,94.6,100,73.9,237.00,233.44,240.41,242.79,2.12,上市成交金額排行,GitHub Actions background v2.15.4,🔴 接近漲停 / 不追
2026-06-13_3045,2026-06-13,13:13:43,3045,台灣大,動能股 / 先看資金,⚪ 候選 / 觀察,觀察,追蹤中,盤中背景暫估,背景追蹤中,2026-06-13 13:13:43,119.5,119.5,0.0,0.0,0,0,0,0,50.0,30.0,64.2,56.7,3.4,48.0,118.50,116.72,120.50,121.65,2.33,上市成交金額排行,GitHub Actions background v2.15.4,⚪ 候選 / 觀察
2026-06-13_00830,2026-06-13,13:13:43,00830,國泰費城半導體,ETF / 市場動能,🔴 已過熱 / 等回測,不可追,有效/上漲,盤中背景暫估,背景追蹤中,2026-06-13 13:13:43,92.85,92.85,0.0,0.0,0,0,0,0,50.0,30.0,51.8,81.4,67.8,65.2,91.90,90.52,93.59,94.52,2.51,上市成交金額排行,GitHub Actions background v2.15.4,🔴 已過熱 / 等回測
2026-06-13_2412,2026-06-13,13:13:43,2412,中華電,動能股 / 先看資金,⏳ 到價等確認,嚴格小量等待確認,追蹤中,盤中背景暫估,背景追蹤中,2026-06-13 13:13:43,145.0,145.0,0.0,0.0,0,0,0,0,50.0,30.0,65.0,55,15,50.0,143.50,141.35,146.16,147.61,2.52,上市成交金額排行,GitHub Actions background v2.15.4,⏳ 到價等確認
2026-06-13_2472,2026-06-13,13:13:43,2472,立隆電,動能股 / 先看資金,🔴 已過熱 / 等回測,不可追,有效/上漲,盤中背景暫估,背景追蹤中,2026-06-13 13:13:43,371.5,371.5,0.0,0.0,0,0,0,0,50.0,30.0,42.7,79.6,49.1,57.6,365.93,360.44,384.00,378.19,2.98,上市成交金額排行,GitHub Actions background v2.15.4,🔴 已過熱 / 等回測
2026-06-13_6789,2026-06-13,13:13:43,6789,采鈺,動能股 / 先看資金,⚪ 候選 / 觀察,觀察,有效/上漲,盤中背景暫估,背景追蹤中,2026-06-13 13:13:43,481.5,481.5,0.0,0.0,0,0,0,0,50.0,30.0,43.4,78.3,46.6,56.9,474.28,467.17,490.50,490.17,2.98,上市成交金額排行,GitHub Actions background v2.15.4,⚪ 候選 / 觀察
2026-06-13_5269,2026-06-13,13:13:43,5269,祥碩,動能股 / 先看資金,⚪ 候選 / 觀察,觀察,有效/上漲,盤中背景暫估,背景追蹤中,2026-06-13 13:13:43,1375.0,1375.0,0.0,0.0,0,0,0,0,50.0,30.0,58.2,58.5,27.0,51.3,1360.00,1339.60,1395.00,1399.75,2.57,上市成交金額排行,GitHub Actions background v2.15.4,⚪ 候選 / 觀察
2026-06-13_5871,2026-06-13,13:13:43,5871,中租-KY,動能股 / 先看資金,⚪ 候選 / 觀察,觀察,追蹤中,盤中背景暫估,背景追蹤中,2026-06-13 13:13:43,121.5,121.5,0.0,0.0,0,0,0,0,50.0,30.0,55.0,50.1,5.2,42.8,119.68,117.88,122.47,123.69,2.98,上市成交金額排行,GitHub Actions background v2.15.4,⚪ 候選 / 觀察
2026-06-13_2207,2026-06-13,13:13:43,2207,和泰車,動能股 / 先看資金,⏳ 到價等確認,嚴格小量等待確認,追蹤中,盤中背景暫估,背景追蹤中,2026-06-13 13:13:43,461.0,461.0,0.0,0.0,0,0,0,0,50.0,30.0,65.0,47.8,0,44.5,457.00,450.14,479.50,469.30,2.36,上市成交金額排行,GitHub Actions background v2.15.4,⏳ 到價等確認
2026-06-13_0052,2026-06-13,13:13:43,0052,富邦科技,ETF / 市場動能,⚪ 候選 / 觀察,觀察,追蹤中,盤中背景暫估,背景追蹤中,2026-06-13 13:13:43,59.6,59.6,0.0,0.0,0,0,0,0,50.0,30.0,60.0,65.0,19.9,52.7,59.30,58.41,60.25,60.67,2.0,上市成交金額排行,GitHub Actions background v2.15.4,⚪ 候選 / 觀察
2026-06-13_3044,2026-06-13,13:13:43,3044,健鼎,動能股 / 先看資金,⚪ 候選 / 觀察,觀察,有效/上漲,盤中背景暫估,背景追蹤中,2026-06-13 13:13:43,497.0,497.0,0.0,0.0,0,0,0,0,50.0,30.0,59.6,65.8,21.5,53.2,494.50,487.08,509.00,505.95,2.0,上市成交金額排行,GitHub Actions background v2.15.4,⚪ 候選 / 觀察
2026-06-13_6209,2026-06-13,13:13:43,6209,今國光,動能股 / 先看資金,👀 前兆出現,等低吸,有效/上漲,盤中背景暫估,背景追蹤中,2026-06-13 13:13:43,82.4,82.4,0.0,0.0,0,0,0,0,50.0,30.0,47.2,70.6,31.3,52.5,81.16,79.94,84.80,83.88,2.99,上市成交金額排行,GitHub Actions background v2.15.4,👀 前兆出現
2026-06-13_00910,2026-06-13,13:13:43,00910,第一金太空衛星,ETF / 市場動能,🔴 接近漲停 / 不追,不可追,接近漲停/大漲,盤中背景暫估,背景追蹤中,2026-06-13 13:13:43,75.25,75.25,0.0,0.0,0,0,0,0,50.0,30.0,32.0,100,100,71.2,74.12,73.01,75.85,76.60,2.98,上市成交金額排行,GitHub Actions background v2.15.4,🔴 接近漲停 / 不追
2026-06-13_7788,2026-06-13,13:13:43,7788,松川精密,動能股 / 先看資金,⏳ 到價等確認,嚴格小量等待確認,追蹤中,盤中背景暫估,背景追蹤中,2026-06-13 13:13:43,266.0,266.0,0.0,0.0,0,0,0,0,50.0,30.0,65.0,47.6,0,44.4,263.00,259.06,286.00,270.79,2.61,上市成交金額排行,GitHub Actions background v2.15.4,⏳ 到價等確認
2026-06-13_4904,2026-06-13,13:13:43,4904,遠傳,動能股 / 先看資金,⚪ 候選 / 觀察,觀察,追蹤中,盤中背景暫估,背景追蹤中,2026-06-13 13:13:43,109.0,109.0,0.0,0.0,0,0,0,0,50.0,30.0,55.0,55,0,43.5,107.50,105.89,111.00,110.96,2.85,上市成交金額排行,GitHub Actions background v2.15.4,⚪ 候選 / 觀察
2026-06-13_1513,2026-06-13,13:13:43,1513,中興電,動能股 / 先看資金,⚪ 候選 / 觀察,觀察,追蹤中,盤中背景暫估,背景追蹤中,2026-06-13 13:13:43,167.0,167.0,0.0,0.0,0,0,0,0,50.0,30.0,61.3,62.3,14.6,51.2,167.00,164.50,170.00,170.01,1.5,上市成交金額排行,GitHub Actions background v2.15.4,⚪ 候選 / 觀察
2026-06-13_6830,2026-06-13,13:13:43,6830,汎銓,動能股 / 先看資金,⏳ 到價等確認,嚴格小量等待確認,弱勢/回撤,盤中背景暫估,背景追蹤中,2026-06-13 13:13:43,497.0,497.0,0.0,0.0,0,0,0,0,50.0,30.0,65.0,41.0,0,42.1,495.50,488.07,545.00,505.95,1.8,上市成交金額排行,GitHub Actions background v2.15.4,⏳ 到價等確認
2026-06-13_2474,2026-06-13,13:13:43,2474,可成,動能股 / 先看資金,⏳ 到價等確認,嚴格小量等待確認,追蹤中,盤中背景暫估,背景追蹤中,2026-06-13 13:13:43,205.5,205.5,0.0,0.0,0,0,0,0,50.0,30.0,65.0,55,0,47.0,205.00,201.93,211.50,209.20,1.74,上市成交金額排行,GitHub Actions background v2.15.4,⏳ 到價等確認
2026-06-13_2615,2026-06-13,13:13:43,2615,萬海,動能股 / 先看資金,⚪ 候選 / 觀察,觀察,追蹤中,盤中背景暫估,背景追蹤中,2026-06-13 13:13:43,85.0,85.0,0.0,0.0,0,0,0,0,50.0,30.0,62.1,60.7,11.4,50.3,84.00,82.74,87.10,86.53,2.66,上市成交金額排行,GitHub Actions background v2.15.4,⚪ 候選 / 觀察
2026-06-13_2002,2026-06-13,13:13:43,2002,中鋼,動能股 / 先看資金,⚪ 候選 / 觀察,觀察,追蹤中,盤中背景暫估,背景追蹤中,2026-06-13 13:13:43,18.9,18.9,0.0,0.0,0,0,0,0,50.0,30.0,51.2,62.6,15.1,47.8,18.65,18.37,19.05,19.24,2.8,上市成交金額排行,GitHub Actions background v2.15.4,⚪ 候選 / 觀察
2026-06-13_6834,2026-06-13,13:13:43,6834,天二科技,動能股 / 先看資金,🔴 接近漲停 / 不追,不可追,接近漲停/大漲,盤中背景暫估,背景追蹤中,2026-06-13 13:13:43,84.1,84.1,0.0,0.0,0,0,0,0,50.0,30.0,35.1,94.7,100,70.5,82.84,81.60,84.77,85.61,2.97,上市成交金額排行,GitHub Actions background v2.15.4,🔴 接近漲停 / 不追
2026-06-13_3583,2026-06-13,13:13:43,3583,辛耘,動能股 / 先看資金,⚪ 候選 / 觀察,觀察,追蹤中,盤中背景暫估,背景追蹤中,2026-06-13 13:13:43,803.0,803.0,0.0,0.0,0,0,0,0,50.0,30.0,62.0,51.1,12.2,47.0,803.00,790.96,831.00,817.45,1.5,上市成交金額排行,GitHub Actions background v2.15.4,⚪ 候選 / 觀察
2026-06-13_1216,2026-06-13,13:13:43,1216,統一,動能股 / 先看資金,⚪ 候選 / 觀察,觀察,追蹤中,盤中背景暫估,背景追蹤中,2026-06-13 13:13:43,76.5,76.5,0.0,0.0,0,0,0,0,50.0,30.0,62.6,59.8,24.5,52.7,75.60,74.47,77.11,77.88,2.65,上市成交金額排行,GitHub Actions background v2.15.4,⚪ 候選 / 觀察
2026-06-13_00929,2026-06-13,13:13:43,00929,復華台灣科技優息,ETF / 市場動能,👀 前兆出現,等低吸,有效/上漲,盤中背景暫估,背景追蹤中,2026-06-13 13:13:43,29.51,29.51,0.0,0.0,0,0,0,0,50.0,30.0,57.9,69.2,28.3,55.1,29.45,29.01,29.95,30.04,1.69,上市成交金額排行,GitHub Actions background v2.15.4,👀 前兆出現
2026-06-13_1326,2026-06-13,13:13:43,1326,台化,動能股 / 先看資金,⚪ 候選 / 觀察,觀察,有效/上漲,盤中背景暫估,背景追蹤中,2026-06-13 13:13:43,48.8,48.8,0.0,0.0,0,0,0,0,50.0,30.0,44.0,77.0,44.1,56.2,48.07,47.35,49.19,49.68,2.97,上市成交金額排行,GitHub Actions background v2.15.4,⚪ 候選 / 觀察
2026-06-13_7750,2026-06-13,13:13:43,7750,新代,動能股 / 先看資金,🔴 已過熱 / 等回測,不可追,有效/上漲,盤中背景暫估,背景追蹤中,2026-06-13 13:13:43,2230.0,2230.0,0.0,0.0,0,0,0,0,50.0,30.0,41.6,71.8,53.6,55.4,2196.55,2163.60,2270.00,2270.14,2.98,上市成交金額排行,GitHub Actions background v2.15.4,🔴 已過熱 / 等回測
2026-06-13_2485,2026-06-13,13:13:43,2485,兆赫,動能股 / 先看資金,⏳ 到價等確認,嚴格小量等待確認,追蹤中,盤中背景暫估,背景追蹤中,2026-06-13 13:13:43,64.8,64.8,0.0,0.0,0,0,0,0,50.0,30.0,65.0,55,0,47.0,64.40,63.43,68.90,65.97,2.11,上市成交金額排行,GitHub Actions background v2.15.4,⏳ 到價等確認
2026-06-13_00662,2026-06-13,13:13:43,00662,富邦NASDAQ,ETF / 市場動能,⚪ 候選 / 觀察,觀察,有效/上漲,盤中背景暫估,背景追蹤中,2026-06-13 13:13:43,120.05,120.05,0.0,0.0,0,0,0,0,50.0,30.0,59.9,65.2,35.5,55.9,119.55,117.76,121.01,122.21,1.91,上市成交金額排行,GitHub Actions background v2.15.4,⚪ 候選 / 觀察
2026-06-13_3715,2026-06-13,13:13:43,3715,定穎投控,動能股 / 先看資金,⚪ 候選 / 觀察,觀察,追蹤中,盤中背景暫估,背景追蹤中,2026-06-13 13:13:43,166.5,166.5,0.0,0.0,0,0,0,0,50.0,30.0,64.4,56.2,2.4,47.7,166.50,164.00,173.00,169.50,1.5,上市成交金額排行,GitHub Actions background v2.15.4,⚪ 候選 / 觀察
2026-06-13_1301,2026-06-13,13:13:43,1301,台塑,動能股 / 先看資金,👀 前兆出現,等低吸,有效/上漲,盤中背景暫估,背景追蹤中,2026-06-13 13:13:43,45.25,45.25,0.0,0.0,0,0,0,0,50.0,30.0,48.4,68.2,41.5,54.1,44.57,43.90,45.61,46.06,2.98,上市成交金額排行,GitHub Actions background v2.15.4,👀 前兆出現
2026-06-13_6414,2026-06-13,13:13:43,6414,樺漢,動能股 / 先看資金,⏳ 到價等確認,嚴格小量等待確認,弱勢/回撤,盤中背景暫估,背景追蹤中,2026-06-13 13:13:43,375.5,375.5,0.0,0.0,0,0,0,0,50.0,30.0,65.0,35.2,0,40.1,375.50,369.87,409.00,382.26,1.5,上市成交金額排行,GitHub Actions background v2.15.4,⏳ 到價等確認
2026-06-13_8926,2026-06-13,13:13:43,8926,台汽電,動能股 / 先看資金,⏳ 到價等確認,嚴格小量等待確認,追蹤中,盤中背景暫估,背景追蹤中,2026-06-13 13:13:43,74.2,74.2,0.0,0.0,0,0,0,0,50.0,30.0,65.0,48.1,0,44.6,74.00,72.89,78.30,75.54,1.77,上市成交金額排行,GitHub Actions background v2.15.4,⏳ 到價等確認
2026-06-13_6173,2026-06-13,13:03:33,6173,信昌電,,🔴 接近漲停 / 不追,不可追,接近漲停/大漲,盤中背景暫估,背景追蹤中,2026-06-13 13:03:33,276.5,276.5,0,0,0,0,0,0,50,30,35.1,94.8,100.0,70.5,272.35,268.26,278.71,281.48,2.98,背景市場池,GitHub Actions background v2.15.4,🔴 接近漲停 / 不追
2026-06-13_3105,2026-06-13,13:03:33,3105,穩懋,,⚪ 候選 / 觀察,觀察,有效/上漲,盤中背景暫估,背景追蹤中,2026-06-13 13:03:33,505.0,505.0,0,0,0,0,0,0,50,30,45.2,74.5,39.0,54.7,497.43,489.97,516.00,514.09,2.98,背景市場池,GitHub Actions background v2.15.4,⚪ 候選 / 觀察
2026-06-13_3081,2026-06-13,13:03:33,3081,聯亞,,⚪ 候選 / 觀察,觀察,追蹤中,盤中背景暫估,背景追蹤中,2026-06-13 13:03:33,2195.0,2195.0,0,0,0,0,0,0,50,30,52.2,60.6,11.1,46.7,2162.07,2129.64,2315.00,2234.51,2.98,背景市場池,GitHub Actions background v2.15.4,⚪ 候選 / 觀察
2026-06-13_8299,2026-06-13,13:03:33,8299,群聯,,⚪ 候選 / 觀察,觀察,有效/上漲,盤中背景暫估,背景追蹤中,2026-06-13 13:03:33,2310.0,2310.0,0,0,0,0,0,0,50,30,55.0,75.0,40.0,58.5,2305.00,2270.43,2395.00,2351.58,1.71,背景市場池,GitHub Actions background v2.15.4,⚪ 候選 / 觀察
2026-06-13_6147,2026-06-13,13:03:33,6147,頎邦,,⚪ 候選 / 觀察,觀察,追蹤中,盤中背景暫估,背景追蹤中,2026-06-13 13:03:33,224.0,224.0,0,0,0,0,0,0,50,30,63.7,57.7,5.4,48.5,223.50,220.15,244.00,228.03,1.72,背景市場池,GitHub Actions background v2.15.4,⚪ 候選 / 觀察
2026-06-13_6274,2026-06-13,13:03:33,6274,台燿,,⏳ 到價等確認,嚴格小量等待確認,弱勢/回撤,盤中背景暫估,背景追蹤中,2026-06-13 13:03:33,1430.0,1430.0,0,0,0,0,0,0,50,30,65.0,42.8,0.0,42.7,1430.00,1408.55,1620.00,1455.74,1.5,背景市場池,GitHub Actions background v2.15.4,⏳ 到價等確認
2026-06-15_2313,2026-06-15,10:39:36,2313,華通,動能股 / 先看資金,⏳ 到價等確認,嚴格小量等待確認,追蹤中,盤中背景暫估,背景追蹤中,2026-06-15 10:39:36,261.25,259.25,-0.77,-0.77,0,-0.77,0,-0.77,29.2,20.0,65.0,49.3,0,42.9,258.00,254.13,272.00,263.92,1.97,盤後AI候選,GitHub Actions background v2.15.4,⏳ 到價等確認
2026-06-15_2382,2026-06-15,10:39:36,2382,廣達,中大型資金股,⚪ 候選 / 觀察,觀察,追蹤中,盤中背景暫估,背景追蹤中,2026-06-15 10:39:36,373.75,373.0,-0.2,-0.2,0,-0.33,0,-0.33,32.0,20.0,64.5,56.1,2.2,45.8,372.00,366.42,386.50,379.71,1.76,盤後AI候選,GitHub Actions background v2.15.4,⚪ 候選 / 觀察
2026-06-15_3441,2026-06-15,10:39:36,3441,聯一光,小型強攻 / 漲停前兆股,🔴 接近漲停 / 不追,不可追,接近漲停/大漲,盤中背景暫估,背景追蹤中,2026-06-15 10:39:36,77.0,77.0,0.0,0.0,0,0,0,0,50.0,30.0,35.0,95.0,100,70.5,75.84,74.70,77.62,78.39,2.99,備援池,GitHub Actions background v2.15.4,⚪ 無有效報價 → 🔴 接近漲停 / 不追
2026-06-15_2327,2026-06-15,10:39:36,2327,國巨*,動能股 / 先看資金,⚪ 無有效報價,觀察,弱勢/回撤,盤中背景暫估,背景追蹤中,2026-06-15 10:39:36,0,0,0,0,0,0,0,0,55.8,30.0,55.0,0,0,24.8,0.00,0.00,0.00,0.00,0,盤後AI候選,GitHub Actions background v2.15.4,⚪ 無有效報價
2026-06-15_2330,2026-06-15,10:39:36,2330,台積電,中大型資金股,⚪ 候選 / 觀察,觀察,追蹤中,盤中背景暫估,背景追蹤中,2026-06-15 10:39:36,2362.5,2355.0,-0.32,-0.32,0,-0.32,0,-0.32,42.2,30.0,61.1,62.8,30.6,53.7,2345.00,2309.82,2373.84,2397.39,1.92,盤後AI候選,GitHub Actions background v2.15.4,⚪ 候選 / 觀察
2026-06-15_2303,2026-06-15,10:39:36,2303,聯電,動能股 / 先看資金,⚪ 候選 / 觀察,觀察,有效/上漲,盤中背景暫估,背景追蹤中,2026-06-15 10:39:36,139.25,140.75,1.08,1.08,1.08,0,1.08,0,45.2,30.0,44.1,76.7,43.4,55.5,138.64,136.56,141.88,143.28,2.98,盤後AI候選,GitHub Actions background v2.15.4,👀 前兆出現 → ⚪ 候選 / 觀察
2026-06-15_2454,2026-06-15,10:39:36,2454,聯發科,中大型資金股,🔴 已過熱 / 等回測,不可追,有效/上漲,盤中背景暫估,背景追蹤中,2026-06-15 10:39:36,4535.0,4512.5,-0.5,-0.5,0,-0.66,0,-0.66,32.0,20.0,39.1,86.8,83.6,64.0,4444.81,4378.14,4548.60,4593.73,2.98,盤後AI候選,GitHub Actions background v2.15.4,🔴 已過熱 / 等回測
2026-06-15_2344,2026-06-15,10:39:36,2344,華邦電,動能股 / 先看資金,⚪ 無有效報價,觀察,弱勢/回撤,盤中背景暫估,背景追蹤中,2026-06-15 10:39:36,188.75,0,-100.0,-100.0,0.13,-100.0,0.13,-100.0,61.2,30.0,55.0,0,0,25.4,0.00,0.00,0.00,0.00,0,盤後AI候選,GitHub Actions background v2.15.4,🔴 接近漲停 / 不追 → ⚪ 無有效報價
2026-06-15_2408,2026-06-15,10:39:36,2408,南亞科,動能股 / 先看資金,⚪ 候選 / 觀察,觀察,有效/上漲,盤中背景暫估,背景追蹤中,2026-06-15 10:39:36,396.75,393.75,-0.76,-0.76,0,-0.76,0,-0.76,71.8,30.0,44.4,84.1,42.2,60.6,387.84,382.02,399.00,400.84,2.98,盤後AI候選,GitHub Actions background v2.15.4,🔴 已過熱 / 等回測 → ⚪ 候選 / 觀察
2026-06-15_6239,2026-06-15,10:39:36,6239,力成,動能股 / 先看資金,⏳ 到價等確認,嚴格小量等待確認,弱勢/回撤,盤中背景暫估,背景追蹤中,2026-06-15 10:39:36,338.75,332.25,-1.92,-1.92,0,-1.92,0,-1.92,50.0,30.0,65.0,37.4,0,40.9,328.50,323.57,350.00,338.23,2.61,上市成交金額排行,GitHub Actions background v2.15.4,⚪ 候選 / 觀察 → ⏳ 到價等確認
2026-06-15_4958,2026-06-15,10:39:36,4958,臻鼎-KY,動能股 / 先看資金,🔴 已過熱 / 等回測,不可追,有效/上漲,盤中背景暫估,背景追蹤中,2026-06-15 10:39:36,596.5,593.5,-0.5,-0.5,0,-0.5,0,-0.5,69.2,30.0,40.0,93.1,80.2,69.5,584.60,575.83,607.00,604.18,2.98,盤後AI候選,GitHub Actions background v2.15.4,🔴 已過熱 / 等回測
2026-06-15_2308,2026-06-15,10:39:36,2308,台達電,中大型資金股,⏳ 到價等確認,嚴格小量等待確認,追蹤中,盤中背景暫估,背景追蹤中,2026-06-15 10:39:36,2257.5,2202.5,-2.44,-2.44,0,-2.44,0,-2.44,23.8,20.0,65.0,52.8,0,43.6,2200.00,2167.00,2320.00,2242.14,1.61,盤後AI候選,GitHub Actions background v2.15.4,⚪ 候選 / 觀察 → ⏳ 到價等確認
2026-06-15_2383,2026-06-15,10:39:36,2383,台光電,動能股 / 先看資金,⚪ 候選 / 觀察,觀察,有效/上漲,盤中背景暫估,背景追蹤中,2026-06-15 10:39:36,5012.5,5000.0,-0.25,-0.25,0,-0.9,0,-0.9,21.0,20.0,48.0,59.1,28.2,45.2,4935.00,4860.98,5080.00,5090.00,2.78,盤後AI候選,GitHub Actions background v2.15.4,⚪ 候選 / 觀察
2026-06-15_3042,2026-06-15,10:39:36,3042,晶技,動能股 / 先看資金,🔴 已過熱 / 等回測,不可追,有效/上漲,盤中背景暫估,背景追蹤中,2026-06-15 10:39:36,243.75,242.5,-0.51,-0.51,0,-0.51,0,-0.51,32.0,30.0,39.0,87.1,84.2,64.1,238.86,235.28,245.00,246.87,2.98,盤後AI候選,GitHub Actions background v2.15.4,🔴 已過熱 / 等回測
2026-06-15_3189,2026-06-15,10:39:36,3189,景碩,動能股 / 先看資金,⚪ 候選 / 觀察,觀察,有效/上漲,盤中背景暫估,背景追蹤中,2026-06-15 10:39:36,639.5,641.5,0.31,0.31,0.31,0,0.31,0,29.2,20.0,44.7,75.6,41.3,53.3,631.88,622.40,656.00,653.05,2.98,盤後AI候選,GitHub Actions background v2.15.4,⚪ 候選 / 觀察
2026-06-15_2317,2026-06-15,10:39:36,2317,鴻海,中大型資金股,⚪ 候選 / 觀察,觀察,有效/上漲,盤中背景暫估,背景追蹤中,2026-06-15 10:39:36,267.75,267.25,-0.19,-0.19,0,-0.37,0,-0.37,23.8,20.0,59.8,65.4,20.7,50.3,265.00,261.02,272.50,272.06,2.33,盤後AI候選,GitHub Actions background v2.15.4,⚪ 候選 / 觀察
2026-06-15_8021,2026-06-15,10:39:36,8021,尖點,動能股 / 先看資金,⚪ 候選 / 觀察,觀察,追蹤中,盤中背景暫估,背景追蹤中,2026-06-15 10:39:36,509.5,513.0,0.69,0.69,0.79,0,0.79,0,45.8,20.0,55.0,48.1,0,40.7,505.31,497.73,529.00,522.23,2.98,盤後AI候選,GitHub Actions background v2.15.4,⚪ 候選 / 觀察
2026-06-15_3008,2026-06-15,10:39:36,3008,大立光,動能股 / 先看資金,🔴 接近漲停 / 不追,不可追,接近漲停/大漲,盤中背景暫估,背景追蹤中,2026-06-15 10:39:36,4377.5,4410.0,0.74,0.74,0.74,-100.0,0.74,-100.0,47.8,30.0,35.6,93.8,100,70.1,4343.85,4278.69,4445.28,4489.38,2.98,盤後AI候選,GitHub Actions background v2.15.4,🔴 已過熱 / 等回測 → ⚪ 無有效報價 → 🔴 接近漲停 / 不追
2026-06-15_3037,2026-06-15,10:39:36,3037,欣興,動能股 / 先看資金,⚪ 候選 / 觀察,觀察,有效/上漲,盤中背景暫估,背景追蹤中,2026-06-15 10:39:36,949.5,948.0,-0.16,-0.16,0,-0.16,0,-0.16,23.8,20.0,44.8,75.4,40.8,52.6,933.78,919.77,957.00,965.06,2.98,盤後AI候選,GitHub Actions background v2.15.4,⚪ 候選 / 觀察
2026-06-15_3711,2026-06-15,10:39:36,3711,日月光投控,動能股 / 先看資金,⚪ 候選 / 觀察,觀察,追蹤中,盤中背景暫估,背景追蹤中,2026-06-15 10:39:36,601.5,597.5,-0.67,-0.67,0,-0.67,0,-0.67,52.2,30.0,62.5,60.1,10.2,50.1,596.00,587.06,623.00,608.25,1.75,盤後AI候選,GitHub Actions background v2.15.4,⚪ 候選 / 觀察
2026-06-15_8046,2026-06-15,10:39:36,8046,南電,動能股 / 先看資金,👀 前兆出現,等低吸,有效/上漲,盤中背景暫估,背景追蹤中,2026-06-15 10:39:36,852.5,852.5,0.0,0.0,0,-0.47,0,-0.47,23.8,20.0,46.8,71.4,32.7,50.3,839.71,827.11,862.00,867.85,2.98,盤後AI候選,GitHub Actions background v2.15.4,👀 前兆出現
2026-06-15_3090,2026-06-15,10:39:36,3090,日電貿,動能股 / 先看資金,⚪ 無有效報價,觀察,弱勢/回撤,盤中背景暫估,背景追蹤中,2026-06-15 10:39:36,281.5,0,-100.0,-100.0,0,-100.0,0,-100.0,50.0,30.0,55.0,0,0,24.2,0.00,0.00,0.00,0.00,0,上市成交金額排行,GitHub Actions background v2.15.4,🔴 接近漲停 / 不追 → ⚪ 無有效報價
2026-06-15_3443,2026-06-15,10:39:36,3443,創意,動能股 / 先看資金,⚪ 無有效報價,觀察,弱勢/回撤,盤中背景暫估,背景追蹤中,2026-06-15 10:39:36,4815.0,0,-100.0,-100.0,0,-100.0,0,-100.0,50.0,30.0,55.0,0,0,24.2,0.00,0.00,0.00,0.00,0,上市成交金額排行,GitHub Actions background v2.15.4,⚪ 無有效報價 → 🔴 接近漲停 / 不追
2026-06-15_3665,2026-06-15,10:39:36,3665,貿聯-KY,動能股 / 先看資金,⏳ 到價等確認,嚴格小量等待確認,追蹤中,盤中背景暫估,背景追蹤中,2026-06-15 10:39:36,2332.5,2297.5,-1.5,-1.5,0,-1.61,0,-1.61,39.8,20.0,65.0,42.8,0,41.7,2290.00,2255.65,2425.00,2338.86,1.82,盤後AI候選,GitHub Actions background v2.15.4,⚪ 候選 / 觀察 → ⏳ 到價等確認
2026-06-15_6669,2026-06-15,10:39:36,6669,緯穎,動能股 / 先看資金,⚪ 候選 / 觀察,觀察,追蹤中,盤中背景暫估,背景追蹤中,2026-06-15 10:39:36,4915.0,4922.5,0.15,0.15,0.15,-0.05,0.15,-0.05,21.0,20.0,62.0,51.0,11.9,44.0,4880.00,4806.80,5040.00,5011.11,2.35,盤後AI候選,GitHub Actions background v2.15.4,⚪ 候選 / 觀察
2026-06-15_2368,2026-06-15,10:39:36,2368,金像電,動能股 / 先看資金,⏳ 到價等確認,嚴格小量等待確認,追蹤中,盤中背景暫估,背景追蹤中,2026-06-15 10:39:36,1347.5,1312.5,-2.6,-2.6,0,-2.97,0,-2.97,21.0,20.0,65.0,52.7,0,43.3,1305.00,1285.42,1400.00,1336.12,2.06,盤後AI候選,GitHub Actions background v2.15.4,⚪ 候選 / 觀察 → ⏳ 到價等確認
2026-06-15_8150,2026-06-15,10:39:36,8150,南茂,動能股 / 先看資金,⚪ 候選 / 觀察,觀察,追蹤中,盤中背景暫估,背景追蹤中,2026-06-15 10:39:36,99.05,98.75,-0.3,-0.3,0,-0.3,0,-0.3,50.0,30.0,51.4,62.2,14.4,47.6,97.50,96.04,102.00,100.53,2.74,上市成交金額排行,GitHub Actions background v2.15.4,⚪ 候選 / 觀察
2026-06-15_2404,2026-06-15,10:39:36,2404,漢唐,動能股 / 先看資金,🔴 已過熱 / 等回測,不可追,有效/上漲,盤中背景暫估,背景追蹤中,2026-06-15 10:39:36,1395.0,1402.5,0.54,0.54,0.54,0,0.54,0,50.0,30.0,40.9,83.2,76.5,63.7,1381.46,1360.74,1430.00,1427.75,2.98,上市成交金額排行,GitHub Actions background v2.15.4,🔴 已過熱 / 等回測
2026-06-15_0050,2026-06-15,10:39:36,0050,元大台灣50,ETF / 市場動能,⚪ 候選 / 觀察,觀察,有效/上漲,盤中背景暫估,背景追蹤中,2026-06-15 10:39:36,105.12,105.03,-0.09,-0.09,0,-0.23,0,-0.23,42.2,30.0,59.0,67.1,39.2,56.2,104.30,102.74,105.87,106.92,2.18,盤後AI候選,GitHub Actions background v2.15.4,⚪ 候選 / 觀察
2026-06-15_2059,2026-06-15,10:39:36,2059,川湖,動能股 / 先看資金,⚪ 候選 / 觀察,觀察,有效/上漲,盤中背景暫估,背景追蹤中,2026-06-15 10:39:36,7077.5,7182.5,1.48,1.48,1.48,0,1.48,0,50.0,30.0,47.1,60.8,46.5,52.1,7074.76,6968.64,7239.96,7311.78,2.98,上市成交金額排行,GitHub Actions background v2.15.4,⚪ 候選 / 觀察
2026-06-15_2409,2026-06-15,10:39:36,2409,友達,動能股 / 先看資金,👀 前兆出現,等低吸,有效/上漲,盤中背景暫估,背景追蹤中,2026-06-15 10:39:36,24.35,24.3,-0.21,-0.21,0,-0.33,0,-0.33,50.0,30.0,58.2,68.6,27.2,54.8,24.20,23.84,25.00,24.74,1.89,上市成交金額排行,GitHub Actions background v2.15.4,👀 前兆出現
2026-06-15_6285,2026-06-15,10:39:36,6285,啟碁,動能股 / 先看資金,⚪ 候選 / 觀察,觀察,追蹤中,盤中背景暫估,背景追蹤中,2026-06-15 10:39:36,270.75,273.75,1.11,1.11,1.11,0,1.11,0,50.0,30.0,52.2,60.6,11.1,46.7,269.64,265.60,280.50,278.68,2.98,上市成交金額排行,GitHub Actions background v2.15.4,⚪ 候選 / 觀察
2026-06-15_8112,2026-06-15,10:39:36,8112,至上,動能股 / 先看資金,⚪ 候選 / 觀察,觀察,追蹤中,盤中背景暫估,背景追蹤中,2026-06-15 10:39:36,98.45,98.8,0.36,0.36,0.36,-0.15,0.36,-0.15,50.0,30.0,55.0,55,0,43.5,97.32,95.86,101.00,100.58,2.98,上市成交金額排行,GitHub Actions background v2.15.4,⏳ 到價等確認 → ⚪ 候選 / 觀察
2026-06-15_3653,2026-06-15,10:39:36,3653,健策,動能股 / 先看資金,⚪ 候選 / 觀察,觀察,有效/上漲,盤中背景暫估,背景追蹤中,2026-06-15 10:39:36,3932.5,3877.5,-1.4,-1.4,0,-1.59,0,-1.59,26.5,20.0,44.8,65.3,40.6,49.3,3819.34,3762.05,3970.00,3947.30,2.98,盤後AI候選,GitHub Actions background v2.15.4,🔴 已過熱 / 等回測 → ⚪ 候選 / 觀察
2026-06-15_2345,2026-06-15,10:39:36,2345,智邦,動能股 / 先看資金,⚪ 候選 / 觀察,觀察,追蹤中,盤中背景暫估,背景追蹤中,2026-06-15 10:39:36,2352.5,2367.5,0.64,0.64,0.64,0,0.64,0,50.0,30.0,52.2,50.6,11.1,43.2,2335.00,2299.97,2440.00,2410.12,2.85,上市成交金額排行,GitHub Actions background v2.15.4,⚪ 候選 / 觀察
2026-06-15_3017,2026-06-15,10:39:36,3017,奇鋐,動能股 / 先看資金,⚪ 候選 / 觀察,觀察,追蹤中,盤中背景暫估,背景追蹤中,2026-06-15 10:39:36,2432.5,2437.5,0.21,0.21,0.21,0,0.21,0,18.2,20.0,62.3,50.4,10.8,43.4,2410.00,2373.85,2475.00,2481.38,2.61,盤後AI候選,GitHub Actions background v2.15.4,⚪ 候選 / 觀察
2026-06-15_3231,2026-06-15,10:39:36,3231,緯創,動能股 / 先看資金,⚪ 候選 / 觀察,觀察,有效/上漲,盤中背景暫估,背景追蹤中,2026-06-15 10:39:36,159.25,160.75,0.94,0.94,0.94,-0.31,0.94,-0.31,23.8,20.0,48.9,67.2,24.3,47.9,158.50,156.12,166.00,163.64,2.88,盤後AI候選,GitHub Actions background v2.15.4,⚪ 候選 / 觀察
2026-06-15_6515,2026-06-15,10:39:36,6515,穎崴,動能股 / 先看資金,⚪ 候選 / 觀察,觀察,有效/上漲,盤中背景暫估,背景追蹤中,2026-06-15 10:39:36,10067.5,10047.5,-0.2,-0.2,0.82,-0.2,0.82,-0.2,50.0,30.0,45.5,64.1,38.2,51.0,9896.79,9748.34,10240.00,10228.35,2.98,上市成交金額排行,GitHub Actions background v2.15.4,⚪ 候選 / 觀察
2026-06-15_1303,2026-06-15,10:39:36,1303,南亞,動能股 / 先看資金,🔴 已過熱 / 等回測,不可追,有效/上漲,盤中背景暫估,背景追蹤中,2026-06-15 10:39:36,115.75,115.75,0.0,0.0,0,-1.3,0,-1.3,50.0,30.0,37.6,89.8,89.5,67.5,114.01,112.30,116.68,117.83,2.98,上市成交金額排行,GitHub Actions background v2.15.4,🔴 已過熱 / 等回測
2026-06-15_2891,2026-06-15,10:39:36,2891,中信金,中大型資金股,👀 前兆出現,等低吸,有效/上漲,盤中背景暫估,背景追蹤中,2026-06-15 10:39:36,70.25,69.8,-0.64,-0.64,0,-0.93,0,-0.93,50.0,30.0,58.5,68.0,26.0,54.5,69.00,67.97,72.60,71.06,2.62,上市成交金額排行,GitHub Actions background v2.15.4,👀 前兆出現 → ⚪ 候選 / 觀察
2026-06-15_3661,2026-06-15,10:39:36,3661,世芯-KY,動能股 / 先看資金,⚪ 候選 / 觀察,觀察,有效/上漲,盤中背景暫估,背景追蹤中,2026-06-15 10:39:36,4275.0,4250.0,-0.58,-0.58,0,-0.58,0,-0.58,50.0,30.0,57.9,59.1,28.2,51.6,4240.00,4176.40,4380.00,4326.50,1.73,上市成交金額排行,GitHub Actions background v2.15.4,⚪ 候選 / 觀察
2026-06-15_00919,2026-06-15,10:39:36,00919,群益台灣精選高息,ETF / 市場動能,⚪ 候選 / 觀察,觀察,追蹤中,盤中背景暫估,背景追蹤中,2026-06-15 10:39:36,30.71,30.66,-0.16,-0.16,0,-0.39,0,-0.39,50.0,30.0,61.9,61.2,12.5,50.6,30.56,30.10,30.91,31.21,1.83,上市成交金額排行,GitHub Actions background v2.15.4,⚪ 候選 / 觀察
2026-06-15_2881,2026-06-15,10:39:36,2881,富邦金,中大型資金股,👀 前兆出現,等低吸,有效/上漲,盤中背景暫估,背景追蹤中,2026-06-15 10:39:36,127.75,126.75,-0.78,-0.78,0,-0.78,0,-0.78,50.0,30.0,47.2,70.6,31.1,52.4,124.85,122.98,128.00,129.03,2.97,上市成交金額排行,GitHub Actions background v2.15.4,⚪ 候選 / 觀察 → 👀 前兆出現
2026-06-15_2887,2026-06-15,10:39:36,2887,台新新光金,動能股 / 先看資金,⚪ 候選 / 觀察,觀察,追蹤中,盤中背景暫估,背景追蹤中,2026-06-15 10:39:36,31.08,30.92,-0.51,-0.51,0,-0.51,0,-0.51,50.0,30.0,50.2,64.5,19.0,49.0,30.55,30.09,31.30,31.48,2.68,上市成交金額排行,GitHub Actions background v2.15.4,⚪ 候選 / 觀察
2026-06-15_3167,2026-06-15,10:39:36,3167,大量,動能股 / 先看資金,⚪ 候選 / 觀察,觀察,追蹤中,盤中背景暫估,背景追蹤中,2026-06-15 10:39:36,810.5,822.0,1.42,1.42,1.42,0,1.42,0,50.0,30.0,51.0,53.0,15.9,44.6,809.67,797.52,832.00,836.80,2.98,上市成交金額排行,GitHub Actions background v2.15.4,⚪ 候選 / 觀察
2026-06-15_2406,2026-06-15,10:39:36,2406,國碩,動能股 / 先看資金,⚪ 候選 / 觀察,觀察,追蹤中,盤中背景暫估,背景追蹤中,2026-06-15 10:39:36,38.8,39.08,0.72,0.72,0.72,-0.46,0.72,-0.46,50.0,30.0,54.6,55.8,1.7,44.0,38.49,37.91,40.65,39.78,2.99,上市成交金額排行,GitHub Actions background v2.15.4,⚪ 候選 / 觀察
2026-06-15_3481,2026-06-15,10:39:36,3481,群創,動能股 / 先看資金,👀 前兆出現,等低吸,有效/上漲,盤中背景暫估,背景追蹤中,2026-06-15 10:39:36,50.2,50.3,0.2,0.2,0.2,0,0.2,0,50.0,30.0,57.8,69.4,28.8,55.3,49.80,49.05,51.00,51.21,2.49,上市成交金額排行,GitHub Actions background v2.15.4,👀 前兆出現
2026-06-15_2449,2026-06-15,10:39:36,2449,京元電子,動能股 / 先看資金,⏳ 到價等確認,嚴格小量等待確認,追蹤中,盤中背景暫估,背景追蹤中,2026-06-15 10:39:36,282.75,281.75,-0.35,-0.35,0,-0.53,0,-0.53,50.0,30.0,65.0,54.6,0,46.9,281.00,276.78,298.00,286.82,1.76,上市成交金額排行,GitHub Actions background v2.15.4,⚪ 候選 / 觀察 → ⏳ 到價等確認
2026-06-15_6139,2026-06-15,10:39:36,6139,亞翔,動能股 / 先看資金,🔴 接近漲停 / 不追,不可追,接近漲停/大漲,盤中背景暫估,背景追蹤中,2026-06-15 10:39:36,885.0,885.0,0.0,0.0,0,0,0,0,50.0,30.0,35.1,94.8,100,70.5,871.73,858.65,892.08,900.93,2.98,上市成交金額排行,GitHub Actions background v2.15.4,⚪ 無有效報價 → 🔴 接近漲停 / 不追
2026-06-15_7769,2026-06-15,10:39:36,7769,鴻勁,動能股 / 先看資金,⚪ 候選 / 觀察,觀察,追蹤中,盤中背景暫估,背景追蹤中,2026-06-15 10:39:36,7330.0,7222.5,-1.47,-1.47,0,-1.47,0,-1.47,50.0,30.0,64.7,45.7,1.4,43.9,7200.00,7092.00,7575.00,7352.51,1.81,上市成交金額排行,GitHub Actions background v2.15.4,⚪ 候選 / 觀察
2026-06-15_2478,2026-06-15,10:39:36,2478,大毅,動能股 / 先看資金,🔴 接近漲停 / 不追,不可追,接近漲停/大漲,盤中背景暫估,背景追蹤中,2026-06-15 10:39:36,188.5,188.5,0.0,0.0,0,0,0,0,50.0,30.0,35.2,94.6,100,70.4,185.67,182.88,190.01,191.89,2.98,上市成交金額排行,GitHub Actions background v2.15.4,⚪ 無有效報價 → 🔴 接近漲停 / 不追
2026-06-15_6770,2026-06-15,10:39:36,6770,力積電,動能股 / 先看資金,🔴 已過熱 / 等回測,不可追,有效/上漲,盤中背景暫估,背景追蹤中,2026-06-15 10:39:36,71.1,72.5,1.97,1.97,1.97,0,1.97,0,50.0,30.0,39.2,86.6,98.1,68.6,71.41,70.34,73.08,73.81,2.98,上市成交金額排行,GitHub Actions background v2.15.4,⚪ 候選 / 觀察 → 🔴 已過熱 / 等回測
2026-06-15_2603,2026-06-15,10:39:36,2603,長榮,動能股 / 先看資金,⏳ 到價等確認,嚴格小量等待確認,追蹤中,盤中背景暫估,背景追蹤中,2026-06-15 10:39:36,227.0,227.25,0.11,0.11,0.11,-0.11,0.11,-0.11,50.0,30.0,65.0,53.7,0,46.5,226.00,222.61,230.50,231.34,2.04,上市成交金額排行,GitHub Actions background v2.15.4,⏳ 到價等確認
2026-06-15_4919,2026-06-15,10:39:36,4919,新唐,動能股 / 先看資金,⚪ 無有效報價,觀察,弱勢/回撤,盤中背景暫估,背景追蹤中,2026-06-15 10:39:36,0,0,0,0,0,0,0,0,50.0,30.0,55.0,0,0,24.2,0.00,0.00,0.00,0.00,0,上市成交金額排行,GitHub Actions background v2.15.4,⚪ 無有效報價
2026-06-15_2455,2026-06-15,10:39:36,2455,全新,動能股 / 先看資金,⚪ 候選 / 觀察,觀察,有效/上漲,盤中背景暫估,背景追蹤中,2026-06-15 10:39:36,365.25,363.25,-0.55,-0.55,0.41,-0.55,0.41,-0.55,50.0,30.0,48.6,67.8,25.6,50.9,357.80,352.43,373.50,369.79,2.98,上市成交金額排行,GitHub Actions background v2.15.4,👀 前兆出現 → ⚪ 候選 / 觀察
2026-06-15_2481,2026-06-15,10:39:36,2481,強茂,動能股 / 先看資金,⚪ 候選 / 觀察,觀察,追蹤中,盤中背景暫估,背景追蹤中,2026-06-15 10:39:36,145.0,145.25,0.17,0.17,0.17,-0.17,0.17,-0.17,50.0,30.0,54.7,55.7,1.4,43.9,143.07,140.92,151.00,147.86,2.98,上市成交金額排行,GitHub Actions background v2.15.4,⚪ 候選 / 觀察
2026-06-15_6531,2026-06-15,10:39:36,6531,愛普*,動能股 / 先看資金,⚪ 候選 / 觀察,觀察,追蹤中,盤中背景暫估,背景追蹤中,2026-06-15 10:39:36,941.5,943.5,0.21,0.21,0.85,0,0.85,0,50.0,30.0,62.5,49.9,9.8,46.3,935.00,920.98,969.00,960.48,2.39,上市成交金額排行,GitHub Actions background v2.15.4,⚪ 候選 / 觀察
2026-06-15_2360,2026-06-15,10:39:36,2360,致茂,動能股 / 先看資金,⏳ 到價等確認,嚴格小量等待確認,追蹤中,盤中背景暫估,背景追蹤中,2026-06-15 10:39:36,2305.0,2287.5,-0.76,-0.76,0,-0.76,0,-0.76,50.0,30.0,65.0,43.7,0,43.0,2280.00,2245.80,2400.00,2328.68,1.82,上市成交金額排行,GitHub Actions background v2.15.4,⚪ 候選 / 觀察 → ⏳ 到價等確認
2026-06-15_3532,2026-06-15,10:39:36,3532,台勝科,動能股 / 先看資金,⚪ 無有效報價,觀察,弱勢/回撤,盤中背景暫估,背景追蹤中,2026-06-15 10:39:36,359.0,0,-100.0,-100.0,0,-100.0,0,-100.0,50.0,30.0,55.0,0,0,24.2,0.00,0.00,0.00,0.00,0,上市成交金額排行,GitHub Actions background v2.15.4,🔴 接近漲停 / 不追 → ⚪ 無有效報價
2026-06-15_2337,2026-06-15,10:39:36,2337,旺宏,動能股 / 先看資金,🔴 已過熱 / 等回測,不可追,有效/上漲,盤中背景暫估,背景追蹤中,2026-06-15 10:39:36,154.5,157.0,1.62,1.62,1.62,0,1.62,0,50.0,30.0,40.7,83.7,92.4,67.0,154.65,152.33,158.26,159.83,2.97,上市成交金額排行,GitHub Actions background v2.15.4,⚪ 候選 / 觀察 → 🔴 已過熱 / 等回測
2026-06-15_2367,2026-06-15,10:39:36,2367,燿華,動能股 / 先看資金,⏳ 到價等確認,嚴格小量等待確認,追蹤中,盤中背景暫估,背景追蹤中,2026-06-15 10:39:36,62.65,62.65,0.0,0.0,0.16,0,0.16,0,50.0,30.0,65.0,54.7,0,46.9,62.00,61.07,64.80,63.78,2.52,上市成交金額排行,GitHub Actions background v2.15.4,⏳ 到價等確認 → ⚪ 候選 / 觀察
2026-06-15_2301,2026-06-15,10:39:36,2301,光寶科,動能股 / 先看資金,⏳ 到價等確認,嚴格小量等待確認,弱勢/回撤,盤中背景暫估,背景追蹤中,2026-06-15 10:39:36,213.75,210.25,-1.64,-1.64,0,-1.64,0,-1.64,50.0,30.0,65.0,42.6,0,42.6,210.00,206.85,226.00,214.03,1.62,上市成交金額排行,GitHub Actions background v2.15.4,⏳ 到價等確認
2026-06-15_8996,2026-06-15,10:39:36,8996,高力,動能股 / 先看資金,⚪ 無有效報價,觀察,弱勢/回撤,盤中背景暫估,背景追蹤中,2026-06-15 10:39:36,0,0,0,0,0,0,0,0,50.0,30.0,55.0,0,0,24.2,0.00,0.00,0.00,0.00,0,上市成交金額排行,GitHub Actions background v2.15.4,⚪ 無有效報價
2026-06-15_2484,2026-06-15,10:39:36,2484,希華,動能股 / 先看資金,🔴 已過熱 / 等回測,不可追,有效/上漲,盤中背景暫估,背景追蹤中,2026-06-15 10:39:36,70.05,71.75,2.43,2.43,2.57,0,2.57,0,50.0,30.0,39.9,85.3,80.6,64.9,70.67,69.61,72.80,73.04,2.98,上市成交金額排行,GitHub Actions background v2.15.4,⚪ 候選 / 觀察 → 🔴 已過熱 / 等回測
2026-06-15_3406,2026-06-15,10:39:36,3406,玉晶光,動能股 / 先看資金,⚪ 無有效報價,觀察,弱勢/回撤,盤中背景暫估,背景追蹤中,2026-06-15 10:39:36,726.5,0,-100.0,-100.0,0,-100.0,0,-100.0,50.0,30.0,55.0,0,0,24.2,0.00,0.00,0.00,0.00,0,上市成交金額排行,GitHub Actions background v2.15.4,🔴 接近漲停 / 不追 → ⚪ 無有效報價
2026-06-15_2357,2026-06-15,10:39:36,2357,華碩,動能股 / 先看資金,⚪ 候選 / 觀察,觀察,追蹤中,盤中背景暫估,背景追蹤中,2026-06-15 10:39:36,793.5,797.5,0.5,0.5,0.5,0,0.5,0,50.0,30.0,51.8,61.4,12.7,47.2,785.54,773.76,804.00,811.86,2.98,上市成交金額排行,GitHub Actions background v2.15.4,⚪ 候選 / 觀察
2026-06-15_2882,2026-06-15,10:39:36,2882,國泰金,中大型資金股,⚪ 候選 / 觀察,觀察,有效/上漲,盤中背景暫估,背景追蹤中,2026-06-15 10:39:36,104.25,103.75,-0.48,-0.48,0,-0.96,0,-0.96,50.0,30.0,58.5,67.9,25.8,54.4,103.00,101.45,105.50,105.62,2.22,上市成交金額排行,GitHub Actions background v2.15.4,👀 前兆出現 → ⚪ 候選 / 觀察
2026-06-15_2377,2026-06-15,10:39:36,2377,微星,動能股 / 先看資金,⚪ 候選 / 觀察,觀察,追蹤中,盤中背景暫估,背景追蹤中,2026-06-15 10:39:36,139.75,139.5,-0.18,-0.18,0,-0.36,0,-0.36,50.0,30.0,60.6,63.8,17.6,52.1,138.50,136.42,142.50,142.01,2.21,上市成交金額排行,GitHub Actions background v2.15.4,⚪ 候選 / 觀察
2026-06-15_6805,2026-06-15,10:39:36,6805,富世達,動能股 / 先看資金,⚪ 候選 / 觀察,觀察,弱勢/回撤,盤中背景暫估,背景追蹤中,2026-06-15 10:39:36,1792.5,1772.5,-1.12,-1.12,0,-1.53,0,-1.53,50.0,30.0,55.0,33.5,0,36.0,1750.00,1723.75,1880.00,1804.40,2.75,上市成交金額排行,GitHub Actions background v2.15.4,⏳ 到價等確認 → ⚪ 候選 / 觀察
2026-06-15_2324,2026-06-15,10:39:36,2324,仁寶,動能股 / 先看資金,⚪ 候選 / 觀察,觀察,有效/上漲,盤中背景暫估,背景追蹤中,2026-06-15 10:39:36,38.08,38.33,0.66,0.66,0.66,0,0.66,0,50.0,30.0,44.1,76.8,43.6,56.0,37.76,37.19,38.85,39.02,2.97,上市成交金額排行,GitHub Actions background v2.15.4,⚪ 候選 / 觀察
2026-06-15_6155,2026-06-15,10:39:36,6155,鈞寶,動能股 / 先看資金,⚪ 無有效報價,觀察,弱勢/回撤,盤中背景暫估,背景追蹤中,2026-06-15 10:39:36,89.4,0,-100.0,-100.0,0.89,-100.0,0.89,-100.0,50.0,30.0,55.0,0,0,24.2,0.00,0.00,0.00,0.00,0,上市成交金額排行,GitHub Actions background v2.15.4,🔴 已過熱 / 等回測 → 🔴 接近漲停 / 不追 → ⚪ 無有效報價
2026-06-15_8210,2026-06-15,10:39:36,8210,勤誠,動能股 / 先看資金,⚪ 候選 / 觀察,觀察,追蹤中,盤中背景暫估,背景追蹤中,2026-06-15 10:39:36,1497.5,1487.5,-0.67,-0.67,0.67,-0.67,0.67,-0.67,50.0,30.0,63.3,48.4,6.8,45.5,1485.00,1462.72,1520.00,1514.28,1.67,上市成交金額排行,GitHub Actions background v2.15.4,⚪ 候選 / 觀察
2026-06-15_3036,2026-06-15,10:39:36,3036,文曄,動能股 / 先看資金,⏳ 到價等確認,嚴格小量等待確認,追蹤中,盤中背景暫估,背景追蹤中,2026-06-15 10:39:36,226.5,227.0,0.22,0.22,0.33,0,0.33,0,50.0,30.0,65.0,52.4,0,46.1,225.00,221.62,236.50,231.09,2.37,上市成交金額排行,GitHub Actions background v2.15.4,⏳ 到價等確認
2026-06-15_2379,2026-06-15,10:39:36,2379,瑞昱,動能股 / 先看資金,⚪ 候選 / 觀察,觀察,追蹤中,盤中背景暫估,背景追蹤中,2026-06-15 10:39:36,623.5,625.0,0.24,0.24,0.24,0,0.24,0,50.0,30.0,62.7,49.5,9.0,46.1,619.00,609.72,644.00,636.25,2.44,上市成交金額排行,GitHub Actions background v2.15.4,⚪ 候選 / 觀察
2026-06-15_2618,2026-06-15,10:39:36,2618,長榮航,動能股 / 先看資金,👀 前兆出現,等低吸,有效/上漲,盤中背景暫估,背景追蹤中,2026-06-15 10:39:36,39.67,40.3,1.59,1.59,1.59,0,1.59,0,50.0,30.0,46.7,71.5,48.0,56.0,39.70,39.10,40.62,41.03,2.98,上市成交金額排行,GitHub Actions background v2.15.4,⚪ 候選 / 觀察 → 👀 前兆出現
2026-06-15_4967,2026-06-15,10:39:36,4967,十銓,動能股 / 先看資金,👀 前兆出現,等低吸,有效/上漲,盤中背景暫估,背景追蹤中,2026-06-15 10:39:36,282.25,281.25,-0.35,-0.35,0,-0.53,0,-0.53,50.0,30.0,48.2,68.6,27.2,51.3,277.03,272.87,285.00,286.31,2.98,上市成交金額排行,GitHub Actions background v2.15.4,👀 前兆出現 → ⚪ 候選 / 觀察
2026-06-15_2376,2026-06-15,10:39:36,2376,技嘉,動能股 / 先看資金,⚪ 候選 / 觀察,觀察,追蹤中,盤中背景暫估,背景追蹤中,2026-06-15 10:39:36,348.75,347.25,-0.43,-0.43,0,-0.57,0,-0.57,50.0,30.0,61.9,61.2,12.3,50.5,346.00,340.81,353.50,353.50,1.85,上市成交金額排行,GitHub Actions background v2.15.4,⚪ 候選 / 觀察
2026-06-15_1802,2026-06-15,10:39:36,1802,台玻,動能股 / 先看資金,👀 前兆出現,等低吸,有效/上漲,盤中背景暫估,背景追蹤中,2026-06-15 10:39:36,66.45,66.85,0.6,0.6,0.6,-0.45,0.6,-0.45,50.0,30.0,46.4,72.2,34.3,53.4,65.85,64.86,67.38,68.05,2.98,上市成交金額排行,GitHub Actions background v2.15.4,👀 前兆出現 → ⚪ 候選 / 觀察
2026-06-15_2356,2026-06-15,10:39:36,2356,英業達,動能股 / 先看資金,⚪ 候選 / 觀察,觀察,追蹤中,盤中背景暫估,背景追蹤中,2026-06-15 10:39:36,67.65,67.7,0.07,0.07,0.07,-0.44,0.07,-0.44,50.0,30.0,50.5,64.1,18.2,48.7,66.80,65.80,69.40,68.92,2.81,上市成交金額排行,GitHub Actions background v2.15.4,⚪ 候選 / 觀察
2026-06-15_2355,2026-06-15,10:39:36,2355,敬鵬,動能股 / 先看資金,⏳ 到價等確認,嚴格小量等待確認,追蹤中,盤中背景暫估,背景追蹤中,2026-06-15 10:39:36,61.35,61.0,-0.57,-0.57,0,-0.57,0,-0.57,50.0,30.0,65.0,51.1,0,45.6,60.80,59.89,64.00,62.10,1.82,上市成交金額排行,GitHub Actions background v2.15.4,⏳ 到價等確認
2026-06-15_2883,2026-06-15,10:39:36,2883,凱基金,動能股 / 先看資金,⚪ 候選 / 觀察,觀察,有效/上漲,盤中背景暫估,背景追蹤中,2026-06-15 10:39:36,28.45,28.27,-0.63,-0.63,0,-0.98,0,-0.98,50.0,30.0,59.0,67.0,23.9,53.9,28.05,27.63,28.80,28.78,2.26,上市成交金額排行,GitHub Actions background v2.15.4,👀 前兆出現 → ⚪ 候選 / 觀察
2026-06-15_3048,2026-06-15,10:39:36,3048,益登,動能股 / 先看資金,⚪ 候選 / 觀察,觀察,有效/上漲,盤中背景暫估,背景追蹤中,2026-06-15 10:39:36,74.55,75.35,1.07,1.07,2.41,0,2.41,0,50.0,30.0,48.6,67.9,25.8,50.9,74.22,73.11,76.70,76.71,2.97,上市成交金額排行,GitHub Actions background v2.15.4,⚪ 候選 / 觀察
2026-06-15_8039,2026-06-15,10:39:36,8039,台虹,動能股 / 先看資金,⏳ 到價等確認,嚴格小量等待確認,追蹤中,盤中背景暫估,背景追蹤中,2026-06-15 10:39:36,148.0,148.75,0.51,0.51,0.51,-0.17,0.51,-0.17,50.0,30.0,65.0,53.0,0,46.3,147.50,145.29,153.50,151.43,2.33,上市成交金額排行,GitHub Actions background v2.15.4,⏳ 到價等確認
2026-06-15_3450,2026-06-15,10:39:36,3450,聯鈞,動能股 / 先看資金,⚪ 無有效報價,觀察,弱勢/回撤,盤中背景暫估,背景追蹤中,2026-06-15 10:39:36,0,0,0,0,0,0,0,0,50.0,30.0,55.0,0,0,24.2,0.00,0.00,0.00,0.00,0,上市成交金額排行,GitHub Actions background v2.15.4,⚪ 無有效報價
2026-06-15_6278,2026-06-15,10:39:36,6278,台表科,動能股 / 先看資金,👀 前兆出現,等低吸,有效/上漲,盤中背景暫估,背景追蹤中,2026-06-15 10:39:36,218.25,218.25,0.0,0.0,0.34,0,0.34,0,50.0,30.0,48.1,68.8,27.5,51.4,214.98,211.76,220.00,222.18,2.97,上市成交金額排行,GitHub Actions background v2.15.4,👀 前兆出現
2026-06-15_00918,2026-06-15,10:39:36,00918,大華優利高填息30,ETF / 市場動能,⚪ 候選 / 觀察,觀察,有效/上漲,盤中背景暫估,背景追蹤中,2026-06-15 10:39:36,31.81,31.84,0.09,0.09,0.09,-0.03,0.09,-0.03,50.0,30.0,58.6,67.8,40.7,57.4,31.70,31.22,32.09,32.41,1.95,上市成交金額排行,GitHub Actions background v2.15.4,⚪ 候選 / 觀察
2026-06-15_3034,2026-06-15,10:39:36,3034,聯詠,動能股 / 先看資金,⚪ 候選 / 觀察,觀察,追蹤中,盤中背景暫估,背景追蹤中,2026-06-15 10:39:36,492.5,497.25,0.96,0.96,0.96,0,0.96,0,50.0,30.0,61.4,52.2,14.3,47.6,491.50,484.13,501.23,506.20,2.64,上市成交金額排行,GitHub Actions background v2.15.4,⚪ 候選 / 觀察
2026-06-15_8261,2026-06-15,10:39:36,8261,富鼎,動能股 / 先看資金,⚪ 候選 / 觀察,觀察,追蹤中,盤中背景暫估,背景追蹤中,2026-06-15 10:39:36,179.75,177.25,-1.39,-1.39,0,-1.39,0,-1.39,50.0,30.0,50.7,63.6,17.3,48.5,174.59,171.97,182.50,180.44,2.98,上市成交金額排行,GitHub Actions background v2.15.4,👀 前兆出現 → ⚪ 候選 / 觀察
2026-06-15_6213,2026-06-15,10:39:36,6213,聯茂,動能股 / 先看資金,⚪ 候選 / 觀察,觀察,有效/上漲,盤中背景暫估,背景追蹤中,2026-06-15 10:39:36,262.75,266.75,1.52,1.52,1.52,0,1.52,0,50.0,30.0,43.7,77.6,45.1,56.5,262.75,258.81,269.00,271.55,2.98,上市成交金額排行,GitHub Actions background v2.15.4,👀 前兆出現 → ⚪ 候選 / 觀察
2026-06-15_4938,2026-06-15,10:39:36,4938,和碩,動能股 / 先看資金,⏳ 到價等確認,嚴格小量等待確認,弱勢/回撤,盤中背景暫估,背景追蹤中,2026-06-15 10:39:36,84.4,84.1,-0.36,-0.36,0,-0.36,0,-0.36,50.0,30.0,65.0,32.6,0,39.1,83.70,82.44,90.00,85.61,1.97,上市成交金額排行,GitHub Actions background v2.15.4,⏳ 到價等確認
2026-06-15_2890,2026-06-15,10:39:36,2890,永豐金,動能股 / 先看資金,⚪ 候選 / 觀察,觀察,追蹤中,盤中背景暫估,背景追蹤中,2026-06-15 10:39:36,34.92,34.9,-0.06,-0.06,0,-0.2,0,-0.2,50.0,30.0,50.6,63.8,32.6,51.6,34.38,33.86,35.18,35.53,2.98,上市成交金額排行,GitHub Actions background v2.15.4,⚪ 候選 / 觀察
2026-06-15_6196,2026-06-15,10:39:36,6196,帆宣,動能股 / 先看資金,🔴 已過熱 / 等回測,不可追,有效/上漲,盤中背景暫估,背景追蹤中,2026-06-15 10:39:36,583.5,587.0,0.6,0.6,0.6,-0.86,0.6,-0.86,50.0,30.0,40.8,83.5,77.0,63.9,578.19,569.52,592.00,597.57,2.98,上市成交金額排行,GitHub Actions background v2.15.4,🔴 已過熱 / 等回測 → ⚪ 候選 / 觀察
2026-06-15_0056,2026-06-15,10:39:36,0056,元大高股息,ETF / 市場動能,⚪ 候選 / 觀察,觀察,追蹤中,盤中背景暫估,背景追蹤中,2026-06-15 10:39:36,51.62,51.62,0.0,0.0,0,-0.14,0,-0.14,50.0,30.0,61.0,63.1,16.2,51.6,51.30,50.53,52.03,52.55,2.11,上市成交金額排行,GitHub Actions background v2.15.4,⚪ 候選 / 觀察
2026-06-15_3702,2026-06-15,10:39:36,3702,大聯大,動能股 / 先看資金,⚪ 候選 / 觀察,觀察,追蹤中,盤中背景暫估,背景追蹤中,2026-06-15 10:39:36,107.75,106.75,-0.93,-0.93,0,-0.93,0,-0.93,50.0,30.0,51.7,61.7,13.4,47.3,105.15,103.57,108.50,108.67,2.98,上市成交金額排行,GitHub Actions background v2.15.4,⚪ 候選 / 觀察
2026-06-15_6451,2026-06-15,10:39:36,6451,訊芯-KY,動能股 / 先看資金,⚪ 候選 / 觀察,觀察,追蹤中,盤中背景暫估,背景追蹤中,2026-06-15 10:39:36,517.0,513.5,-0.68,-0.68,0,-0.97,0,-0.97,50.0,30.0,60.4,64.2,18.3,52.3,508.00,500.38,544.00,522.74,2.56,上市成交金額排行,GitHub Actions background v2.15.4,⚪ 候選 / 觀察
2026-06-15_6415,2026-06-15,10:39:36,6415,矽力*-KY,動能股 / 先看資金,🔴 已過熱 / 等回測,不可追,有效/上漲,盤中背景暫估,背景追蹤中,2026-06-15 10:39:36,512.5,517.5,0.98,0.98,2.15,0,2.15,0,50.0,30.0,42.5,80.0,50.1,57.9,509.74,502.09,524.00,526.82,2.98,上市成交金額排行,GitHub Actions background v2.15.4,⚪ 候選 / 觀察 → 🔴 已過熱 / 等回測
2026-06-15_1605,2026-06-15,10:39:36,1605,華新,動能股 / 先看資金,⚪ 候選 / 觀察,觀察,有效/上漲,盤中背景暫估,背景追蹤中,2026-06-15 10:39:36,39.67,39.55,-0.3,-0.3,0,-0.3,0,-0.3,50.0,30.0,45.2,74.6,39.3,54.8,38.96,38.38,40.10,40.26,2.96,上市成交金額排行,GitHub Actions background v2.15.4,⚪ 候選 / 觀察
2026-06-15_6944,2026-06-15,10:39:36,6944,兆聯實業,動能股 / 先看資金,⚪ 候選 / 觀察,觀察,有效/上漲,盤中背景暫估,背景追蹤中,2026-06-15 10:39:36,1007.5,1017.5,0.99,0.99,0.99,-0.5,0.99,-0.5,50.0,30.0,49.7,55.7,21.4,46.1,1002.24,987.21,1030.00,1035.82,2.98,上市成交金額排行,GitHub Actions background v2.15.4,⚪ 候選 / 觀察
2026-06-15_6257,2026-06-15,10:39:36,6257,矽格,動能股 / 先看資金,⚪ 候選 / 觀察,觀察,追蹤中,盤中背景暫估,背景追蹤中,2026-06-15 10:39:36,224.75,222.25,-1.11,-1.11,0,-1.11,0,-1.11,50.0,30.0,64.3,56.4,2.7,47.8,221.50,218.18,227.50,226.25,1.83,上市成交金額排行,GitHub Actions background v2.15.4,⚪ 候選 / 觀察
2026-06-15_1714,2026-06-15,10:39:36,1714,和桐,動能股 / 先看資金,⚪ 無有效報價,觀察,弱勢/回撤,盤中背景暫估,背景追蹤中,2026-06-15 10:39:36,0,0,0,0,0,0,0,0,50.0,30.0,55.0,0,0,24.2,0.00,0.00,0.00,0.00,0,上市成交金額排行,GitHub Actions background v2.15.4,⚪ 無有效報價
2026-06-15_3006,2026-06-15,10:39:36,3006,晶豪科,動能股 / 先看資金,⚪ 候選 / 觀察,觀察,有效/上漲,盤中背景暫估,背景追蹤中,2026-06-15 10:39:36,226.0,223.75,-1.0,-1.0,0,-1.0,0,-1.0,50.0,30.0,48.8,67.4,24.9,50.7,220.39,217.08,227.50,227.78,2.98,上市成交金額排行,GitHub Actions background v2.15.4,👀 前兆出現 → ⚪ 候選 / 觀察
2026-06-15_3026,2026-06-15,10:39:36,3026,禾伸堂,動能股 / 先看資金,⚪ 無有效報價,觀察,弱勢/回撤,盤中背景暫估,背景追蹤中,2026-06-15 10:39:36,0,0,0,0,0,0,0,0,50.0,30.0,55.0,0,0,24.2,0.00,0.00,0.00,0.00,0,上市成交金額排行,GitHub Actions background v2.15.4,⚪ 無有效報價
2026-06-15_6443,2026-06-15,10:39:36,6443,元晶,動能股 / 先看資金,⚪ 候選 / 觀察,觀察,追蹤中,盤中背景暫估,背景追蹤中,2026-06-15 10:39:36,42.35,42.23,-0.28,-0.28,0.07,-0.28,0.07,-0.28,50.0,30.0,52.7,59.6,9.2,46.1,41.60,40.98,43.70,42.99,2.96,上市成交金額排行,GitHub Actions background v2.15.4,⚪ 候選 / 觀察
2026-06-15_6282,2026-06-15,10:39:36,6282,康舒,動能股 / 先看資金,👀 前兆出現,等低吸,有效/上漲,盤中背景暫估,背景追蹤中,2026-06-15 10:39:36,59.25,60.0,1.27,1.27,1.27,0,1.27,0,50.0,30.0,48.5,68.1,26.2,51.0,59.10,58.21,60.48,61.08,2.98,上市成交金額排行,GitHub Actions background v2.15.4,⚪ 候選 / 觀察 → 👀 前兆出現
2026-06-15_6691,2026-06-15,10:39:36,6691,洋基工程,動能股 / 先看資金,⚪ 無有效報價,觀察,弱勢/回撤,盤中背景暫估,背景追蹤中,2026-06-15 10:39:36,0,0,0,0,0,0,0,0,50.0,30.0,55.0,0,0,24.2,0.00,0.00,0.00,0.00,0,上市成交金額排行,GitHub Actions background v2.15.4,⚪ 無有效報價
2026-06-15_6446,2026-06-15,10:39:36,6446,藥華藥,動能股 / 先看資金,⚪ 候選 / 觀察,觀察,追蹤中,盤中背景暫估,背景追蹤中,2026-06-15 10:39:36,963.0,963.0,0.0,0.0,0.05,0,0.05,0,50.0,30.0,62.0,50.9,11.8,46.9,956.00,941.66,976.00,980.33,2.22,上市成交金額排行,GitHub Actions background v2.15.4,⚪ 候選 / 觀察
2026-06-15_1519,2026-06-15,10:39:36,1519,華城,動能股 / 先看資金,⚪ 候選 / 觀察,觀察,追蹤中,盤中背景暫估,背景追蹤中,2026-06-15 10:39:36,804.5,798.0,-0.81,-0.81,0,-0.99,0,-0.99,50.0,30.0,63.2,48.5,7.0,45.5,794.00,782.09,815.00,812.36,1.99,上市成交金額排行,GitHub Actions background v2.15.4,⚪ 候選 / 觀察
2026-06-15_2492,2026-06-15,10:39:36,2492,華新科,動能股 / 先看資金,🔴 接近漲停 / 不追,不可追,接近漲停/大漲,盤中背景暫估,背景追蹤中,2026-06-15 10:39:36,449.5,449.5,0.0,0.0,0,0,0,0,50.0,30.0,45.2,94.6,100,73.9,445.00,438.32,453.10,457.59,2.49,上市成交金額排行,GitHub Actions background v2.15.4,🔴 接近漲停 / 不追
2026-06-15_009816,2026-06-15,10:39:36,009816,凱基台灣TOP50,ETF / 市場動能,⚪ 候選 / 觀察,觀察,有效/上漲,盤中背景暫估,背景追蹤中,2026-06-15 10:39:36,15.4,15.34,-0.39,-0.39,0,-0.39,0,-0.39,50.0,30.0,59.1,66.8,38.6,56.8,15.26,15.03,15.46,15.62,2.02,上市成交金額排行,GitHub Actions background v2.15.4,👀 前兆出現 → ⚪ 候選 / 觀察
2026-06-15_2884,2026-06-15,10:39:36,2884,玉山金,動能股 / 先看資金,⚪ 候選 / 觀察,觀察,追蹤中,盤中背景暫估,背景追蹤中,2026-06-15 10:39:36,34.77,34.7,-0.2,-0.2,0,-0.43,0,-0.43,50.0,30.0,63.0,59.1,23.2,52.3,34.40,33.88,34.98,35.32,2.36,上市成交金額排行,GitHub Actions background v2.15.4,⚪ 候選 / 觀察
2026-06-15_00878,2026-06-15,10:39:36,00878,國泰永續高股息,ETF / 市場動能,⚪ 候選 / 觀察,觀察,追蹤中,盤中背景暫估,背景追蹤中,2026-06-15 10:39:36,32.78,32.72,-0.18,-0.18,0,-0.24,0,-0.24,50.0,30.0,60.8,63.4,16.7,51.8,32.56,32.07,33.01,33.31,1.99,上市成交金額排行,GitHub Actions background v2.15.4,⚪ 候選 / 觀察
2026-06-15_2375,2026-06-15,10:39:36,2375,凱美,動能股 / 先看資金,⚪ 無有效報價,觀察,弱勢/回撤,盤中背景暫估,背景追蹤中,2026-06-15 10:39:36,189.5,0,-100.0,-100.0,0,-100.0,0,-100.0,50.0,30.0,55.0,0,0,24.2,0.00,0.00,0.00,0.00,0,上市成交金額排行,GitHub Actions background v2.15.4,⚪ 無有效報價 → 🔴 接近漲停 / 不追
2026-06-15_2486,2026-06-15,10:39:36,2486,一詮,動能股 / 先看資金,⚪ 候選 / 觀察,觀察,追蹤中,盤中背景暫估,背景追蹤中,2026-06-15 10:39:36,256.75,252.75,-1.56,-1.56,0,-1.56,0,-1.56,50.0,30.0,64.0,57.0,4.0,48.1,252.50,248.71,266.50,257.30,1.6,上市成交金額排行,GitHub Actions background v2.15.4,⚪ 候選 / 觀察
2026-06-15_8028,2026-06-15,10:39:36,8028,昇陽半導體,動能股 / 先看資金,⚪ 候選 / 觀察,觀察,追蹤中,盤中背景暫估,背景追蹤中,2026-06-15 10:39:36,318.0,315.5,-0.79,-0.79,0,-0.79,0,-0.79,50.0,30.0,64.7,55.6,1.3,47.4,315.00,310.27,327.50,321.18,1.66,上市成交金額排行,GitHub Actions background v2.15.4,⚪ 候選 / 觀察
2026-06-15_2610,2026-06-15,10:39:36,2610,華航,動能股 / 先看資金,⚪ 候選 / 觀察,觀察,有效/上漲,盤中背景暫估,背景追蹤中,2026-06-15 10:39:36,21.12,21.58,2.18,2.18,2.18,0,2.18,0,50.0,30.0,43.4,78.1,46.2,56.8,21.26,20.94,21.75,21.97,2.97,上市成交金額排行,GitHub Actions background v2.15.4,👀 前兆出現 → ⚪ 候選 / 觀察
2026-06-15_3376,2026-06-15,10:39:36,3376,新日興,動能股 / 先看資金,⚪ 候選 / 觀察,觀察,追蹤中,盤中背景暫估,背景追蹤中,2026-06-15 10:39:36,202.75,203.75,0.49,0.49,0.49,-0.62,0.49,-0.62,50.0,30.0,51.8,61.5,13.0,47.2,201.00,197.98,206.00,207.42,2.83,上市成交金額排行,GitHub Actions background v2.15.4,⚪ 候選 / 觀察
2026-06-15_2609,2026-06-15,10:39:36,2609,陽明,動能股 / 先看資金,⏳ 到價等確認,嚴格小量等待確認,追蹤中,盤中背景暫估,背景追蹤中,2026-06-15 10:39:36,52.05,52.05,0.0,0.0,0,-0.19,0,-0.19,50.0,30.0,65.0,52.3,0,46.1,51.70,50.92,53.70,52.99,2.17,上市成交金額排行,GitHub Actions background v2.15.4,⏳ 到價等確認
2026-06-15_2464,2026-06-15,10:39:36,2464,盟立,動能股 / 先看資金,⚪ 無有效報價,觀察,弱勢/回撤,盤中背景暫估,背景追蹤中,2026-06-15 10:39:36,0,0,0,0,0,0,0,0,50.0,30.0,55.0,0,0,24.2,0.00,0.00,0.00,0.00,0,上市成交金額排行,GitHub Actions background v2.15.4,⚪ 無有效報價
2026-06-15_6442,2026-06-15,10:39:36,6442,光聖,動能股 / 先看資金,⚪ 候選 / 觀察,觀察,有效/上漲,盤中背景暫估,背景追蹤中,2026-06-15 10:39:36,1925.0,1925.0,0.0,0.0,0.26,0,0.26,0,50.0,30.0,47.5,60.1,30.2,48.7,1896.12,1867.68,1945.00,1959.65,2.98,上市成交金額排行,GitHub Actions background v2.15.4,⚪ 候選 / 觀察
2026-06-15_4916,2026-06-15,10:39:36,4916,事欣科,動能股 / 先看資金,⏳ 到價等確認,嚴格小量等待確認,弱勢/回撤,盤中背景暫估,背景追蹤中,2026-06-15 10:39:36,102.75,102.25,-0.49,-0.49,0.24,-0.49,0.24,-0.49,50.0,30.0,65.0,35.5,0,40.2,102.00,100.47,108.00,104.09,1.74,上市成交金額排行,GitHub Actions background v2.15.4,⏳ 到價等確認
2026-06-15_6197,2026-06-15,10:39:36,6197,佳必琪,動能股 / 先看資金,⚪ 候選 / 觀察,觀察,有效/上漲,盤中背景暫估,背景追蹤中,2026-06-15 10:39:36,338.5,336.75,-0.52,-0.52,0,-0.52,0,-0.52,50.0,30.0,49.4,66.3,22.6,50.0,331.70,326.72,342.00,342.81,2.98,上市成交金額排行,GitHub Actions background v2.15.4,⚪ 候選 / 觀察
2026-06-15_2353,2026-06-15,10:39:36,2353,宏碁,動能股 / 先看資金,⚪ 候選 / 觀察,觀察,有效/上漲,盤中背景暫估,背景追蹤中,2026-06-15 10:39:36,39.12,38.73,-1.0,-1.0,0.59,-1.0,0.59,-1.0,50.0,30.0,43.9,77.1,44.2,56.2,38.15,37.58,39.40,39.43,2.97,上市成交金額排行,GitHub Actions background v2.15.4,🔴 已過熱 / 等回測 → ⚪ 候選 / 觀察
2026-06-15_2886,2026-06-15,10:39:36,2886,兆豐金,動能股 / 先看資金,⚪ 候選 / 觀察,觀察,追蹤中,盤中背景暫估,背景追蹤中,2026-06-15 10:39:36,44.52,44.23,-0.65,-0.65,0,-0.79,0,-0.79,50.0,30.0,51.2,62.6,15.3,47.9,43.57,42.92,44.95,45.03,2.96,上市成交金額排行,GitHub Actions background v2.15.4,⚪ 候選 / 觀察
2026-06-15_2451,2026-06-15,10:39:36,2451,創見,動能股 / 先看資金,⚪ 候選 / 觀察,觀察,有效/上漲,盤中背景暫估,背景追蹤中,2026-06-15 10:39:36,315.25,314.75,-0.16,-0.16,0,-0.63,0,-0.63,50.0,30.0,48.9,67.1,39.2,53.5,310.03,305.38,317.27,320.42,2.98,上市成交金額排行,GitHub Actions background v2.15.4,⚪ 候選 / 觀察
2026-06-15_6706,2026-06-15,10:39:36,6706,惠特,動能股 / 先看資金,⏳ 到價等確認,嚴格小量等待確認,追蹤中,盤中背景暫估,背景追蹤中,2026-06-15 10:39:36,167.25,166.75,-0.3,-0.3,0.15,-0.3,0.15,-0.3,50.0,30.0,65.0,54.4,0,46.8,165.50,163.02,172.00,169.75,2.24,上市成交金額排行,GitHub Actions background v2.15.4,⚪ 候選 / 觀察 → ⏳ 到價等確認
2026-06-15_3706,2026-06-15,10:39:36,3706,神達,動能股 / 先看資金,⚪ 候選 / 觀察,觀察,追蹤中,盤中背景暫估,背景追蹤中,2026-06-15 10:39:36,85.85,86.05,0.23,0.23,0.23,0,0.23,0,50.0,30.0,63.7,57.6,5.1,48.5,85.30,84.02,87.40,87.60,2.36,上市成交金額排行,GitHub Actions background v2.15.4,⚪ 候選 / 觀察
2026-06-15_2426,2026-06-15,10:39:36,2426,鼎元,動能股 / 先看資金,⚪ 無有效報價,觀察,弱勢/回撤,盤中背景暫估,背景追蹤中,2026-06-15 10:39:36,74.8,0,-100.0,-100.0,0,-100.0,0,-100.0,50.0,30.0,55.0,0,0,24.2,0.00,0.00,0.00,0.00,0,上市成交金額排行,GitHub Actions background v2.15.4,⚪ 無有效報價 → 🔴 接近漲停 / 不追
2026-06-15_3533,2026-06-15,10:39:36,3533,嘉澤,動能股 / 先看資金,⚪ 候選 / 觀察,觀察,有效/上漲,盤中背景暫估,背景追蹤中,2026-06-15 10:39:36,2342.5,2315.0,-1.17,-1.17,0,-1.17,0,-1.17,50.0,30.0,48.3,58.4,26.8,47.7,2285.00,2250.72,2365.00,2356.67,2.78,上市成交金額排行,GitHub Actions background v2.15.4,⚪ 候選 / 觀察
2026-06-15_2892,2026-06-15,10:39:36,2892,第一金,中大型資金股,⚪ 候選 / 觀察,觀察,追蹤中,盤中背景暫估,背景追蹤中,2026-06-15 10:39:36,31.38,31.23,-0.48,-0.48,0,-0.48,0,-0.48,50.0,30.0,63.5,58.0,5.9,48.7,31.05,30.58,31.65,31.79,2.08,上市成交金額排行,GitHub Actions background v2.15.4,⚪ 候選 / 觀察
2026-06-15_6409,2026-06-15,10:39:36,6409,旭隼,動能股 / 先看資金,⚪ 候選 / 觀察,觀察,追蹤中,盤中背景暫估,背景追蹤中,2026-06-15 10:39:36,956.0,948.5,-0.78,-0.78,0,-0.94,0,-0.94,50.0,30.0,61.0,53.0,15.9,48.1,943.00,928.86,982.00,965.57,2.07,上市成交金額排行,GitHub Actions background v2.15.4,⚪ 候選 / 觀察
2026-06-15_2885,2026-06-15,10:39:36,2885,元大金,動能股 / 先看資金,⚪ 候選 / 觀察,觀察,追蹤中,盤中背景暫估,背景追蹤中,2026-06-15 10:39:36,65.55,65.1,-0.69,-0.69,0,-0.76,0,-0.76,50.0,30.0,61.2,62.5,15.0,51.3,64.80,63.83,66.00,66.27,1.95,上市成交金額排行,GitHub Actions background v2.15.4,⚪ 候選 / 觀察
2026-06-15_2312,2026-06-15,10:39:36,2312,金寶,動能股 / 先看資金,⚪ 候選 / 觀察,觀察,有效/上漲,盤中背景暫估,背景追蹤中,2026-06-15 10:39:36,35.98,35.98,0.0,0.0,0,-0.28,0,-0.28,50.0,30.0,49.1,66.8,23.6,50.3,35.50,34.97,36.60,36.63,2.81,上市成交金額排行,GitHub Actions background v2.15.4,⚪ 候選 / 觀察
2026-06-15_3576,2026-06-15,10:39:36,3576,聯合再生,動能股 / 先看資金,🔴 已過熱 / 等回測,不可追,有效/上漲,盤中背景暫估,背景追蹤中,2026-06-15 10:39:36,21.3,21.38,0.38,0.38,0.38,-0.14,0.38,-0.14,50.0,30.0,39.0,86.9,83.8,65.9,21.06,20.74,21.75,21.76,2.99,上市成交金額排行,GitHub Actions background v2.15.4,🔴 已過熱 / 等回測
2026-06-15_2542,2026-06-15,10:39:36,2542,興富發,動能股 / 先看資金,⏳ 到價等確認,嚴格小量等待確認,追蹤中,盤中背景暫估,背景追蹤中,2026-06-15 10:39:36,44.52,44.75,0.52,0.52,0.52,-0.22,0.52,-0.22,50.0,30.0,65.0,53.2,0,46.4,44.30,43.64,45.35,45.56,2.48,上市成交金額排行,GitHub Actions background v2.15.4,⏳ 到價等確認
2026-06-15_2413,2026-06-15,10:39:36,2413,環科,動能股 / 先看資金,⚪ 候選 / 觀察,觀察,有效/上漲,盤中背景暫估,背景追蹤中,2026-06-15 10:39:36,66.5,64.85,-2.48,-2.48,0,-2.48,0,-2.48,50.0,30.0,43.1,78.8,47.7,57.2,63.88,62.92,67.30,66.02,2.98,上市成交金額排行,GitHub Actions background v2.15.4,🔴 已過熱 / 等回測 → ⚪ 候選 / 觀察
2026-06-15_6781,2026-06-15,10:39:36,6781,AES-KY,動能股 / 先看資金,⚪ 候選 / 觀察,觀察,追蹤中,盤中背景暫估,背景追蹤中,2026-06-15 10:39:36,1167.5,1167.5,0.0,0.0,0,0,0,0,50.0,30.0,61.1,52.9,15.8,48.0,1160.00,1142.60,1180.00,1188.52,2.13,上市成交金額排行,GitHub Actions background v2.15.4,⚪ 候選 / 觀察
2026-06-15_2880,2026-06-15,10:39:36,2880,華南金,動能股 / 先看資金,⚪ 候選 / 觀察,觀察,追蹤中,盤中背景暫估,背景追蹤中,2026-06-15 10:39:36,37.12,36.75,-1.0,-1.0,0,-1.62,0,-1.62,50.0,30.0,50.8,63.3,16.6,48.3,36.20,35.66,37.50,37.41,2.97,上市成交金額排行,GitHub Actions background v2.15.4,⚪ 候選 / 觀察
2026-06-15_6271,2026-06-15,10:39:36,6271,同欣電,動能股 / 先看資金,⚪ 候選 / 觀察,觀察,追蹤中,盤中背景暫估,背景追蹤中,2026-06-15 10:39:36,247.25,243.25,-1.62,-1.62,0,-1.62,0,-1.62,50.0,30.0,61.0,63.0,15.9,51.6,240.50,236.89,255.00,247.63,2.61,上市成交金額排行,GitHub Actions background v2.15.4,👀 前兆出現 → ⚪ 候選 / 觀察
2026-06-15_3045,2026-06-15,10:39:36,3045,台灣大,動能股 / 先看資金,⏳ 到價等確認,嚴格小量等待確認,追蹤中,盤中背景暫估,背景追蹤中,2026-06-15 10:39:36,119.75,119.25,-0.42,-0.42,0,-0.42,0,-0.42,50.0,30.0,65.0,54.2,0,46.7,119.00,117.22,120.50,121.40,1.7,上市成交金額排行,GitHub Actions background v2.15.4,⚪ 候選 / 觀察 → ⏳ 到價等確認
2026-06-15_00830,2026-06-15,10:39:36,00830,國泰費城半導體,ETF / 市場動能,⚪ 候選 / 觀察,觀察,有效/上漲,盤中背景暫估,背景追蹤中,2026-06-15 10:39:36,97.53,97.47,-0.06,-0.06,0,-0.22,0,-0.22,50.0,30.0,55.0,74.9,54.8,61.5,96.55,95.10,98.25,99.22,2.43,上市成交金額排行,GitHub Actions background v2.15.4,⚪ 候選 / 觀察
2026-06-15_2412,2026-06-15,10:39:36,2412,中華電,動能股 / 先看資金,⏳ 到價等確認,嚴格小量等待確認,追蹤中,盤中背景暫估,背景追蹤中,2026-06-15 10:39:36,144.75,144.75,0.0,0.0,0,0,0,0,50.0,30.0,65.0,54.3,0,46.8,144.00,141.84,146.00,147.36,2.01,上市成交金額排行,GitHub Actions background v2.15.4,⏳ 到價等確認
2026-06-15_2472,2026-06-15,10:39:36,2472,立隆電,動能股 / 先看資金,🔴 已過熱 / 等回測,不可追,有效/上漲,盤中背景暫估,背景追蹤中,2026-06-15 10:39:36,399.75,398.5,-0.31,-0.31,0.25,-0.31,0.25,-0.31,50.0,30.0,40.5,84.1,78.2,64.2,392.52,386.63,406.00,405.67,2.98,上市成交金額排行,GitHub Actions background v2.15.4,🔴 已過熱 / 等回測
2026-06-15_6789,2026-06-15,10:39:36,6789,采鈺,動能股 / 先看資金,⚪ 候選 / 觀察,觀察,追蹤中,盤中背景暫估,背景追蹤中,2026-06-15 10:39:36,488.25,488.75,0.1,0.1,0.46,0,0.46,0,50.0,30.0,62.0,51.0,12.1,47.0,487.00,479.69,497.50,497.55,1.85,上市成交金額排行,GitHub Actions background v2.15.4,⚪ 候選 / 觀察
2026-06-15_5269,2026-06-15,10:39:36,5269,祥碩,動能股 / 先看資金,⚪ 候選 / 觀察,觀察,追蹤中,盤中背景暫估,背景追蹤中,2026-06-15 10:39:36,1397.5,1387.5,-0.72,-0.72,0,-0.72,0,-0.72,50.0,30.0,63.2,48.6,7.3,45.6,1380.00,1359.30,1415.00,1412.47,2.03,上市成交金額排行,GitHub Actions background v2.15.4,⚪ 候選 / 觀察
2026-06-15_5871,2026-06-15,10:39:36,5871,中租-KY,動能股 / 先看資金,⏳ 到價等確認,嚴格小量等待確認,追蹤中,盤中背景暫估,背景追蹤中,2026-06-15 10:39:36,118.75,119.25,0.42,0.42,0.42,0,0.42,0,50.0,30.0,65.0,47.6,0,44.4,118.00,116.23,122.50,121.40,2.53,上市成交金額排行,GitHub Actions background v2.15.4,⏳ 到價等確認
2026-06-15_2207,2026-06-15,10:39:36,2207,和泰車,動能股 / 先看資金,⚪ 候選 / 觀察,觀察,追蹤中,盤中背景暫估,背景追蹤中,2026-06-15 10:39:36,464.5,464.75,0.05,0.05,0.05,-0.22,0.05,-0.22,50.0,30.0,63.4,48.2,6.5,45.4,461.00,454.08,473.00,473.12,2.3,上市成交金額排行,GitHub Actions background v2.15.4,⚪ 候選 / 觀察
2026-06-15_0052,2026-06-15,10:39:36,0052,富邦科技,ETF / 市場動能,⚪ 候選 / 觀察,觀察,有效/上漲,盤中背景暫估,背景追蹤中,2026-06-15 10:39:36,61.42,61.33,-0.15,-0.15,0,-0.24,0,-0.24,50.0,30.0,59.2,66.6,38.2,56.7,60.90,59.99,61.82,62.43,2.18,上市成交金額排行,GitHub Actions background v2.15.4,⚪ 候選 / 觀察
2026-06-15_3044,2026-06-15,10:39:36,3044,健鼎,動能股 / 先看資金,⚪ 候選 / 觀察,觀察,追蹤中,盤中背景暫估,背景追蹤中,2026-06-15 10:39:36,506.5,501.5,-0.99,-0.99,0,-0.99,0,-0.99,50.0,30.0,63.2,48.6,7.3,45.6,501.00,493.49,510.00,510.53,1.6,上市成交金額排行,GitHub Actions background v2.15.4,⚪ 候選 / 觀察
2026-06-15_6209,2026-06-15,10:39:36,6209,今國光,動能股 / 先看資金,⚪ 候選 / 觀察,觀察,有效/上漲,盤中背景暫估,背景追蹤中,2026-06-15 10:39:36,85.75,86.85,1.28,1.28,2.22,0,2.22,0,50.0,30.0,44.2,76.6,43.2,55.9,85.55,84.27,89.60,88.41,2.97,上市成交金額排行,GitHub Actions background v2.15.4,👀 前兆出現 → 🔴 已過熱 / 等回測 → ⚪ 候選 / 觀察
2026-06-15_00910,2026-06-15,10:39:36,00910,第一金太空衛星,ETF / 市場動能,⏳ 到價等確認,嚴格小量等待確認,弱勢/回撤,盤中背景暫估,背景追蹤中,2026-06-15 10:39:36,69.57,69.62,0.07,0.07,0.07,-0.06,0.07,-0.06,50.0,30.0,65.0,25.1,0,36.5,69.25,68.21,70.18,70.87,2.03,上市成交金額排行,GitHub Actions background v2.15.4,⏳ 到價等確認
2026-06-15_7788,2026-06-15,10:39:36,7788,松川精密,動能股 / 先看資金,⚪ 候選 / 觀察,觀察,有效/上漲,盤中背景暫估,背景追蹤中,2026-06-15 10:39:36,273.75,273.75,0.0,0.0,0.18,0,0.18,0,50.0,30.0,49.2,56.6,23.3,46.7,269.64,265.60,285.00,278.68,2.98,上市成交金額排行,GitHub Actions background v2.15.4,⚪ 候選 / 觀察
2026-06-15_4904,2026-06-15,10:39:36,4904,遠傳,動能股 / 先看資金,⚪ 候選 / 觀察,觀察,追蹤中,盤中背景暫估,背景追蹤中,2026-06-15 10:39:36,110.0,109.75,-0.23,-0.23,0,-0.68,0,-0.68,50.0,30.0,63.6,57.8,5.5,48.6,109.00,107.36,112.00,111.73,2.18,上市成交金額排行,GitHub Actions background v2.15.4,⚪ 候選 / 觀察
2026-06-15_1513,2026-06-15,10:39:36,1513,中興電,動能股 / 先看資金,⚪ 候選 / 觀察,觀察,追蹤中,盤中背景暫估,背景追蹤中,2026-06-15 10:39:36,170.25,170.0,-0.15,-0.15,0,-0.15,0,-0.15,50.0,30.0,61.4,62.2,14.4,51.1,169.50,166.96,171.50,173.06,1.79,上市成交金額排行,GitHub Actions background v2.15.4,⚪ 候選 / 觀察
2026-06-15_6830,2026-06-15,10:39:36,6830,汎銓,動能股 / 先看資金,⚪ 候選 / 觀察,觀察,弱勢/回撤,盤中背景暫估,背景追蹤中,2026-06-15 10:39:36,466.0,484.0,3.86,3.86,3.86,0,3.86,0,50.0,30.0,55.0,34.5,0,36.3,476.74,469.59,488.00,492.71,2.98,上市成交金額排行,GitHub Actions background v2.15.4,⚪ 候選 / 觀察
2026-06-15_2474,2026-06-15,10:39:36,2474,可成,動能股 / 先看資金,⚪ 候選 / 觀察,觀察,追蹤中,盤中背景暫估,背景追蹤中,2026-06-15 10:39:36,206.25,206.5,0.12,0.12,0.48,0,0.48,0,50.0,30.0,64.0,57.0,3.9,48.1,205.50,202.42,209.50,210.22,1.98,上市成交金額排行,GitHub Actions background v2.15.4,⚪ 候選 / 觀察
2026-06-15_2615,2026-06-15,10:39:36,2615,萬海,動能股 / 先看資金,⚪ 候選 / 觀察,觀察,追蹤中,盤中背景暫估,背景追蹤中,2026-06-15 10:39:36,84.75,84.75,0.0,0.0,0,-0.24,0,-0.24,50.0,30.0,55.0,53.8,0,43.1,83.50,82.25,87.80,86.28,2.95,上市成交金額排行,GitHub Actions background v2.15.4,⚪ 候選 / 觀察
2026-06-15_2002,2026-06-15,10:39:36,2002,中鋼,動能股 / 先看資金,⚪ 候選 / 觀察,觀察,追蹤中,盤中背景暫估,背景追蹤中,2026-06-15 10:39:36,19.08,19.12,0.21,0.21,0.21,-0.31,0.21,-0.31,50.0,30.0,62.7,59.6,9.3,49.7,18.90,18.62,19.30,19.46,2.62,上市成交金額排行,GitHub Actions background v2.15.4,⚪ 候選 / 觀察
2026-06-15_6834,2026-06-15,10:39:36,6834,天二科技,動能股 / 先看資金,🔴 接近漲停 / 不追,不可追,接近漲停/大漲,盤中背景暫估,背景追蹤中,2026-06-15 10:39:36,86.85,92.2,6.16,6.16,6.45,0,6.45,0,50.0,30.0,35.7,93.5,100,70.2,90.82,89.46,92.94,93.86,2.97,上市成交金額排行,GitHub Actions background v2.15.4,👀 前兆出現 → 🔴 接近漲停 / 不追
2026-06-15_3583,2026-06-15,10:39:36,3583,辛耘,動能股 / 先看資金,⚪ 候選 / 觀察,觀察,有效/上漲,盤中背景暫估,背景追蹤中,2026-06-15 10:39:36,823.5,827.0,0.43,0.43,0.49,0,0.49,0,50.0,30.0,59.0,57.0,23.9,50.4,819.00,806.72,833.62,841.89,2.45,上市成交金額排行,GitHub Actions background v2.15.4,⚪ 候選 / 觀察
2026-06-15_1216,2026-06-15,10:39:36,1216,統一,動能股 / 先看資金,⏳ 到價等確認,嚴格小量等待確認,追蹤中,盤中背景暫估,背景追蹤中,2026-06-15 10:39:36,76.05,76.15,0.13,0.13,0.53,0,0.53,0,50.0,30.0,65.0,53.2,0,46.4,75.60,74.47,77.70,77.52,2.21,上市成交金額排行,GitHub Actions background v2.15.4,⏳ 到價等確認
2026-06-15_00929,2026-06-15,10:39:36,00929,復華台灣科技優息,ETF / 市場動能,👀 前兆出現,等低吸,有效/上漲,盤中背景暫估,背景追蹤中,2026-06-15 10:39:36,30.51,30.57,0.2,0.2,0.33,0,0.33,0,50.0,30.0,47.8,69.4,43.7,54.8,30.20,29.75,30.81,31.12,2.68,上市成交金額排行,GitHub Actions background v2.15.4,👀 前兆出現
2026-06-15_1326,2026-06-15,10:39:36,1326,台化,動能股 / 先看資金,👀 前兆出現,等低吸,有效/上漲,盤中背景暫估,背景追蹤中,2026-06-15 10:39:36,51.6,50.95,-1.26,-1.26,0,-2.13,0,-2.13,50.0,30.0,46.2,72.6,35.3,53.6,50.19,49.44,51.80,51.87,2.96,上市成交金額排行,GitHub Actions background v2.15.4,⚪ 候選 / 觀察 → 👀 前兆出現
2026-06-15_7750,2026-06-15,10:39:36,7750,新代,動能股 / 先看資金,⏳ 到價等確認,嚴格小量等待確認,追蹤中,盤中背景暫估,背景追蹤中,2026-06-15 10:39:36,2275.0,2222.5,-2.31,-2.31,0,-2.31,0,-2.31,50.0,30.0,65.0,43.6,0,43.0,2215.00,2181.78,2315.00,2262.51,1.83,上市成交金額排行,GitHub Actions background v2.15.4,⚪ 候選 / 觀察 → ⏳ 到價等確認
2026-06-15_2485,2026-06-15,10:39:36,2485,兆赫,動能股 / 先看資金,⏳ 到價等確認,嚴格小量等待確認,追蹤中,盤中背景暫估,背景追蹤中,2026-06-15 10:39:36,64.8,64.75,-0.08,-0.08,0,-0.08,0,-0.08,50.0,30.0,65.0,54.7,0,46.9,64.50,63.53,66.60,65.92,1.88,上市成交金額排行,GitHub Actions background v2.15.4,⏳ 到價等確認
2026-06-15_00662,2026-06-15,10:39:36,00662,富邦NASDAQ,ETF / 市場動能,⚪ 候選 / 觀察,觀察,追蹤中,盤中背景暫估,背景追蹤中,2026-06-15 10:39:36,122.22,122.38,0.13,0.13,0.13,0,0.13,0,50.0,30.0,61.1,62.8,30.5,54.5,122.10,120.27,123.36,124.58,1.72,上市成交金額排行,GitHub Actions background v2.15.4,⚪ 候選 / 觀察
2026-06-15_3715,2026-06-15,10:39:36,3715,定穎投控,動能股 / 先看資金,⚪ 候選 / 觀察,觀察,追蹤中,盤中背景暫估,背景追蹤中,2026-06-15 10:39:36,169.75,170.25,0.29,0.29,0.44,0,0.44,0,50.0,30.0,60.5,64.0,18.0,52.2,168.50,165.97,173.00,173.31,2.51,上市成交金額排行,GitHub Actions background v2.15.4,⚪ 候選 / 觀察
2026-06-15_1301,2026-06-15,10:39:36,1301,台塑,動能股 / 先看資金,⚪ 候選 / 觀察,觀察,有效/上漲,盤中背景暫估,背景追蹤中,2026-06-15 10:39:36,46.48,46.48,0.0,0.0,0,-1.08,0,-1.08,50.0,30.0,49.6,65.9,36.8,52.8,45.78,45.09,46.85,47.32,2.99,上市成交金額排行,GitHub Actions background v2.15.4,⚪ 候選 / 觀察
2026-06-15_6414,2026-06-15,10:39:36,6414,樺漢,動能股 / 先看資金,⚪ 候選 / 觀察,觀察,有效/上漲,盤中背景暫估,背景追蹤中,2026-06-15 10:39:36,388.0,387.25,-0.19,-0.19,0,-0.39,0,-0.39,50.0,30.0,48.7,57.5,40.0,50.2,381.44,375.72,390.35,394.22,2.98,上市成交金額排行,GitHub Actions background v2.15.4,⚪ 候選 / 觀察
2026-06-15_8926,2026-06-15,10:39:36,8926,台汽電,動能股 / 先看資金,⏳ 到價等確認,嚴格小量等待確認,追蹤中,盤中背景暫估,背景追蹤中,2026-06-15 10:39:36,72.65,72.75,0.14,0.14,0.14,-0.28,0.14,-0.28,50.0,30.0,65.0,47.2,0,44.3,72.30,71.22,75.00,74.06,2.1,上市成交金額排行,GitHub Actions background v2.15.4,⏳ 到價等確認
